reading_id,mine_id,station_id,parameter,value,unit,configured_min,configured_max,latitude,longitude,timestamp,source,compliance_status,exceedance_pct,threshold_source,data_note
ENV-0000001,M001,ENV-ST-M001-02,PM2.5,49.66,ug/m3,,60,22.358112,82.693474,2026-09-02T06:00:00,DEMO_MONITORING_FEED,COMPLIANT,0,DEMO_CONFIGURATION,"Configured thresholds are synthetic for software testing, not legal limits"
ENV-0000002,M001,ENV-ST-M001-03,PM10,103.46,ug/m3,,100,22.344638,82.683553,2026-09-02T22:00:00,DEMO_MONITORING_FEED,EXCEEDED,3.5,DEMO_CONFIGURATION,"Configured thresholds are synthetic for software testing, not legal limits"
ENV-0000003,M001,ENV-ST-M001-01,SO2,39.42,ug/m3,,80,22.350046,82.685316,2026-09-02T06:00:00,DEMO_MONITORING_FEED,COMPLIANT,0,DEMO_CONFIGURATION,"Configured thresholds are synthetic for software testing, not legal limits"
ENV-0000004,M001,ENV-ST-M001-02,NO2,50.48,ug/m3,,80,22.348263,82.699269,2026-09-02T22:00:00,DEMO_MONITORING_FEED,COMPLIANT,0,DEMO_CONFIGURATION,"Configured thresholds are synthetic for software testing, not legal limits"
ENV-0000005,M001,ENV-ST-M001-03,CO,1.7,mg/m3,,4,22.352584,82.698553,2026-09-02T22:00:00,DEMO_MONITORING_FEED,COMPLIANT,0,DEMO_CONFIGURATION,"Configured thresholds are synthetic for software testing, not legal limits"
ENV-0000006,M001,ENV-ST-M001-01,pH,7.25,pH,6.5,8.5,22.344105,82.684087,2026-09-02T22:00:00,DEMO_MONITORING_FEED,COMPLIANT,0,DEMO_CONFIGURATION,"Configured thresholds are synthetic for software testing, not legal limits"
ENV-0000007,M001,ENV-ST-M001-01,TSS,85.51,mg/L,,100,22.346334,82.691877,2026-09-02T06:00:00,DEMO_MONITORING_FEED,COMPLIANT,0,DEMO_CONFIGURATION,"Configured thresholds are synthetic for software testing, not legal limits"
ENV-0000008,M001,ENV-ST-M001-01,TDS,838.65,mg/L,,2100,22.355888,82.691086,2026-09-02T06:00:00,DEMO_MONITORING_FEED,COMPLIANT,0,DEMO_CONFIGURATION,"Configured thresholds are synthetic for software testing, not legal limits"
ENV-0000009,M001,ENV-ST-M001-01,COD,109.17,mg/L,,250,22.350057,82.698424,2026-09-02T14:00:00,DEMO_MONITORING_FEED,COMPLIANT,0,DEMO_CONFIGURATION,"Configured thresholds are synthetic for software testing, not legal limits"
ENV-0000010,M001,ENV-ST-M001-03,BOD,12.83,mg/L,,30,22.352679,82.685531,2026-09-02T14:00:00,DEMO_MONITORING_FEED,COMPLIANT,0,DEMO_CONFIGURATION,"Configured thresholds are synthetic for software testing, not legal limits"
ENV-0000011,M001,ENV-ST-M001-03,Oil_Grease,4.09,mg/L,,10,22.355217,82.687813,2026-09-02T22:00:00,DEMO_MONITORING_FEED,COMPLIANT,0,DEMO_CONFIGURATION,"Configured thresholds are synthetic for software testing, not legal limits"
ENV-0000012,M001,ENV-ST-M001-02,Noise,95.16,dB(A),,85,22.349697,82.696551,2026-09-02T22:00:00,DEMO_MONITORING_FEED,EXCEEDED,12.0,DEMO_CONFIGURATION,"Configured thresholds are synthetic for software testing, not legal limits"
ENV-0000013,M001,ENV-ST-M001-01,PM2.5,51.19,ug/m3,,60,22.342191,82.683828,2026-08-30T22:00:00,DEMO_MONITORING_FEED,COMPLIANT,0,DEMO_CONFIGURATION,"Configured thresholds are synthetic for software testing, not legal limits"
ENV-0000014,M001,ENV-ST-M001-02,PM10,109.18,ug/m3,,100,22.343571,82.686499,2026-08-30T14:00:00,DEMO_MONITORING_FEED,EXCEEDED,9.2,DEMO_CONFIGURATION,"Configured thresholds are synthetic for software testing, not legal limits"
ENV-0000015,M001,ENV-ST-M001-01,SO2,33.57,ug/m3,,80,22.348259,82.686391,2026-08-30T22:00:00,DEMO_MONITORING_FEED,COMPLIANT,0,DEMO_CONFIGURATION,"Configured thresholds are synthetic for software testing, not legal limits"
ENV-0000016,M001,ENV-ST-M001-01,NO2,59.64,ug/m3,,80,22.343677,82.68115,2026-08-30T14:00:00,DEMO_MONITORING_FEED,COMPLIANT,0,DEMO_CONFIGURATION,"Configured thresholds are synthetic for software testing, not legal limits"
ENV-0000017,M001,ENV-ST-M001-02,CO,2.11,mg/m3,,4,22.353546,82.683563,2026-08-30T14:00:00,DEMO_MONITORING_FEED,COMPLIANT,0,DEMO_CONFIGURATION,"Configured thresholds are synthetic for software testing, not legal limits"
ENV-0000018,M001,ENV-ST-M001-03,pH,6.44,pH,6.5,8.5,22.357075,82.699863,2026-08-30T22:00:00,DEMO_MONITORING_FEED,EXCEEDED,3.0,DEMO_CONFIGURATION,"Configured thresholds are synthetic for software testing, not legal limits"
ENV-0000019,M001,ENV-ST-M001-01,TSS,88.08,mg/L,,100,22.349747,82.68592,2026-08-30T14:00:00,DEMO_MONITORING_FEED,COMPLIANT,0,DEMO_CONFIGURATION,"Configured thresholds are synthetic for software testing, not legal limits"
ENV-0000020,M001,ENV-ST-M001-01,TDS,1545.28,mg/L,,2100,22.346052,82.699751,2026-08-30T14:00:00,DEMO_MONITORING_FEED,COMPLIANT,0,DEMO_CONFIGURATION,"Configured thresholds are synthetic for software testing, not legal limits"
ENV-0000021,M001,ENV-ST-M001-02,COD,138.33,mg/L,,250,22.346912,82.686114,2026-08-30T14:00:00,DEMO_MONITORING_FEED,COMPLIANT,0,DEMO_CONFIGURATION,"Configured thresholds are synthetic for software testing, not legal limits"
ENV-0000022,M001,ENV-ST-M001-01,BOD,20.87,mg/L,,30,22.348822,82.68014,2026-08-30T22:00:00,DEMO_MONITORING_FEED,COMPLIANT,0,DEMO_CONFIGURATION,"Configured thresholds are synthetic for software testing, not legal limits"
ENV-0000023,M001,ENV-ST-M001-03,Oil_Grease,6.98,mg/L,,10,22.35665,82.695006,2026-08-30T06:00:00,DEMO_MONITORING_FEED,COMPLIANT,0,DEMO_CONFIGURATION,"Configured thresholds are synthetic for software testing, not legal limits"
ENV-0000024,M001,ENV-ST-M001-03,Noise,91.03,dB(A),,85,22.353051,82.691462,2026-08-30T06:00:00,DEMO_MONITORING_FEED,EXCEEDED,7.1,DEMO_CONFIGURATION,"Configured thresholds are synthetic for software testing, not legal limits"
ENV-0000025,M001,ENV-ST-M001-03,PM2.5,70.66,ug/m3,,60,22.345275,82.683375,2026-08-27T14:00:00,DEMO_MONITORING_FEED,EXCEEDED,17.8,DEMO_CONFIGURATION,"Configured thresholds are synthetic for software testing, not legal limits"
ENV-0000026,M001,ENV-ST-M001-02,PM10,157.57,ug/m3,,100,22.342979,82.683187,2026-08-27T22:00:00,DEMO_MONITORING_FEED,EXCEEDED,57.6,DEMO_CONFIGURATION,"Configured thresholds are synthetic for software testing, not legal limits"
ENV-0000027,M001,ENV-ST-M001-03,SO2,37.82,ug/m3,,80,22.349991,82.681637,2026-08-27T22:00:00,DEMO_MONITORING_FEED,COMPLIANT,0,DEMO_CONFIGURATION,"Configured thresholds are synthetic for software testing, not legal limits"
ENV-0000028,M001,ENV-ST-M001-01,NO2,59.78,ug/m3,,80,22.352215,82.694525,2026-08-27T14:00:00,DEMO_MONITORING_FEED,COMPLIANT,0,DEMO_CONFIGURATION,"Configured thresholds are synthetic for software testing, not legal limits"
ENV-0000029,M001,ENV-ST-M001-02,CO,0.7,mg/m3,,4,22.352094,82.694237,2026-08-27T22:00:00,DEMO_MONITORING_FEED,COMPLIANT,0,DEMO_CONFIGURATION,"Configured thresholds are synthetic for software testing, not legal limits"
ENV-0000030,M001,ENV-ST-M001-02,pH,9.1,pH,6.5,8.5,22.352939,82.685802,2026-08-27T14:00:00,DEMO_MONITORING_FEED,EXCEEDED,30.0,DEMO_CONFIGURATION,"Configured thresholds are synthetic for software testing, not legal limits"
ENV-0000031,M001,ENV-ST-M001-01,TSS,83.91,mg/L,,100,22.350219,82.687129,2026-08-27T14:00:00,DEMO_MONITORING_FEED,COMPLIANT,0,DEMO_CONFIGURATION,"Configured thresholds are synthetic for software testing, not legal limits"
ENV-0000032,M001,ENV-ST-M001-02,TDS,1351.9,mg/L,,2100,22.343791,82.693361,2026-08-27T06:00:00,DEMO_MONITORING_FEED,COMPLIANT,0,DEMO_CONFIGURATION,"Configured thresholds are synthetic for software testing, not legal limits"
ENV-0000033,M001,ENV-ST-M001-02,COD,211.72,mg/L,,250,22.3536,82.688106,2026-08-27T06:00:00,DEMO_MONITORING_FEED,COMPLIANT,0,DEMO_CONFIGURATION,"Configured thresholds are synthetic for software testing, not legal limits"
ENV-0000034,M001,ENV-ST-M001-03,BOD,22.03,mg/L,,30,22.349685,82.691799,2026-08-27T14:00:00,DEMO_MONITORING_FEED,COMPLIANT,0,DEMO_CONFIGURATION,"Configured thresholds are synthetic for software testing, not legal limits"
ENV-0000035,M001,ENV-ST-M001-02,Oil_Grease,4.39,mg/L,,10,22.357649,82.690137,2026-08-27T14:00:00,DEMO_MONITORING_FEED,COMPLIANT,0,DEMO_CONFIGURATION,"Configured thresholds are synthetic for software testing, not legal limits"
ENV-0000036,M001,ENV-ST-M001-03,Noise,83.68,dB(A),,85,22.359096,82.688326,2026-08-27T06:00:00,DEMO_MONITORING_FEED,COMPLIANT,0,DEMO_CONFIGURATION,"Configured thresholds are synthetic for software testing, not legal limits"
ENV-0000037,M001,ENV-ST-M001-01,PM2.5,43.49,ug/m3,,60,22.34321,82.697183,2026-08-24T14:00:00,DEMO_MONITORING_FEED,COMPLIANT,0,DEMO_CONFIGURATION,"Configured thresholds are synthetic for software testing, not legal limits"
ENV-0000038,M001,ENV-ST-M001-01,PM10,91.88,ug/m3,,100,22.345443,82.683954,2026-08-24T06:00:00,DEMO_MONITORING_FEED,COMPLIANT,0,DEMO_CONFIGURATION,"Configured thresholds are synthetic for software testing, not legal limits"
ENV-0000039,M001,ENV-ST-M001-02,SO2,38.23,ug/m3,,80,22.350913,82.687461,2026-08-24T06:00:00,DEMO_MONITORING_FEED,COMPLIANT,0,DEMO_CONFIGURATION,"Configured thresholds are synthetic for software testing, not legal limits"
ENV-0000040,M001,ENV-ST-M001-01,NO2,30.77,ug/m3,,80,22.349227,82.690686,2026-08-24T14:00:00,DEMO_MONITORING_FEED,COMPLIANT,0,DEMO_CONFIGURATION,"Configured thresholds are synthetic for software testing, not legal limits"
ENV-0000041,M001,ENV-ST-M001-03,CO,1.03,mg/m3,,4,22.358711,82.688525,2026-08-24T22:00:00,DEMO_MONITORING_FEED,COMPLIANT,0,DEMO_CONFIGURATION,"Configured thresholds are synthetic for software testing, not legal limits"
ENV-0000042,M001,ENV-ST-M001-03,pH,7.4,pH,6.5,8.5,22.353718,82.686556,2026-08-24T22:00:00,DEMO_MONITORING_FEED,COMPLIANT,0,DEMO_CONFIGURATION,"Configured thresholds are synthetic for software testing, not legal limits"
ENV-0000043,M001,ENV-ST-M001-03,TSS,85.05,mg/L,,100,22.351188,82.685865,2026-08-24T22:00:00,DEMO_MONITORING_FEED,COMPLIANT,0,DEMO_CONFIGURATION,"Configured thresholds are synthetic for software testing, not legal limits"
ENV-0000044,M001,ENV-ST-M001-03,TDS,1250.74,mg/L,,2100,22.361354,82.692874,2026-08-24T14:00:00,DEMO_MONITORING_FEED,COMPLIANT,0,DEMO_CONFIGURATION,"Configured thresholds are synthetic for software testing, not legal limits"
ENV-0000045,M001,ENV-ST-M001-01,COD,154.75,mg/L,,250,22.359612,82.695815,2026-08-24T22:00:00,DEMO_MONITORING_FEED,COMPLIANT,0,DEMO_CONFIGURATION,"Configured thresholds are synthetic for software testing, not legal limits"
ENV-0000046,M001,ENV-ST-M001-02,BOD,23.12,mg/L,,30,22.356077,82.693202,2026-08-24T06:00:00,DEMO_MONITORING_FEED,COMPLIANT,0,DEMO_CONFIGURATION,"Configured thresholds are synthetic for software testing, not legal limits"
ENV-0000047,M001,ENV-ST-M001-03,Oil_Grease,7.4,mg/L,,10,22.343493,82.698123,2026-08-24T22:00:00,DEMO_MONITORING_FEED,COMPLIANT,0,DEMO_CONFIGURATION,"Configured thresholds are synthetic for software testing, not legal limits"
ENV-0000048,M001,ENV-ST-M001-01,Noise,91.45,dB(A),,85,22.352569,82.680944,2026-08-24T06:00:00,DEMO_MONITORING_FEED,EXCEEDED,7.6,DEMO_CONFIGURATION,"Configured thresholds are synthetic for software testing, not legal limits"
ENV-0000049,M001,ENV-ST-M001-01,PM2.5,53.33,ug/m3,,60,22.354461,82.682314,2026-08-21T06:00:00,DEMO_MONITORING_FEED,COMPLIANT,0,DEMO_CONFIGURATION,"Configured thresholds are synthetic for software testing, not legal limits"
ENV-0000050,M001,ENV-ST-M001-02,PM10,106.2,ug/m3,,100,22.359122,82.680478,2026-08-21T06:00:00,DEMO_MONITORING_FEED,EXCEEDED,6.2,DEMO_CONFIGURATION,"Configured thresholds are synthetic for software testing, not legal limits"
ENV-0000051,M001,ENV-ST-M001-03,SO2,43.78,ug/m3,,80,22.342643,82.699699,2026-08-21T06:00:00,DEMO_MONITORING_FEED,COMPLIANT,0,DEMO_CONFIGURATION,"Configured thresholds are synthetic for software testing, not legal limits"
ENV-0000052,M001,ENV-ST-M001-03,NO2,66.57,ug/m3,,80,22.361031,82.695804,2026-08-21T06:00:00,DEMO_MONITORING_FEED,COMPLIANT,0,DEMO_CONFIGURATION,"Configured thresholds are synthetic for software testing, not legal limits"
ENV-0000053,M001,ENV-ST-M001-01,CO,1.99,mg/m3,,4,22.349217,82.696057,2026-08-21T06:00:00,DEMO_MONITORING_FEED,COMPLIANT,0,DEMO_CONFIGURATION,"Configured thresholds are synthetic for software testing, not legal limits"
ENV-0000054,M001,ENV-ST-M001-01,pH,7.05,pH,6.5,8.5,22.344333,82.68573,2026-08-21T22:00:00,DEMO_MONITORING_FEED,COMPLIANT,0,DEMO_CONFIGURATION,"Configured thresholds are synthetic for software testing, not legal limits"
ENV-0000055,M001,ENV-ST-M001-01,TSS,70.6,mg/L,,100,22.353465,82.698087,2026-08-21T14:00:00,DEMO_MONITORING_FEED,COMPLIANT,0,DEMO_CONFIGURATION,"Configured thresholds are synthetic for software testing, not legal limits"
ENV-0000056,M001,ENV-ST-M001-01,TDS,1008.56,mg/L,,2100,22.352935,82.696479,2026-08-21T22:00:00,DEMO_MONITORING_FEED,COMPLIANT,0,DEMO_CONFIGURATION,"Configured thresholds are synthetic for software testing, not legal limits"
ENV-0000057,M001,ENV-ST-M001-03,COD,121.11,mg/L,,250,22.35129,82.685291,2026-08-21T22:00:00,DEMO_MONITORING_FEED,COMPLIANT,0,DEMO_CONFIGURATION,"Configured thresholds are synthetic for software testing, not legal limits"
ENV-0000058,M001,ENV-ST-M001-03,BOD,15.24,mg/L,,30,22.344679,82.697391,2026-08-21T06:00:00,DEMO_MONITORING_FEED,COMPLIANT,0,DEMO_CONFIGURATION,"Configured thresholds are synthetic for software testing, not legal limits"
ENV-0000059,M001,ENV-ST-M001-03,Oil_Grease,4.55,mg/L,,10,22.345261,82.697009,2026-08-21T06:00:00,DEMO_MONITORING_FEED,COMPLIANT,0,DEMO_CONFIGURATION,"Configured thresholds are synthetic for software testing, not legal limits"
ENV-0000060,M001,ENV-ST-M001-01,Noise,97.17,dB(A),,85,22.36174,82.685793,2026-08-21T06:00:00,DEMO_MONITORING_FEED,EXCEEDED,14.3,DEMO_CONFIGURATION,"Configured thresholds are synthetic for software testing, not legal limits"
ENV-0000061,M001,ENV-ST-M001-01,PM2.5,50.43,ug/m3,,60,22.355486,82.696977,2026-08-18T14:00:00,DEMO_MONITORING_FEED,COMPLIANT,0,DEMO_CONFIGURATION,"Configured thresholds are synthetic for software testing, not legal limits"
ENV-0000062,M001,ENV-ST-M001-01,PM10,89.04,ug/m3,,100,22.353021,82.689504,2026-08-18T14:00:00,DEMO_MONITORING_FEED,COMPLIANT,0,DEMO_CONFIGURATION,"Configured thresholds are synthetic for software testing, not legal limits"
ENV-0000063,M001,ENV-ST-M001-01,SO2,53.11,ug/m3,,80,22.34918,82.691259,2026-08-18T14:00:00,DEMO_MONITORING_FEED,COMPLIANT,0,DEMO_CONFIGURATION,"Configured thresholds are synthetic for software testing, not legal limits"
ENV-0000064,M001,ENV-ST-M001-02,NO2,67.38,ug/m3,,80,22.361608,82.693841,2026-08-18T14:00:00,DEMO_MONITORING_FEED,COMPLIANT,0,DEMO_CONFIGURATION,"Configured thresholds are synthetic for software testing, not legal limits"
ENV-0000065,M001,ENV-ST-M001-03,CO,1.04,mg/m3,,4,22.358811,82.682589,2026-08-18T22:00:00,DEMO_MONITORING_FEED,COMPLIANT,0,DEMO_CONFIGURATION,"Configured thresholds are synthetic for software testing, not legal limits"
ENV-0000066,M001,ENV-ST-M001-03,pH,6.27,pH,6.5,8.5,22.356987,82.68807,2026-08-18T22:00:00,DEMO_MONITORING_FEED,EXCEEDED,11.5,DEMO_CONFIGURATION,"Configured thresholds are synthetic for software testing, not legal limits"
ENV-0000067,M001,ENV-ST-M001-02,TSS,48.45,mg/L,,100,22.356244,82.683107,2026-08-18T06:00:00,DEMO_MONITORING_FEED,COMPLIANT,0,DEMO_CONFIGURATION,"Configured thresholds are synthetic for software testing, not legal limits"
ENV-0000068,M001,ENV-ST-M001-03,TDS,1472.56,mg/L,,2100,22.347432,82.68465,2026-08-18T06:00:00,DEMO_MONITORING_FEED,COMPLIANT,0,DEMO_CONFIGURATION,"Configured thresholds are synthetic for software testing, not legal limits"
ENV-0000069,M001,ENV-ST-M001-02,COD,250.79,mg/L,,250,22.354389,82.68789,2026-08-18T14:00:00,DEMO_MONITORING_FEED,EXCEEDED,0.3,DEMO_CONFIGURATION,"Configured thresholds are synthetic for software testing, not legal limits"
ENV-0000070,M001,ENV-ST-M001-03,BOD,20.48,mg/L,,30,22.360564,82.687958,2026-08-18T14:00:00,DEMO_MONITORING_FEED,COMPLIANT,0,DEMO_CONFIGURATION,"Configured thresholds are synthetic for software testing, not legal limits"
ENV-0000071,M001,ENV-ST-M001-03,Oil_Grease,3.21,mg/L,,10,22.356817,82.693785,2026-08-18T14:00:00,DEMO_MONITORING_FEED,COMPLIANT,0,DEMO_CONFIGURATION,"Configured thresholds are synthetic for software testing, not legal limits"
ENV-0000072,M001,ENV-ST-M001-01,Noise,96.45,dB(A),,85,22.350591,82.694511,2026-08-18T14:00:00,DEMO_MONITORING_FEED,EXCEEDED,13.5,DEMO_CONFIGURATION,"Configured thresholds are synthetic for software testing, not legal limits"
ENV-0000073,M001,ENV-ST-M001-02,PM2.5,50.18,ug/m3,,60,22.352579,82.699936,2026-08-15T22:00:00,DEMO_MONITORING_FEED,COMPLIANT,0,DEMO_CONFIGURATION,"Configured thresholds are synthetic for software testing, not legal limits"
ENV-0000074,M001,ENV-ST-M001-01,PM10,115.28,ug/m3,,100,22.354819,82.689072,2026-08-15T14:00:00,DEMO_MONITORING_FEED,EXCEEDED,15.3,DEMO_CONFIGURATION,"Configured thresholds are synthetic for software testing, not legal limits"
ENV-0000075,M001,ENV-ST-M001-03,SO2,48.19,ug/m3,,80,22.349262,82.689255,2026-08-15T06:00:00,DEMO_MONITORING_FEED,COMPLIANT,0,DEMO_CONFIGURATION,"Configured thresholds are synthetic for software testing, not legal limits"
ENV-0000076,M001,ENV-ST-M001-02,NO2,40.27,ug/m3,,80,22.343563,82.681421,2026-08-15T22:00:00,DEMO_MONITORING_FEED,COMPLIANT,0,DEMO_CONFIGURATION,"Configured thresholds are synthetic for software testing, not legal limits"
ENV-0000077,M001,ENV-ST-M001-02,CO,1.59,mg/m3,,4,22.352518,82.689427,2026-08-15T06:00:00,DEMO_MONITORING_FEED,COMPLIANT,0,DEMO_CONFIGURATION,"Configured thresholds are synthetic for software testing, not legal limits"
ENV-0000078,M001,ENV-ST-M001-02,pH,7.2,pH,6.5,8.5,22.355772,82.69826,2026-08-15T06:00:00,DEMO_MONITORING_FEED,COMPLIANT,0,DEMO_CONFIGURATION,"Configured thresholds are synthetic for software testing, not legal limits"
ENV-0000079,M001,ENV-ST-M001-01,TSS,79.52,mg/L,,100,22.354215,82.695949,2026-08-15T06:00:00,DEMO_MONITORING_FEED,COMPLIANT,0,DEMO_CONFIGURATION,"Configured thresholds are synthetic for software testing, not legal limits"
ENV-0000080,M001,ENV-ST-M001-02,TDS,1107.25,mg/L,,2100,22.351552,82.692095,2026-08-15T06:00:00,DEMO_MONITORING_FEED,COMPLIANT,0,DEMO_CONFIGURATION,"Configured thresholds are synthetic for software testing, not legal limits"
ENV-0000081,M001,ENV-ST-M001-03,COD,187.79,mg/L,,250,22.357156,82.693781,2026-08-15T06:00:00,DEMO_MONITORING_FEED,COMPLIANT,0,DEMO_CONFIGURATION,"Configured thresholds are synthetic for software testing, not legal limits"
ENV-0000082,M001,ENV-ST-M001-03,BOD,19.99,mg/L,,30,22.348756,82.680206,2026-08-15T06:00:00,DEMO_MONITORING_FEED,COMPLIANT,0,DEMO_CONFIGURATION,"Configured thresholds are synthetic for software testing, not legal limits"
ENV-0000083,M001,ENV-ST-M001-02,Oil_Grease,3.97,mg/L,,10,22.353317,82.68773,2026-08-15T14:00:00,DEMO_MONITORING_FEED,COMPLIANT,0,DEMO_CONFIGURATION,"Configured thresholds are synthetic for software testing, not legal limits"
ENV-0000084,M001,ENV-ST-M001-03,Noise,84.37,dB(A),,85,22.349418,82.698236,2026-08-15T22:00:00,DEMO_MONITORING_FEED,COMPLIANT,0,DEMO_CONFIGURATION,"Configured thresholds are synthetic for software testing, not legal limits"
ENV-0000085,M001,ENV-ST-M001-03,PM2.5,49.5,ug/m3,,60,22.349608,82.699241,2026-08-12T14:00:00,DEMO_MONITORING_FEED,COMPLIANT,0,DEMO_CONFIGURATION,"Configured thresholds are synthetic for software testing, not legal limits"
ENV-0000086,M001,ENV-ST-M001-02,PM10,96.87,ug/m3,,100,22.342878,82.689734,2026-08-12T22:00:00,DEMO_MONITORING_FEED,COMPLIANT,0,DEMO_CONFIGURATION,"Configured thresholds are synthetic for software testing, not legal limits"
ENV-0000087,M001,ENV-ST-M001-01,SO2,46.39,ug/m3,,80,22.356701,82.693299,2026-08-12T14:00:00,DEMO_MONITORING_FEED,COMPLIANT,0,DEMO_CONFIGURATION,"Configured thresholds are synthetic for software testing, not legal limits"
ENV-0000088,M001,ENV-ST-M001-01,NO2,62.28,ug/m3,,80,22.347148,82.687469,2026-08-12T06:00:00,DEMO_MONITORING_FEED,COMPLIANT,0,DEMO_CONFIGURATION,"Configured thresholds are synthetic for software testing, not legal limits"
ENV-0000089,M001,ENV-ST-M001-02,CO,1.81,mg/m3,,4,22.352888,82.694807,2026-08-12T22:00:00,DEMO_MONITORING_FEED,COMPLIANT,0,DEMO_CONFIGURATION,"Configured thresholds are synthetic for software testing, not legal limits"
ENV-0000090,M001,ENV-ST-M001-02,pH,7.93,pH,6.5,8.5,22.355608,82.684786,2026-08-12T14:00:00,DEMO_MONITORING_FEED,COMPLIANT,0,DEMO_CONFIGURATION,"Configured thresholds are synthetic for software testing, not legal limits"
ENV-0000091,M001,ENV-ST-M001-02,TSS,85.41,mg/L,,100,22.357052,82.682376,2026-08-12T14:00:00,DEMO_MONITORING_FEED,COMPLIANT,0,DEMO_CONFIGURATION,"Configured thresholds are synthetic for software testing, not legal limits"
ENV-0000092,M001,ENV-ST-M001-01,TDS,1077.86,mg/L,,2100,22.343163,82.697416,2026-08-12T22:00:00,DEMO_MONITORING_FEED,COMPLIANT,0,DEMO_CONFIGURATION,"Configured thresholds are synthetic for software testing, not legal limits"
ENV-0000093,M001,ENV-ST-M001-01,COD,149.25,mg/L,,250,22.346602,82.690422,2026-08-12T22:00:00,DEMO_MONITORING_FEED,COMPLIANT,0,DEMO_CONFIGURATION,"Configured thresholds are synthetic for software testing, not legal limits"
ENV-0000094,M001,ENV-ST-M001-01,BOD,21.74,mg/L,,30,22.360091,82.687978,2026-08-12T06:00:00,DEMO_MONITORING_FEED,COMPLIANT,0,DEMO_CONFIGURATION,"Configured thresholds are synthetic for software testing, not legal limits"
ENV-0000095,M001,ENV-ST-M001-01,Oil_Grease,2.39,mg/L,,10,22.361625,82.68682,2026-08-12T22:00:00,DEMO_MONITORING_FEED,COMPLIANT,0,DEMO_CONFIGURATION,"Configured thresholds are synthetic for software testing, not legal limits"
ENV-0000096,M001,ENV-ST-M001-03,Noise,85.69,dB(A),,85,22.351143,82.699495,2026-08-12T06:00:00,DEMO_MONITORING_FEED,EXCEEDED,0.8,DEMO_CONFIGURATION,"Configured thresholds are synthetic for software testing, not legal limits"
ENV-0000097,M001,ENV-ST-M001-02,PM2.5,54.9,ug/m3,,60,22.348883,82.689501,2026-08-09T14:00:00,DEMO_MONITORING_FEED,COMPLIANT,0,DEMO_CONFIGURATION,"Configured thresholds are synthetic for software testing, not legal limits"
ENV-0000098,M001,ENV-ST-M001-01,PM10,84.55,ug/m3,,100,22.360559,82.685127,2026-08-09T06:00:00,DEMO_MONITORING_FEED,COMPLIANT,0,DEMO_CONFIGURATION,"Configured thresholds are synthetic for software testing, not legal limits"
ENV-0000099,M001,ENV-ST-M001-01,SO2,39.78,ug/m3,,80,22.343031,82.68048,2026-08-09T14:00:00,DEMO_MONITORING_FEED,COMPLIANT,0,DEMO_CONFIGURATION,"Configured thresholds are synthetic for software testing, not legal limits"
ENV-0000100,M001,ENV-ST-M001-02,NO2,24.67,ug/m3,,80,22.350577,82.699885,2026-08-09T06:00:00,DEMO_MONITORING_FEED,COMPLIANT,0,DEMO_CONFIGURATION,"Configured thresholds are synthetic for software testing, not legal limits"
ENV-0000101,M001,ENV-ST-M001-02,CO,1.63,mg/m3,,4,22.355937,82.685115,2026-08-09T06:00:00,DEMO_MONITORING_FEED,COMPLIANT,0,DEMO_CONFIGURATION,"Configured thresholds are synthetic for software testing, not legal limits"
ENV-0000102,M001,ENV-ST-M001-02,pH,6.92,pH,6.5,8.5,22.3598,82.689445,2026-08-09T14:00:00,DEMO_MONITORING_FEED,COMPLIANT,0,DEMO_CONFIGURATION,"Configured thresholds are synthetic for software testing, not legal limits"
ENV-0000103,M001,ENV-ST-M001-01,TSS,109.11,mg/L,,100,22.342975,82.684288,2026-08-09T06:00:00,DEMO_MONITORING_FEED,EXCEEDED,9.1,DEMO_CONFIGURATION,"Configured thresholds are synthetic for software testing, not legal limits"
ENV-0000104,M001,ENV-ST-M001-01,TDS,868.93,mg/L,,2100,22.346083,82.685753,2026-08-09T14:00:00,DEMO_MONITORING_FEED,COMPLIANT,0,DEMO_CONFIGURATION,"Configured thresholds are synthetic for software testing, not legal limits"
ENV-0000105,M001,ENV-ST-M001-02,COD,141.08,mg/L,,250,22.361925,82.692979,2026-08-09T14:00:00,DEMO_MONITORING_FEED,COMPLIANT,0,DEMO_CONFIGURATION,"Configured thresholds are synthetic for software testing, not legal limits"
ENV-0000106,M001,ENV-ST-M001-01,BOD,33.3,mg/L,,30,22.343657,82.694138,2026-08-09T06:00:00,DEMO_MONITORING_FEED,EXCEEDED,11.0,DEMO_CONFIGURATION,"Configured thresholds are synthetic for software testing, not legal limits"
ENV-0000107,M001,ENV-ST-M001-02,Oil_Grease,3.47,mg/L,,10,22.356358,82.691444,2026-08-09T14:00:00,DEMO_MONITORING_FEED,COMPLIANT,0,DEMO_CONFIGURATION,"Configured thresholds are synthetic for software testing, not legal limits"
ENV-0000108,M001,ENV-ST-M001-01,Noise,84.21,dB(A),,85,22.343629,82.692579,2026-08-09T14:00:00,DEMO_MONITORING_FEED,COMPLIANT,0,DEMO_CONFIGURATION,"Configured thresholds are synthetic for software testing, not legal limits"
ENV-0000109,M001,ENV-ST-M001-03,PM2.5,52.61,ug/m3,,60,22.343517,82.692203,2026-08-06T22:00:00,DEMO_MONITORING_FEED,COMPLIANT,0,DEMO_CONFIGURATION,"Configured thresholds are synthetic for software testing, not legal limits"
ENV-0000110,M001,ENV-ST-M001-02,PM10,93.35,ug/m3,,100,22.360507,82.685492,2026-08-06T06:00:00,DEMO_MONITORING_FEED,COMPLIANT,0,DEMO_CONFIGURATION,"Configured thresholds are synthetic for software testing, not legal limits"
ENV-0000111,M001,ENV-ST-M001-01,SO2,39.49,ug/m3,,80,22.344013,82.682723,2026-08-06T06:00:00,DEMO_MONITORING_FEED,COMPLIANT,0,DEMO_CONFIGURATION,"Configured thresholds are synthetic for software testing, not legal limits"
ENV-0000112,M001,ENV-ST-M001-01,NO2,47.21,ug/m3,,80,22.361785,82.690877,2026-08-06T14:00:00,DEMO_MONITORING_FEED,COMPLIANT,0,DEMO_CONFIGURATION,"Configured thresholds are synthetic for software testing, not legal limits"
ENV-0000113,M001,ENV-ST-M001-02,CO,1.33,mg/m3,,4,22.355932,82.686426,2026-08-06T22:00:00,DEMO_MONITORING_FEED,COMPLIANT,0,DEMO_CONFIGURATION,"Configured thresholds are synthetic for software testing, not legal limits"
ENV-0000114,M001,ENV-ST-M001-01,pH,5.4,pH,6.5,8.5,22.357499,82.687326,2026-08-06T06:00:00,DEMO_MONITORING_FEED,EXCEEDED,55.0,DEMO_CONFIGURATION,"Configured thresholds are synthetic for software testing, not legal limits"
ENV-0000115,M001,ENV-ST-M001-02,TSS,81.76,mg/L,,100,22.358397,82.680048,2026-08-06T22:00:00,DEMO_MONITORING_FEED,COMPLIANT,0,DEMO_CONFIGURATION,"Configured thresholds are synthetic for software testing, not legal limits"
ENV-0000116,M001,ENV-ST-M001-01,TDS,798.26,mg/L,,2100,22.35458,82.683246,2026-08-06T14:00:00,DEMO_MONITORING_FEED,COMPLIANT,0,DEMO_CONFIGURATION,"Configured thresholds are synthetic for software testing, not legal limits"
ENV-0000117,M001,ENV-ST-M001-01,COD,203.13,mg/L,,250,22.356874,82.691797,2026-08-06T06:00:00,DEMO_MONITORING_FEED,COMPLIANT,0,DEMO_CONFIGURATION,"Configured thresholds are synthetic for software testing, not legal limits"
ENV-0000118,M001,ENV-ST-M001-02,BOD,12.6,mg/L,,30,22.349139,82.690394,2026-08-06T14:00:00,DEMO_MONITORING_FEED,COMPLIANT,0,DEMO_CONFIGURATION,"Configured thresholds are synthetic for software testing, not legal limits"
ENV-0000119,M001,ENV-ST-M001-01,Oil_Grease,3.42,mg/L,,10,22.35073,82.696314,2026-08-06T22:00:00,DEMO_MONITORING_FEED,COMPLIANT,0,DEMO_CONFIGURATION,"Configured thresholds are synthetic for software testing, not legal limits"
ENV-0000120,M001,ENV-ST-M001-01,Noise,64.68,dB(A),,85,22.355309,82.686246,2026-08-06T22:00:00,DEMO_MONITORING_FEED,COMPLIANT,0,DEMO_CONFIGURATION,"Configured thresholds are synthetic for software testing, not legal limits"
ENV-0000121,M001,ENV-ST-M001-03,PM2.5,34.84,ug/m3,,60,22.352876,82.697005,2026-08-03T22:00:00,DEMO_MONITORING_FEED,COMPLIANT,0,DEMO_CONFIGURATION,"Configured thresholds are synthetic for software testing, not legal limits"
ENV-0000122,M001,ENV-ST-M001-02,PM10,104.87,ug/m3,,100,22.347234,82.692984,2026-08-03T14:00:00,DEMO_MONITORING_FEED,EXCEEDED,4.9,DEMO_CONFIGURATION,"Configured thresholds are synthetic for software testing, not legal limits"
ENV-0000123,M001,ENV-ST-M001-02,SO2,38.67,ug/m3,,80,22.356516,82.699629,2026-08-03T06:00:00,DEMO_MONITORING_FEED,COMPLIANT,0,DEMO_CONFIGURATION,"Configured thresholds are synthetic for software testing, not legal limits"
ENV-0000124,M001,ENV-ST-M001-02,NO2,40.96,ug/m3,,80,22.343334,82.687569,2026-08-03T14:00:00,DEMO_MONITORING_FEED,COMPLIANT,0,DEMO_CONFIGURATION,"Configured thresholds are synthetic for software testing, not legal limits"
ENV-0000125,M001,ENV-ST-M001-01,CO,1.19,mg/m3,,4,22.352932,82.681019,2026-08-03T22:00:00,DEMO_MONITORING_FEED,COMPLIANT,0,DEMO_CONFIGURATION,"Configured thresholds are synthetic for software testing, not legal limits"
ENV-0000126,M001,ENV-ST-M001-01,pH,6.34,pH,6.5,8.5,22.342985,82.689788,2026-08-03T14:00:00,DEMO_MONITORING_FEED,EXCEEDED,8.0,DEMO_CONFIGURATION,"Configured thresholds are synthetic for software testing, not legal limits"
ENV-0000127,M001,ENV-ST-M001-02,TSS,77.98,mg/L,,100,22.354631,82.684078,2026-08-03T22:00:00,DEMO_MONITORING_FEED,COMPLIANT,0,DEMO_CONFIGURATION,"Configured thresholds are synthetic for software testing, not legal limits"
ENV-0000128,M001,ENV-ST-M001-01,TDS,844.23,mg/L,,2100,22.356826,82.689645,2026-08-03T14:00:00,DEMO_MONITORING_FEED,COMPLIANT,0,DEMO_CONFIGURATION,"Configured thresholds are synthetic for software testing, not legal limits"
ENV-0000129,M001,ENV-ST-M001-01,COD,126.17,mg/L,,250,22.360011,82.693823,2026-08-03T06:00:00,DEMO_MONITORING_FEED,COMPLIANT,0,DEMO_CONFIGURATION,"Configured thresholds are synthetic for software testing, not legal limits"
ENV-0000130,M001,ENV-ST-M001-02,BOD,22.96,mg/L,,30,22.360626,82.68075,2026-08-03T06:00:00,DEMO_MONITORING_FEED,COMPLIANT,0,DEMO_CONFIGURATION,"Configured thresholds are synthetic for software testing, not legal limits"
ENV-0000131,M001,ENV-ST-M001-01,Oil_Grease,5.88,mg/L,,10,22.358019,82.680354,2026-08-03T06:00:00,DEMO_MONITORING_FEED,COMPLIANT,0,DEMO_CONFIGURATION,"Configured thresholds are synthetic for software testing, not legal limits"
ENV-0000132,M001,ENV-ST-M001-03,Noise,84.56,dB(A),,85,22.348826,82.680892,2026-08-03T14:00:00,DEMO_MONITORING_FEED,COMPLIANT,0,DEMO_CONFIGURATION,"Configured thresholds are synthetic for software testing, not legal limits"
ENV-0000133,M001,ENV-ST-M001-03,PM2.5,44.87,ug/m3,,60,22.35058,82.692785,2026-07-31T06:00:00,DEMO_MONITORING_FEED,COMPLIANT,0,DEMO_CONFIGURATION,"Configured thresholds are synthetic for software testing, not legal limits"
ENV-0000134,M001,ENV-ST-M001-02,PM10,76.24,ug/m3,,100,22.343294,82.68686,2026-07-31T22:00:00,DEMO_MONITORING_FEED,COMPLIANT,0,DEMO_CONFIGURATION,"Configured thresholds are synthetic for software testing, not legal limits"
ENV-0000135,M001,ENV-ST-M001-03,SO2,11.45,ug/m3,,80,22.347224,82.699032,2026-07-31T14:00:00,DEMO_MONITORING_FEED,COMPLIANT,0,DEMO_CONFIGURATION,"Configured thresholds are synthetic for software testing, not legal limits"
ENV-0000136,M001,ENV-ST-M001-02,NO2,41.95,ug/m3,,80,22.35195,82.69767,2026-07-31T06:00:00,DEMO_MONITORING_FEED,COMPLIANT,0,DEMO_CONFIGURATION,"Configured thresholds are synthetic for software testing, not legal limits"
ENV-0000137,M001,ENV-ST-M001-01,CO,1.33,mg/m3,,4,22.351078,82.687349,2026-07-31T22:00:00,DEMO_MONITORING_FEED,COMPLIANT,0,DEMO_CONFIGURATION,"Configured thresholds are synthetic for software testing, not legal limits"
ENV-0000138,M001,ENV-ST-M001-03,pH,8.16,pH,6.5,8.5,22.350374,82.687903,2026-07-31T22:00:00,DEMO_MONITORING_FEED,COMPLIANT,0,DEMO_CONFIGURATION,"Configured thresholds are synthetic for software testing, not legal limits"
ENV-0000139,M001,ENV-ST-M001-02,TSS,82.71,mg/L,,100,22.3612,82.696678,2026-07-31T06:00:00,DEMO_MONITORING_FEED,COMPLIANT,0,DEMO_CONFIGURATION,"Configured thresholds are synthetic for software testing, not legal limits"
ENV-0000140,M001,ENV-ST-M001-01,TDS,1007.55,mg/L,,2100,22.358678,82.691038,2026-07-31T22:00:00,DEMO_MONITORING_FEED,COMPLIANT,0,DEMO_CONFIGURATION,"Configured thresholds are synthetic for software testing, not legal limits"
ENV-0000141,M001,ENV-ST-M001-01,COD,125.4,mg/L,,250,22.356496,82.6898,2026-07-31T06:00:00,DEMO_MONITORING_FEED,COMPLIANT,0,DEMO_CONFIGURATION,"Configured thresholds are synthetic for software testing, not legal limits"
ENV-0000142,M001,ENV-ST-M001-03,BOD,17.26,mg/L,,30,22.35545,82.688801,2026-07-31T06:00:00,DEMO_MONITORING_FEED,COMPLIANT,0,DEMO_CONFIGURATION,"Configured thresholds are synthetic for software testing, not legal limits"
ENV-0000143,M001,ENV-ST-M001-03,Oil_Grease,1.61,mg/L,,10,22.352496,82.688611,2026-07-31T14:00:00,DEMO_MONITORING_FEED,COMPLIANT,0,DEMO_CONFIGURATION,"Configured thresholds are synthetic for software testing, not legal limits"
ENV-0000144,M001,ENV-ST-M001-02,Noise,110.41,dB(A),,85,22.357197,82.691125,2026-07-31T14:00:00,DEMO_MONITORING_FEED,EXCEEDED,29.9,DEMO_CONFIGURATION,"Configured thresholds are synthetic for software testing, not legal limits"
ENV-0000145,M001,ENV-ST-M001-03,PM2.5,24.44,ug/m3,,60,22.345033,82.690396,2026-07-28T22:00:00,DEMO_MONITORING_FEED,COMPLIANT,0,DEMO_CONFIGURATION,"Configured thresholds are synthetic for software testing, not legal limits"
ENV-0000146,M001,ENV-ST-M001-02,PM10,101.67,ug/m3,,100,22.348829,82.697143,2026-07-28T06:00:00,DEMO_MONITORING_FEED,EXCEEDED,1.7,DEMO_CONFIGURATION,"Configured thresholds are synthetic for software testing, not legal limits"
ENV-0000147,M001,ENV-ST-M001-02,SO2,70.66,ug/m3,,80,22.357325,82.694079,2026-07-28T06:00:00,DEMO_MONITORING_FEED,COMPLIANT,0,DEMO_CONFIGURATION,"Configured thresholds are synthetic for software testing, not legal limits"
ENV-0000148,M001,ENV-ST-M001-01,NO2,41.0,ug/m3,,80,22.344811,82.693978,2026-07-28T06:00:00,DEMO_MONITORING_FEED,COMPLIANT,0,DEMO_CONFIGURATION,"Configured thresholds are synthetic for software testing, not legal limits"
ENV-0000149,M001,ENV-ST-M001-02,CO,0.68,mg/m3,,4,22.358158,82.684202,2026-07-28T06:00:00,DEMO_MONITORING_FEED,COMPLIANT,0,DEMO_CONFIGURATION,"Configured thresholds are synthetic for software testing, not legal limits"
ENV-0000150,M001,ENV-ST-M001-01,pH,7.05,pH,6.5,8.5,22.348336,82.69741,2026-07-28T06:00:00,DEMO_MONITORING_FEED,COMPLIANT,0,DEMO_CONFIGURATION,"Configured thresholds are synthetic for software testing, not legal limits"
ENV-0000151,M001,ENV-ST-M001-01,TSS,74.56,mg/L,,100,22.359597,82.692921,2026-07-28T06:00:00,DEMO_MONITORING_FEED,COMPLIANT,0,DEMO_CONFIGURATION,"Configured thresholds are synthetic for software testing, not legal limits"
ENV-0000152,M001,ENV-ST-M001-03,TDS,1206.7,mg/L,,2100,22.345581,82.694093,2026-07-28T14:00:00,DEMO_MONITORING_FEED,COMPLIANT,0,DEMO_CONFIGURATION,"Configured thresholds are synthetic for software testing, not legal limits"
ENV-0000153,M001,ENV-ST-M001-03,COD,133.0,mg/L,,250,22.352245,82.691139,2026-07-28T14:00:00,DEMO_MONITORING_FEED,COMPLIANT,0,DEMO_CONFIGURATION,"Configured thresholds are synthetic for software testing, not legal limits"
ENV-0000154,M001,ENV-ST-M001-03,BOD,17.94,mg/L,,30,22.344095,82.696107,2026-07-28T22:00:00,DEMO_MONITORING_FEED,COMPLIANT,0,DEMO_CONFIGURATION,"Configured thresholds are synthetic for software testing, not legal limits"
ENV-0000155,M001,ENV-ST-M001-02,Oil_Grease,6.66,mg/L,,10,22.349375,82.686261,2026-07-28T22:00:00,DEMO_MONITORING_FEED,COMPLIANT,0,DEMO_CONFIGURATION,"Configured thresholds are synthetic for software testing, not legal limits"
ENV-0000156,M001,ENV-ST-M001-03,Noise,96.91,dB(A),,85,22.346578,82.688682,2026-07-28T22:00:00,DEMO_MONITORING_FEED,EXCEEDED,14.0,DEMO_CONFIGURATION,"Configured thresholds are synthetic for software testing, not legal limits"
ENV-0000157,M001,ENV-ST-M001-03,PM2.5,34.03,ug/m3,,60,22.354174,82.686377,2026-07-25T06:00:00,DEMO_MONITORING_FEED,COMPLIANT,0,DEMO_CONFIGURATION,"Configured thresholds are synthetic for software testing, not legal limits"
ENV-0000158,M001,ENV-ST-M001-03,PM10,76.89,ug/m3,,100,22.345552,82.683778,2026-07-25T14:00:00,DEMO_MONITORING_FEED,COMPLIANT,0,DEMO_CONFIGURATION,"Configured thresholds are synthetic for software testing, not legal limits"
ENV-0000159,M001,ENV-ST-M001-03,SO2,33.48,ug/m3,,80,22.346269,82.690992,2026-07-25T22:00:00,DEMO_MONITORING_FEED,COMPLIANT,0,DEMO_CONFIGURATION,"Configured thresholds are synthetic for software testing, not legal limits"
ENV-0000160,M001,ENV-ST-M001-02,NO2,51.94,ug/m3,,80,22.346578,82.691003,2026-07-25T22:00:00,DEMO_MONITORING_FEED,COMPLIANT,0,DEMO_CONFIGURATION,"Configured thresholds are synthetic for software testing, not legal limits"
ENV-0000161,M001,ENV-ST-M001-01,CO,1.27,mg/m3,,4,22.345524,82.680944,2026-07-25T06:00:00,DEMO_MONITORING_FEED,COMPLIANT,0,DEMO_CONFIGURATION,"Configured thresholds are synthetic for software testing, not legal limits"
ENV-0000162,M001,ENV-ST-M001-02,pH,9.1,pH,6.5,8.5,22.359107,82.684817,2026-07-25T22:00:00,DEMO_MONITORING_FEED,EXCEEDED,30.0,DEMO_CONFIGURATION,"Configured thresholds are synthetic for software testing, not legal limits"
ENV-0000163,M001,ENV-ST-M001-03,TSS,67.08,mg/L,,100,22.354331,82.690842,2026-07-25T14:00:00,DEMO_MONITORING_FEED,COMPLIANT,0,DEMO_CONFIGURATION,"Configured thresholds are synthetic for software testing, not legal limits"
ENV-0000164,M001,ENV-ST-M001-03,TDS,957.12,mg/L,,2100,22.356313,82.698918,2026-07-25T22:00:00,DEMO_MONITORING_FEED,COMPLIANT,0,DEMO_CONFIGURATION,"Configured thresholds are synthetic for software testing, not legal limits"
ENV-0000165,M001,ENV-ST-M001-03,COD,153.84,mg/L,,250,22.35788,82.697267,2026-07-25T06:00:00,DEMO_MONITORING_FEED,COMPLIANT,0,DEMO_CONFIGURATION,"Configured thresholds are synthetic for software testing, not legal limits"
ENV-0000166,M001,ENV-ST-M001-02,BOD,21.48,mg/L,,30,22.361891,82.695348,2026-07-25T22:00:00,DEMO_MONITORING_FEED,COMPLIANT,0,DEMO_CONFIGURATION,"Configured thresholds are synthetic for software testing, not legal limits"
ENV-0000167,M001,ENV-ST-M001-01,Oil_Grease,5.57,mg/L,,10,22.359428,82.699385,2026-07-25T14:00:00,DEMO_MONITORING_FEED,COMPLIANT,0,DEMO_CONFIGURATION,"Configured thresholds are synthetic for software testing, not legal limits"
ENV-0000168,M001,ENV-ST-M001-03,Noise,106.46,dB(A),,85,22.34805,82.698884,2026-07-25T22:00:00,DEMO_MONITORING_FEED,EXCEEDED,25.2,DEMO_CONFIGURATION,"Configured thresholds are synthetic for software testing, not legal limits"
ENV-0000169,M001,ENV-ST-M001-03,PM2.5,61.26,ug/m3,,60,22.348907,82.68415,2026-07-22T14:00:00,DEMO_MONITORING_FEED,EXCEEDED,2.1,DEMO_CONFIGURATION,"Configured thresholds are synthetic for software testing, not legal limits"
ENV-0000170,M001,ENV-ST-M001-01,PM10,82.69,ug/m3,,100,22.353248,82.683834,2026-07-22T22:00:00,DEMO_MONITORING_FEED,COMPLIANT,0,DEMO_CONFIGURATION,"Configured thresholds are synthetic for software testing, not legal limits"
ENV-0000171,M001,ENV-ST-M001-03,SO2,63.23,ug/m3,,80,22.353412,82.699956,2026-07-22T06:00:00,DEMO_MONITORING_FEED,COMPLIANT,0,DEMO_CONFIGURATION,"Configured thresholds are synthetic for software testing, not legal limits"
ENV-0000172,M001,ENV-ST-M001-01,NO2,42.77,ug/m3,,80,22.35345,82.693117,2026-07-22T22:00:00,DEMO_MONITORING_FEED,COMPLIANT,0,DEMO_CONFIGURATION,"Configured thresholds are synthetic for software testing, not legal limits"
ENV-0000173,M001,ENV-ST-M001-01,CO,0.93,mg/m3,,4,22.343028,82.682367,2026-07-22T22:00:00,DEMO_MONITORING_FEED,COMPLIANT,0,DEMO_CONFIGURATION,"Configured thresholds are synthetic for software testing, not legal limits"
ENV-0000174,M001,ENV-ST-M001-01,pH,9.47,pH,6.5,8.5,22.351034,82.68978,2026-07-22T14:00:00,DEMO_MONITORING_FEED,EXCEEDED,48.5,DEMO_CONFIGURATION,"Configured thresholds are synthetic for software testing, not legal limits"
ENV-0000175,M001,ENV-ST-M001-01,TSS,101.76,mg/L,,100,22.360012,82.697661,2026-07-22T14:00:00,DEMO_MONITORING_FEED,EXCEEDED,1.8,DEMO_CONFIGURATION,"Configured thresholds are synthetic for software testing, not legal limits"
ENV-0000176,M001,ENV-ST-M001-02,TDS,983.61,mg/L,,2100,22.351941,82.697542,2026-07-22T06:00:00,DEMO_MONITORING_FEED,COMPLIANT,0,DEMO_CONFIGURATION,"Configured thresholds are synthetic for software testing, not legal limits"
ENV-0000177,M001,ENV-ST-M001-01,COD,137.24,mg/L,,250,22.349913,82.693979,2026-07-22T22:00:00,DEMO_MONITORING_FEED,COMPLIANT,0,DEMO_CONFIGURATION,"Configured thresholds are synthetic for software testing, not legal limits"
ENV-0000178,M001,ENV-ST-M001-01,BOD,17.83,mg/L,,30,22.344362,82.693848,2026-07-22T14:00:00,DEMO_MONITORING_FEED,COMPLIANT,0,DEMO_CONFIGURATION,"Configured thresholds are synthetic for software testing, not legal limits"
ENV-0000179,M001,ENV-ST-M001-02,Oil_Grease,5.28,mg/L,,10,22.356452,82.689573,2026-07-22T14:00:00,DEMO_MONITORING_FEED,COMPLIANT,0,DEMO_CONFIGURATION,"Configured thresholds are synthetic for software testing, not legal limits"
ENV-0000180,M001,ENV-ST-M001-03,Noise,68.52,dB(A),,85,22.354741,82.681648,2026-07-22T14:00:00,DEMO_MONITORING_FEED,COMPLIANT,0,DEMO_CONFIGURATION,"Configured thresholds are synthetic for software testing, not legal limits"
ENV-0000181,M001,ENV-ST-M001-02,PM2.5,73.05,ug/m3,,60,22.346241,82.693111,2026-07-19T14:00:00,DEMO_MONITORING_FEED,EXCEEDED,21.7,DEMO_CONFIGURATION,"Configured thresholds are synthetic for software testing, not legal limits"
ENV-0000182,M001,ENV-ST-M001-02,PM10,97.9,ug/m3,,100,22.343638,82.686805,2026-07-19T06:00:00,DEMO_MONITORING_FEED,COMPLIANT,0,DEMO_CONFIGURATION,"Configured thresholds are synthetic for software testing, not legal limits"
ENV-0000183,M001,ENV-ST-M001-01,SO2,52.5,ug/m3,,80,22.360928,82.685482,2026-07-19T14:00:00,DEMO_MONITORING_FEED,COMPLIANT,0,DEMO_CONFIGURATION,"Configured thresholds are synthetic for software testing, not legal limits"
ENV-0000184,M001,ENV-ST-M001-02,NO2,53.06,ug/m3,,80,22.357176,82.699733,2026-07-19T22:00:00,DEMO_MONITORING_FEED,COMPLIANT,0,DEMO_CONFIGURATION,"Configured thresholds are synthetic for software testing, not legal limits"
ENV-0000185,M001,ENV-ST-M001-01,CO,1.09,mg/m3,,4,22.351369,82.694456,2026-07-19T22:00:00,DEMO_MONITORING_FEED,COMPLIANT,0,DEMO_CONFIGURATION,"Configured thresholds are synthetic for software testing, not legal limits"
ENV-0000186,M001,ENV-ST-M001-02,pH,7.19,pH,6.5,8.5,22.349898,82.692564,2026-07-19T14:00:00,DEMO_MONITORING_FEED,COMPLIANT,0,DEMO_CONFIGURATION,"Configured thresholds are synthetic for software testing, not legal limits"
ENV-0000187,M001,ENV-ST-M001-03,TSS,71.66,mg/L,,100,22.349438,82.694737,2026-07-19T06:00:00,DEMO_MONITORING_FEED,COMPLIANT,0,DEMO_CONFIGURATION,"Configured thresholds are synthetic for software testing, not legal limits"
ENV-0000188,M001,ENV-ST-M001-01,TDS,906.8,mg/L,,2100,22.358738,82.689001,2026-07-19T06:00:00,DEMO_MONITORING_FEED,COMPLIANT,0,DEMO_CONFIGURATION,"Configured thresholds are synthetic for software testing, not legal limits"
ENV-0000189,M001,ENV-ST-M001-02,COD,101.48,mg/L,,250,22.344923,82.687047,2026-07-19T06:00:00,DEMO_MONITORING_FEED,COMPLIANT,0,DEMO_CONFIGURATION,"Configured thresholds are synthetic for software testing, not legal limits"
ENV-0000190,M001,ENV-ST-M001-01,BOD,24.13,mg/L,,30,22.353586,82.697918,2026-07-19T22:00:00,DEMO_MONITORING_FEED,COMPLIANT,0,DEMO_CONFIGURATION,"Configured thresholds are synthetic for software testing, not legal limits"
ENV-0000191,M001,ENV-ST-M001-02,Oil_Grease,4.5,mg/L,,10,22.35169,82.681811,2026-07-19T22:00:00,DEMO_MONITORING_FEED,COMPLIANT,0,DEMO_CONFIGURATION,"Configured thresholds are synthetic for software testing, not legal limits"
ENV-0000192,M001,ENV-ST-M001-02,Noise,84.6,dB(A),,85,22.34602,82.691715,2026-07-19T14:00:00,DEMO_MONITORING_FEED,COMPLIANT,0,DEMO_CONFIGURATION,"Configured thresholds are synthetic for software testing, not legal limits"
ENV-0000193,M001,ENV-ST-M001-02,PM2.5,51.2,ug/m3,,60,22.349059,82.680003,2026-07-16T14:00:00,DEMO_MONITORING_FEED,COMPLIANT,0,DEMO_CONFIGURATION,"Configured thresholds are synthetic for software testing, not legal limits"
ENV-0000194,M001,ENV-ST-M001-03,PM10,101.87,ug/m3,,100,22.356497,82.686613,2026-07-16T22:00:00,DEMO_MONITORING_FEED,EXCEEDED,1.9,DEMO_CONFIGURATION,"Configured thresholds are synthetic for software testing, not legal limits"
ENV-0000195,M001,ENV-ST-M001-03,SO2,37.23,ug/m3,,80,22.352715,82.69092,2026-07-16T22:00:00,DEMO_MONITORING_FEED,COMPLIANT,0,DEMO_CONFIGURATION,"Configured thresholds are synthetic for software testing, not legal limits"
ENV-0000196,M001,ENV-ST-M001-02,NO2,42.76,ug/m3,,80,22.353915,82.682195,2026-07-16T14:00:00,DEMO_MONITORING_FEED,COMPLIANT,0,DEMO_CONFIGURATION,"Configured thresholds are synthetic for software testing, not legal limits"
ENV-0000197,M001,ENV-ST-M001-02,CO,1.12,mg/m3,,4,22.353814,82.690764,2026-07-16T22:00:00,DEMO_MONITORING_FEED,COMPLIANT,0,DEMO_CONFIGURATION,"Configured thresholds are synthetic for software testing, not legal limits"
ENV-0000198,M001,ENV-ST-M001-02,pH,8.02,pH,6.5,8.5,22.352507,82.685473,2026-07-16T14:00:00,DEMO_MONITORING_FEED,COMPLIANT,0,DEMO_CONFIGURATION,"Configured thresholds are synthetic for software testing, not legal limits"
ENV-0000199,M001,ENV-ST-M001-03,TSS,84.59,mg/L,,100,22.358005,82.685816,2026-07-16T06:00:00,DEMO_MONITORING_FEED,COMPLIANT,0,DEMO_CONFIGURATION,"Configured thresholds are synthetic for software testing, not legal limits"
ENV-0000200,M001,ENV-ST-M001-03,TDS,1325.27,mg/L,,2100,22.35669,82.687882,2026-07-16T22:00:00,DEMO_MONITORING_FEED,COMPLIANT,0,DEMO_CONFIGURATION,"Configured thresholds are synthetic for software testing, not legal limits"
ENV-0000201,M001,ENV-ST-M001-02,COD,142.75,mg/L,,250,22.353554,82.691631,2026-07-16T22:00:00,DEMO_MONITORING_FEED,COMPLIANT,0,DEMO_CONFIGURATION,"Configured thresholds are synthetic for software testing, not legal limits"
ENV-0000202,M001,ENV-ST-M001-01,BOD,22.17,mg/L,,30,22.342697,82.698582,2026-07-16T06:00:00,DEMO_MONITORING_FEED,COMPLIANT,0,DEMO_CONFIGURATION,"Configured thresholds are synthetic for software testing, not legal limits"
ENV-0000203,M001,ENV-ST-M001-03,Oil_Grease,4.58,mg/L,,10,22.358488,82.691046,2026-07-16T22:00:00,DEMO_MONITORING_FEED,COMPLIANT,0,DEMO_CONFIGURATION,"Configured thresholds are synthetic for software testing, not legal limits"
ENV-0000204,M001,ENV-ST-M001-01,Noise,104.49,dB(A),,85,22.357464,82.684681,2026-07-16T06:00:00,DEMO_MONITORING_FEED,EXCEEDED,22.9,DEMO_CONFIGURATION,"Configured thresholds are synthetic for software testing, not legal limits"
ENV-0000205,M001,ENV-ST-M001-03,PM2.5,55.22,ug/m3,,60,22.359449,82.696595,2026-07-13T22:00:00,DEMO_MONITORING_FEED,COMPLIANT,0,DEMO_CONFIGURATION,"Configured thresholds are synthetic for software testing, not legal limits"
ENV-0000206,M001,ENV-ST-M001-01,PM10,72.35,ug/m3,,100,22.343969,82.687926,2026-07-13T22:00:00,DEMO_MONITORING_FEED,COMPLIANT,0,DEMO_CONFIGURATION,"Configured thresholds are synthetic for software testing, not legal limits"
ENV-0000207,M001,ENV-ST-M001-03,SO2,50.43,ug/m3,,80,22.355501,82.686289,2026-07-13T06:00:00,DEMO_MONITORING_FEED,COMPLIANT,0,DEMO_CONFIGURATION,"Configured thresholds are synthetic for software testing, not legal limits"
ENV-0000208,M001,ENV-ST-M001-02,NO2,43.91,ug/m3,,80,22.358625,82.697408,2026-07-13T22:00:00,DEMO_MONITORING_FEED,COMPLIANT,0,DEMO_CONFIGURATION,"Configured thresholds are synthetic for software testing, not legal limits"
ENV-0000209,M001,ENV-ST-M001-02,CO,0.8,mg/m3,,4,22.359091,82.688234,2026-07-13T22:00:00,DEMO_MONITORING_FEED,COMPLIANT,0,DEMO_CONFIGURATION,"Configured thresholds are synthetic for software testing, not legal limits"
ENV-0000210,M001,ENV-ST-M001-01,pH,7.08,pH,6.5,8.5,22.357132,82.687618,2026-07-13T06:00:00,DEMO_MONITORING_FEED,COMPLIANT,0,DEMO_CONFIGURATION,"Configured thresholds are synthetic for software testing, not legal limits"
ENV-0000211,M001,ENV-ST-M001-02,TSS,73.35,mg/L,,100,22.36171,82.687973,2026-07-13T22:00:00,DEMO_MONITORING_FEED,COMPLIANT,0,DEMO_CONFIGURATION,"Configured thresholds are synthetic for software testing, not legal limits"
ENV-0000212,M001,ENV-ST-M001-03,TDS,952.4,mg/L,,2100,22.346066,82.687447,2026-07-13T06:00:00,DEMO_MONITORING_FEED,COMPLIANT,0,DEMO_CONFIGURATION,"Configured thresholds are synthetic for software testing, not legal limits"
ENV-0000213,M001,ENV-ST-M001-01,COD,147.29,mg/L,,250,22.350271,82.698906,2026-07-13T14:00:00,DEMO_MONITORING_FEED,COMPLIANT,0,DEMO_CONFIGURATION,"Configured thresholds are synthetic for software testing, not legal limits"
ENV-0000214,M001,ENV-ST-M001-02,BOD,23.4,mg/L,,30,22.347531,82.687477,2026-07-13T14:00:00,DEMO_MONITORING_FEED,COMPLIANT,0,DEMO_CONFIGURATION,"Configured thresholds are synthetic for software testing, not legal limits"
ENV-0000215,M001,ENV-ST-M001-01,Oil_Grease,5.26,mg/L,,10,22.357062,82.683061,2026-07-13T22:00:00,DEMO_MONITORING_FEED,COMPLIANT,0,DEMO_CONFIGURATION,"Configured thresholds are synthetic for software testing, not legal limits"
ENV-0000216,M001,ENV-ST-M001-03,Noise,107.98,dB(A),,85,22.355387,82.691063,2026-07-13T22:00:00,DEMO_MONITORING_FEED,EXCEEDED,27.0,DEMO_CONFIGURATION,"Configured thresholds are synthetic for software testing, not legal limits"
ENV-0000217,M001,ENV-ST-M001-02,PM2.5,54.21,ug/m3,,60,22.359259,82.680825,2026-07-10T06:00:00,DEMO_MONITORING_FEED,COMPLIANT,0,DEMO_CONFIGURATION,"Configured thresholds are synthetic for software testing, not legal limits"
ENV-0000218,M001,ENV-ST-M001-02,PM10,82.62,ug/m3,,100,22.352561,82.690245,2026-07-10T22:00:00,DEMO_MONITORING_FEED,COMPLIANT,0,DEMO_CONFIGURATION,"Configured thresholds are synthetic for software testing, not legal limits"
ENV-0000219,M001,ENV-ST-M001-03,SO2,36.49,ug/m3,,80,22.342948,82.690608,2026-07-10T22:00:00,DEMO_MONITORING_FEED,COMPLIANT,0,DEMO_CONFIGURATION,"Configured thresholds are synthetic for software testing, not legal limits"
ENV-0000220,M001,ENV-ST-M001-01,NO2,46.89,ug/m3,,80,22.342209,82.688291,2026-07-10T06:00:00,DEMO_MONITORING_FEED,COMPLIANT,0,DEMO_CONFIGURATION,"Configured thresholds are synthetic for software testing, not legal limits"
ENV-0000221,M001,ENV-ST-M001-03,CO,0.28,mg/m3,,4,22.343263,82.685843,2026-07-10T22:00:00,DEMO_MONITORING_FEED,COMPLIANT,0,DEMO_CONFIGURATION,"Configured thresholds are synthetic for software testing, not legal limits"
ENV-0000222,M001,ENV-ST-M001-01,pH,7.67,pH,6.5,8.5,22.353287,82.692084,2026-07-10T06:00:00,DEMO_MONITORING_FEED,COMPLIANT,0,DEMO_CONFIGURATION,"Configured thresholds are synthetic for software testing, not legal limits"
ENV-0000223,M001,ENV-ST-M001-01,TSS,49.8,mg/L,,100,22.353839,82.686427,2026-07-10T06:00:00,DEMO_MONITORING_FEED,COMPLIANT,0,DEMO_CONFIGURATION,"Configured thresholds are synthetic for software testing, not legal limits"
ENV-0000224,M001,ENV-ST-M001-03,TDS,1379.33,mg/L,,2100,22.351634,82.688834,2026-07-10T06:00:00,DEMO_MONITORING_FEED,COMPLIANT,0,DEMO_CONFIGURATION,"Configured thresholds are synthetic for software testing, not legal limits"
ENV-0000225,M001,ENV-ST-M001-01,COD,159.0,mg/L,,250,22.343952,82.69335,2026-07-10T14:00:00,DEMO_MONITORING_FEED,COMPLIANT,0,DEMO_CONFIGURATION,"Configured thresholds are synthetic for software testing, not legal limits"
ENV-0000226,M001,ENV-ST-M001-03,BOD,15.0,mg/L,,30,22.350796,82.68992,2026-07-10T06:00:00,DEMO_MONITORING_FEED,COMPLIANT,0,DEMO_CONFIGURATION,"Configured thresholds are synthetic for software testing, not legal limits"
ENV-0000227,M001,ENV-ST-M001-02,Oil_Grease,2.7,mg/L,,10,22.361803,82.685333,2026-07-10T14:00:00,DEMO_MONITORING_FEED,COMPLIANT,0,DEMO_CONFIGURATION,"Configured thresholds are synthetic for software testing, not legal limits"
ENV-0000228,M001,ENV-ST-M001-02,Noise,120.45,dB(A),,85,22.345697,82.689527,2026-07-10T22:00:00,DEMO_MONITORING_FEED,EXCEEDED,41.7,DEMO_CONFIGURATION,"Configured thresholds are synthetic for software testing, not legal limits"
ENV-0000229,M001,ENV-ST-M001-02,PM2.5,37.12,ug/m3,,60,22.347509,82.690391,2026-07-07T14:00:00,DEMO_MONITORING_FEED,COMPLIANT,0,DEMO_CONFIGURATION,"Configured thresholds are synthetic for software testing, not legal limits"
ENV-0000230,M001,ENV-ST-M001-02,PM10,101.29,ug/m3,,100,22.359211,82.69084,2026-07-07T06:00:00,DEMO_MONITORING_FEED,EXCEEDED,1.3,DEMO_CONFIGURATION,"Configured thresholds are synthetic for software testing, not legal limits"
ENV-0000231,M001,ENV-ST-M001-02,SO2,32.07,ug/m3,,80,22.355292,82.691864,2026-07-07T14:00:00,DEMO_MONITORING_FEED,COMPLIANT,0,DEMO_CONFIGURATION,"Configured thresholds are synthetic for software testing, not legal limits"
ENV-0000232,M001,ENV-ST-M001-03,NO2,56.79,ug/m3,,80,22.35708,82.698455,2026-07-07T06:00:00,DEMO_MONITORING_FEED,COMPLIANT,0,DEMO_CONFIGURATION,"Configured thresholds are synthetic for software testing, not legal limits"
ENV-0000233,M001,ENV-ST-M001-03,CO,1.71,mg/m3,,4,22.361613,82.691599,2026-07-07T06:00:00,DEMO_MONITORING_FEED,COMPLIANT,0,DEMO_CONFIGURATION,"Configured thresholds are synthetic for software testing, not legal limits"
ENV-0000234,M001,ENV-ST-M001-03,pH,6.45,pH,6.5,8.5,22.35789,82.684019,2026-07-07T22:00:00,DEMO_MONITORING_FEED,EXCEEDED,2.5,DEMO_CONFIGURATION,"Configured thresholds are synthetic for software testing, not legal limits"
ENV-0000235,M001,ENV-ST-M001-02,TSS,86.97,mg/L,,100,22.346864,82.696123,2026-07-07T06:00:00,DEMO_MONITORING_FEED,COMPLIANT,0,DEMO_CONFIGURATION,"Configured thresholds are synthetic for software testing, not legal limits"
ENV-0000236,M001,ENV-ST-M001-02,TDS,1330.65,mg/L,,2100,22.356022,82.698405,2026-07-07T14:00:00,DEMO_MONITORING_FEED,COMPLIANT,0,DEMO_CONFIGURATION,"Configured thresholds are synthetic for software testing, not legal limits"
ENV-0000237,M001,ENV-ST-M001-02,COD,119.27,mg/L,,250,22.344225,82.680261,2026-07-07T22:00:00,DEMO_MONITORING_FEED,COMPLIANT,0,DEMO_CONFIGURATION,"Configured thresholds are synthetic for software testing, not legal limits"
ENV-0000238,M001,ENV-ST-M001-02,BOD,17.79,mg/L,,30,22.357669,82.694499,2026-07-07T06:00:00,DEMO_MONITORING_FEED,COMPLIANT,0,DEMO_CONFIGURATION,"Configured thresholds are synthetic for software testing, not legal limits"
ENV-0000239,M001,ENV-ST-M001-03,Oil_Grease,3.44,mg/L,,10,22.342652,82.697009,2026-07-07T06:00:00,DEMO_MONITORING_FEED,COMPLIANT,0,DEMO_CONFIGURATION,"Configured thresholds are synthetic for software testing, not legal limits"
ENV-0000240,M001,ENV-ST-M001-02,Noise,85.5,dB(A),,85,22.349611,82.681183,2026-07-07T22:00:00,DEMO_MONITORING_FEED,EXCEEDED,0.6,DEMO_CONFIGURATION,"Configured thresholds are synthetic for software testing, not legal limits"
ENV-0000241,M001,ENV-ST-M001-02,PM2.5,55.61,ug/m3,,60,22.34961,82.680089,2026-07-04T06:00:00,DEMO_MONITORING_FEED,COMPLIANT,0,DEMO_CONFIGURATION,"Configured thresholds are synthetic for software testing, not legal limits"
ENV-0000242,M001,ENV-ST-M001-01,PM10,74.79,ug/m3,,100,22.356503,82.694338,2026-07-04T06:00:00,DEMO_MONITORING_FEED,COMPLIANT,0,DEMO_CONFIGURATION,"Configured thresholds are synthetic for software testing, not legal limits"
ENV-0000243,M001,ENV-ST-M001-01,SO2,45.31,ug/m3,,80,22.34237,82.691701,2026-07-04T06:00:00,DEMO_MONITORING_FEED,COMPLIANT,0,DEMO_CONFIGURATION,"Configured thresholds are synthetic for software testing, not legal limits"
ENV-0000244,M001,ENV-ST-M001-01,NO2,47.31,ug/m3,,80,22.355661,82.690653,2026-07-04T06:00:00,DEMO_MONITORING_FEED,COMPLIANT,0,DEMO_CONFIGURATION,"Configured thresholds are synthetic for software testing, not legal limits"
ENV-0000245,M001,ENV-ST-M001-01,CO,2.22,mg/m3,,4,22.358884,82.68559,2026-07-04T14:00:00,DEMO_MONITORING_FEED,COMPLIANT,0,DEMO_CONFIGURATION,"Configured thresholds are synthetic for software testing, not legal limits"
ENV-0000246,M001,ENV-ST-M001-01,pH,7.13,pH,6.5,8.5,22.360851,82.682494,2026-07-04T06:00:00,DEMO_MONITORING_FEED,COMPLIANT,0,DEMO_CONFIGURATION,"Configured thresholds are synthetic for software testing, not legal limits"
ENV-0000247,M001,ENV-ST-M001-03,TSS,47.21,mg/L,,100,22.359527,82.696077,2026-07-04T14:00:00,DEMO_MONITORING_FEED,COMPLIANT,0,DEMO_CONFIGURATION,"Configured thresholds are synthetic for software testing, not legal limits"
ENV-0000248,M001,ENV-ST-M001-03,TDS,221.36,mg/L,,2100,22.351777,82.698916,2026-07-04T22:00:00,DEMO_MONITORING_FEED,COMPLIANT,0,DEMO_CONFIGURATION,"Configured thresholds are synthetic for software testing, not legal limits"
ENV-0000249,M001,ENV-ST-M001-01,COD,120.71,mg/L,,250,22.360527,82.690596,2026-07-04T14:00:00,DEMO_MONITORING_FEED,COMPLIANT,0,DEMO_CONFIGURATION,"Configured thresholds are synthetic for software testing, not legal limits"
ENV-0000250,M001,ENV-ST-M001-03,BOD,24.02,mg/L,,30,22.35757,82.686582,2026-07-04T14:00:00,DEMO_MONITORING_FEED,COMPLIANT,0,DEMO_CONFIGURATION,"Configured thresholds are synthetic for software testing, not legal limits"
ENV-0000251,M001,ENV-ST-M001-02,Oil_Grease,1.65,mg/L,,10,22.342505,82.688211,2026-07-04T14:00:00,DEMO_MONITORING_FEED,COMPLIANT,0,DEMO_CONFIGURATION,"Configured thresholds are synthetic for software testing, not legal limits"
ENV-0000252,M001,ENV-ST-M001-01,Noise,94.11,dB(A),,85,22.348746,82.694325,2026-07-04T14:00:00,DEMO_MONITORING_FEED,EXCEEDED,10.7,DEMO_CONFIGURATION,"Configured thresholds are synthetic for software testing, not legal limits"
ENV-0000253,M001,ENV-ST-M001-02,PM2.5,40.21,ug/m3,,60,22.344001,82.68585,2026-07-01T22:00:00,DEMO_MONITORING_FEED,COMPLIANT,0,DEMO_CONFIGURATION,"Configured thresholds are synthetic for software testing, not legal limits"
ENV-0000254,M001,ENV-ST-M001-02,PM10,89.29,ug/m3,,100,22.360105,82.685482,2026-07-01T22:00:00,DEMO_MONITORING_FEED,COMPLIANT,0,DEMO_CONFIGURATION,"Configured thresholds are synthetic for software testing, not legal limits"
ENV-0000255,M001,ENV-ST-M001-02,SO2,36.13,ug/m3,,80,22.355675,82.698381,2026-07-01T06:00:00,DEMO_MONITORING_FEED,COMPLIANT,0,DEMO_CONFIGURATION,"Configured thresholds are synthetic for software testing, not legal limits"
ENV-0000256,M001,ENV-ST-M001-02,NO2,50.24,ug/m3,,80,22.353248,82.695879,2026-07-01T06:00:00,DEMO_MONITORING_FEED,COMPLIANT,0,DEMO_CONFIGURATION,"Configured thresholds are synthetic for software testing, not legal limits"
ENV-0000257,M001,ENV-ST-M001-02,CO,1.7,mg/m3,,4,22.361766,82.691075,2026-07-01T22:00:00,DEMO_MONITORING_FEED,COMPLIANT,0,DEMO_CONFIGURATION,"Configured thresholds are synthetic for software testing, not legal limits"
ENV-0000258,M001,ENV-ST-M001-02,pH,7.84,pH,6.5,8.5,22.356198,82.697454,2026-07-01T06:00:00,DEMO_MONITORING_FEED,COMPLIANT,0,DEMO_CONFIGURATION,"Configured thresholds are synthetic for software testing, not legal limits"
ENV-0000259,M001,ENV-ST-M001-03,TSS,82.7,mg/L,,100,22.351589,82.698233,2026-07-01T14:00:00,DEMO_MONITORING_FEED,COMPLIANT,0,DEMO_CONFIGURATION,"Configured thresholds are synthetic for software testing, not legal limits"
ENV-0000260,M001,ENV-ST-M001-03,TDS,744.23,mg/L,,2100,22.354893,82.686315,2026-07-01T06:00:00,DEMO_MONITORING_FEED,COMPLIANT,0,DEMO_CONFIGURATION,"Configured thresholds are synthetic for software testing, not legal limits"
ENV-0000261,M001,ENV-ST-M001-02,COD,139.68,mg/L,,250,22.346981,82.699855,2026-07-01T14:00:00,DEMO_MONITORING_FEED,COMPLIANT,0,DEMO_CONFIGURATION,"Configured thresholds are synthetic for software testing, not legal limits"
ENV-0000262,M001,ENV-ST-M001-02,BOD,30.9,mg/L,,30,22.350884,82.682726,2026-07-01T14:00:00,DEMO_MONITORING_FEED,EXCEEDED,3.0,DEMO_CONFIGURATION,"Configured thresholds are synthetic for software testing, not legal limits"
ENV-0000263,M001,ENV-ST-M001-02,Oil_Grease,3.93,mg/L,,10,22.343443,82.683264,2026-07-01T22:00:00,DEMO_MONITORING_FEED,COMPLIANT,0,DEMO_CONFIGURATION,"Configured thresholds are synthetic for software testing, not legal limits"
ENV-0000264,M001,ENV-ST-M001-03,Noise,84.85,dB(A),,85,22.356502,82.680411,2026-07-01T14:00:00,DEMO_MONITORING_FEED,COMPLIANT,0,DEMO_CONFIGURATION,"Configured thresholds are synthetic for software testing, not legal limits"
ENV-0000265,M001,ENV-ST-M001-02,PM2.5,47.18,ug/m3,,60,22.346467,82.699247,2026-06-28T06:00:00,DEMO_MONITORING_FEED,COMPLIANT,0,DEMO_CONFIGURATION,"Configured thresholds are synthetic for software testing, not legal limits"
ENV-0000266,M001,ENV-ST-M001-03,PM10,100.1,ug/m3,,100,22.353652,82.682618,2026-06-28T22:00:00,DEMO_MONITORING_FEED,EXCEEDED,0.1,DEMO_CONFIGURATION,"Configured thresholds are synthetic for software testing, not legal limits"
ENV-0000267,M001,ENV-ST-M001-03,SO2,41.62,ug/m3,,80,22.345977,82.683214,2026-06-28T14:00:00,DEMO_MONITORING_FEED,COMPLIANT,0,DEMO_CONFIGURATION,"Configured thresholds are synthetic for software testing, not legal limits"
ENV-0000268,M001,ENV-ST-M001-01,NO2,42.53,ug/m3,,80,22.35907,82.697213,2026-06-28T06:00:00,DEMO_MONITORING_FEED,COMPLIANT,0,DEMO_CONFIGURATION,"Configured thresholds are synthetic for software testing, not legal limits"
ENV-0000269,M001,ENV-ST-M001-02,CO,1.72,mg/m3,,4,22.360374,82.684473,2026-06-28T14:00:00,DEMO_MONITORING_FEED,COMPLIANT,0,DEMO_CONFIGURATION,"Configured thresholds are synthetic for software testing, not legal limits"
ENV-0000270,M001,ENV-ST-M001-01,pH,7.44,pH,6.5,8.5,22.343714,82.69338,2026-06-28T06:00:00,DEMO_MONITORING_FEED,COMPLIANT,0,DEMO_CONFIGURATION,"Configured thresholds are synthetic for software testing, not legal limits"
ENV-0000271,M001,ENV-ST-M001-01,TSS,76.94,mg/L,,100,22.346996,82.682292,2026-06-28T22:00:00,DEMO_MONITORING_FEED,COMPLIANT,0,DEMO_CONFIGURATION,"Configured thresholds are synthetic for software testing, not legal limits"
ENV-0000272,M001,ENV-ST-M001-02,TDS,745.22,mg/L,,2100,22.351168,82.680478,2026-06-28T22:00:00,DEMO_MONITORING_FEED,COMPLIANT,0,DEMO_CONFIGURATION,"Configured thresholds are synthetic for software testing, not legal limits"
ENV-0000273,M001,ENV-ST-M001-03,COD,197.53,mg/L,,250,22.345266,82.698409,2026-06-28T22:00:00,DEMO_MONITORING_FEED,COMPLIANT,0,DEMO_CONFIGURATION,"Configured thresholds are synthetic for software testing, not legal limits"
ENV-0000274,M001,ENV-ST-M001-03,BOD,21.51,mg/L,,30,22.351681,82.699762,2026-06-28T06:00:00,DEMO_MONITORING_FEED,COMPLIANT,0,DEMO_CONFIGURATION,"Configured thresholds are synthetic for software testing, not legal limits"
ENV-0000275,M001,ENV-ST-M001-01,Oil_Grease,3.35,mg/L,,10,22.360588,82.694034,2026-06-28T22:00:00,DEMO_MONITORING_FEED,COMPLIANT,0,DEMO_CONFIGURATION,"Configured thresholds are synthetic for software testing, not legal limits"
ENV-0000276,M001,ENV-ST-M001-01,Noise,101.62,dB(A),,85,22.350273,82.690101,2026-06-28T06:00:00,DEMO_MONITORING_FEED,EXCEEDED,19.6,DEMO_CONFIGURATION,"Configured thresholds are synthetic for software testing, not legal limits"
ENV-0000277,M001,ENV-ST-M001-02,PM2.5,55.94,ug/m3,,60,22.35916,82.694023,2026-06-25T14:00:00,DEMO_MONITORING_FEED,COMPLIANT,0,DEMO_CONFIGURATION,"Configured thresholds are synthetic for software testing, not legal limits"
ENV-0000278,M001,ENV-ST-M001-03,PM10,93.92,ug/m3,,100,22.3431,82.687088,2026-06-25T22:00:00,DEMO_MONITORING_FEED,COMPLIANT,0,DEMO_CONFIGURATION,"Configured thresholds are synthetic for software testing, not legal limits"
ENV-0000279,M001,ENV-ST-M001-02,SO2,70.27,ug/m3,,80,22.354902,82.697276,2026-06-25T22:00:00,DEMO_MONITORING_FEED,COMPLIANT,0,DEMO_CONFIGURATION,"Configured thresholds are synthetic for software testing, not legal limits"
ENV-0000280,M001,ENV-ST-M001-03,NO2,35.83,ug/m3,,80,22.348185,82.687772,2026-06-25T06:00:00,DEMO_MONITORING_FEED,COMPLIANT,0,DEMO_CONFIGURATION,"Configured thresholds are synthetic for software testing, not legal limits"
ENV-0000281,M001,ENV-ST-M001-01,CO,0.71,mg/m3,,4,22.358594,82.687311,2026-06-25T22:00:00,DEMO_MONITORING_FEED,COMPLIANT,0,DEMO_CONFIGURATION,"Configured thresholds are synthetic for software testing, not legal limits"
ENV-0000282,M001,ENV-ST-M001-01,pH,6.49,pH,6.5,8.5,22.357113,82.691931,2026-06-25T22:00:00,DEMO_MONITORING_FEED,EXCEEDED,0.5,DEMO_CONFIGURATION,"Configured thresholds are synthetic for software testing, not legal limits"
ENV-0000283,M001,ENV-ST-M001-03,TSS,48.74,mg/L,,100,22.355613,82.699503,2026-06-25T06:00:00,DEMO_MONITORING_FEED,COMPLIANT,0,DEMO_CONFIGURATION,"Configured thresholds are synthetic for software testing, not legal limits"
ENV-0000284,M001,ENV-ST-M001-03,TDS,1675.8,mg/L,,2100,22.359018,82.683077,2026-06-25T14:00:00,DEMO_MONITORING_FEED,COMPLIANT,0,DEMO_CONFIGURATION,"Configured thresholds are synthetic for software testing, not legal limits"
ENV-0000285,M001,ENV-ST-M001-03,COD,192.25,mg/L,,250,22.354181,82.698281,2026-06-25T22:00:00,DEMO_MONITORING_FEED,COMPLIANT,0,DEMO_CONFIGURATION,"Configured thresholds are synthetic for software testing, not legal limits"
ENV-0000286,M001,ENV-ST-M001-02,BOD,20.18,mg/L,,30,22.360794,82.683878,2026-06-25T14:00:00,DEMO_MONITORING_FEED,COMPLIANT,0,DEMO_CONFIGURATION,"Configured thresholds are synthetic for software testing, not legal limits"
ENV-0000287,M001,ENV-ST-M001-03,Oil_Grease,6.89,mg/L,,10,22.349696,82.695388,2026-06-25T06:00:00,DEMO_MONITORING_FEED,COMPLIANT,0,DEMO_CONFIGURATION,"Configured thresholds are synthetic for software testing, not legal limits"
ENV-0000288,M001,ENV-ST-M001-02,Noise,77.75,dB(A),,85,22.342338,82.697266,2026-06-25T06:00:00,DEMO_MONITORING_FEED,COMPLIANT,0,DEMO_CONFIGURATION,"Configured thresholds are synthetic for software testing, not legal limits"
ENV-0000289,M002,ENV-ST-M002-01,PM2.5,52.96,ug/m3,,60,23.756028,86.413224,2026-09-02T14:00:00,DEMO_MONITORING_FEED,COMPLIANT,0,DEMO_CONFIGURATION,"Configured thresholds are synthetic for software testing, not legal limits"
ENV-0000290,M002,ENV-ST-M002-02,PM10,97.73,ug/m3,,100,23.766332,86.426597,2026-09-02T22:00:00,DEMO_MONITORING_FEED,COMPLIANT,0,DEMO_CONFIGURATION,"Configured thresholds are synthetic for software testing, not legal limits"
ENV-0000291,M002,ENV-ST-M002-02,SO2,36.12,ug/m3,,80,23.759059,86.422665,2026-09-02T22:00:00,DEMO_MONITORING_FEED,COMPLIANT,0,DEMO_CONFIGURATION,"Configured thresholds are synthetic for software testing, not legal limits"
ENV-0000292,M002,ENV-ST-M002-03,NO2,40.55,ug/m3,,80,23.750592,86.421834,2026-09-02T14:00:00,DEMO_MONITORING_FEED,COMPLIANT,0,DEMO_CONFIGURATION,"Configured thresholds are synthetic for software testing, not legal limits"
ENV-0000293,M002,ENV-ST-M002-03,CO,0.33,mg/m3,,4,23.756145,86.413098,2026-09-02T22:00:00,DEMO_MONITORING_FEED,COMPLIANT,0,DEMO_CONFIGURATION,"Configured thresholds are synthetic for software testing, not legal limits"
ENV-0000294,M002,ENV-ST-M002-03,pH,7.05,pH,6.5,8.5,23.751091,86.429113,2026-09-02T14:00:00,DEMO_MONITORING_FEED,COMPLIANT,0,DEMO_CONFIGURATION,"Configured thresholds are synthetic for software testing, not legal limits"
ENV-0000295,M002,ENV-ST-M002-01,TSS,61.73,mg/L,,100,23.761861,86.411999,2026-09-02T06:00:00,DEMO_MONITORING_FEED,COMPLIANT,0,DEMO_CONFIGURATION,"Configured thresholds are synthetic for software testing, not legal limits"
ENV-0000296,M002,ENV-ST-M002-03,TDS,851.43,mg/L,,2100,23.7531,86.416324,2026-09-02T06:00:00,DEMO_MONITORING_FEED,COMPLIANT,0,DEMO_CONFIGURATION,"Configured thresholds are synthetic for software testing, not legal limits"
ENV-0000297,M002,ENV-ST-M002-01,COD,231.55,mg/L,,250,23.7565,86.417319,2026-09-02T14:00:00,DEMO_MONITORING_FEED,COMPLIANT,0,DEMO_CONFIGURATION,"Configured thresholds are synthetic for software testing, not legal limits"
ENV-0000298,M002,ENV-ST-M002-01,BOD,23.69,mg/L,,30,23.75337,86.425888,2026-09-02T06:00:00,DEMO_MONITORING_FEED,COMPLIANT,0,DEMO_CONFIGURATION,"Configured thresholds are synthetic for software testing, not legal limits"
ENV-0000299,M002,ENV-ST-M002-03,Oil_Grease,3.84,mg/L,,10,23.751383,86.424792,2026-09-02T22:00:00,DEMO_MONITORING_FEED,COMPLIANT,0,DEMO_CONFIGURATION,"Configured thresholds are synthetic for software testing, not legal limits"
ENV-0000300,M002,ENV-ST-M002-02,Noise,100.47,dB(A),,85,23.758221,86.415697,2026-09-02T06:00:00,DEMO_MONITORING_FEED,EXCEEDED,18.2,DEMO_CONFIGURATION,"Configured thresholds are synthetic for software testing, not legal limits"
ENV-0000301,M002,ENV-ST-M002-02,PM2.5,53.21,ug/m3,,60,23.754936,86.42538,2026-08-30T22:00:00,DEMO_MONITORING_FEED,COMPLIANT,0,DEMO_CONFIGURATION,"Configured thresholds are synthetic for software testing, not legal limits"
ENV-0000302,M002,ENV-ST-M002-03,PM10,80.67,ug/m3,,100,23.752063,86.413934,2026-08-30T22:00:00,DEMO_MONITORING_FEED,COMPLIANT,0,DEMO_CONFIGURATION,"Configured thresholds are synthetic for software testing, not legal limits"
ENV-0000303,M002,ENV-ST-M002-03,SO2,47.14,ug/m3,,80,23.752336,86.423459,2026-08-30T22:00:00,DEMO_MONITORING_FEED,COMPLIANT,0,DEMO_CONFIGURATION,"Configured thresholds are synthetic for software testing, not legal limits"
ENV-0000304,M002,ENV-ST-M002-02,NO2,40.56,ug/m3,,80,23.759601,86.426854,2026-08-30T06:00:00,DEMO_MONITORING_FEED,COMPLIANT,0,DEMO_CONFIGURATION,"Configured thresholds are synthetic for software testing, not legal limits"
ENV-0000305,M002,ENV-ST-M002-02,CO,1.59,mg/m3,,4,23.752122,86.420356,2026-08-30T22:00:00,DEMO_MONITORING_FEED,COMPLIANT,0,DEMO_CONFIGURATION,"Configured thresholds are synthetic for software testing, not legal limits"
ENV-0000306,M002,ENV-ST-M002-03,pH,6.62,pH,6.5,8.5,23.765078,86.430568,2026-08-30T06:00:00,DEMO_MONITORING_FEED,COMPLIANT,0,DEMO_CONFIGURATION,"Configured thresholds are synthetic for software testing, not legal limits"
ENV-0000307,M002,ENV-ST-M002-03,TSS,65.35,mg/L,,100,23.761909,86.414153,2026-08-30T06:00:00,DEMO_MONITORING_FEED,COMPLIANT,0,DEMO_CONFIGURATION,"Configured thresholds are synthetic for software testing, not legal limits"
ENV-0000308,M002,ENV-ST-M002-02,TDS,1471.97,mg/L,,2100,23.766171,86.4298,2026-08-30T22:00:00,DEMO_MONITORING_FEED,COMPLIANT,0,DEMO_CONFIGURATION,"Configured thresholds are synthetic for software testing, not legal limits"
ENV-0000309,M002,ENV-ST-M002-01,COD,182.92,mg/L,,250,23.755855,86.426364,2026-08-30T22:00:00,DEMO_MONITORING_FEED,COMPLIANT,0,DEMO_CONFIGURATION,"Configured thresholds are synthetic for software testing, not legal limits"
ENV-0000310,M002,ENV-ST-M002-03,BOD,15.4,mg/L,,30,23.762585,86.412356,2026-08-30T22:00:00,DEMO_MONITORING_FEED,COMPLIANT,0,DEMO_CONFIGURATION,"Configured thresholds are synthetic for software testing, not legal limits"
ENV-0000311,M002,ENV-ST-M002-02,Oil_Grease,3.89,mg/L,,10,23.767287,86.411684,2026-08-30T14:00:00,DEMO_MONITORING_FEED,COMPLIANT,0,DEMO_CONFIGURATION,"Configured thresholds are synthetic for software testing, not legal limits"
ENV-0000312,M002,ENV-ST-M002-02,Noise,93.95,dB(A),,85,23.764867,86.425103,2026-08-30T06:00:00,DEMO_MONITORING_FEED,EXCEEDED,10.5,DEMO_CONFIGURATION,"Configured thresholds are synthetic for software testing, not legal limits"
ENV-0000313,M002,ENV-ST-M002-02,PM2.5,42.71,ug/m3,,60,23.765926,86.428405,2026-08-27T22:00:00,DEMO_MONITORING_FEED,COMPLIANT,0,DEMO_CONFIGURATION,"Configured thresholds are synthetic for software testing, not legal limits"
ENV-0000314,M002,ENV-ST-M002-02,PM10,88.92,ug/m3,,100,23.751019,86.427969,2026-08-27T22:00:00,DEMO_MONITORING_FEED,COMPLIANT,0,DEMO_CONFIGURATION,"Configured thresholds are synthetic for software testing, not legal limits"
ENV-0000315,M002,ENV-ST-M002-02,SO2,40.54,ug/m3,,80,23.757235,86.425744,2026-08-27T22:00:00,DEMO_MONITORING_FEED,COMPLIANT,0,DEMO_CONFIGURATION,"Configured thresholds are synthetic for software testing, not legal limits"
ENV-0000316,M002,ENV-ST-M002-01,NO2,60.64,ug/m3,,80,23.764562,86.413417,2026-08-27T14:00:00,DEMO_MONITORING_FEED,COMPLIANT,0,DEMO_CONFIGURATION,"Configured thresholds are synthetic for software testing, not legal limits"
ENV-0000317,M002,ENV-ST-M002-02,CO,1.38,mg/m3,,4,23.758384,86.420756,2026-08-27T22:00:00,DEMO_MONITORING_FEED,COMPLIANT,0,DEMO_CONFIGURATION,"Configured thresholds are synthetic for software testing, not legal limits"
ENV-0000318,M002,ENV-ST-M002-02,pH,7.59,pH,6.5,8.5,23.75797,86.42567,2026-08-27T22:00:00,DEMO_MONITORING_FEED,COMPLIANT,0,DEMO_CONFIGURATION,"Configured thresholds are synthetic for software testing, not legal limits"
ENV-0000319,M002,ENV-ST-M002-02,TSS,80.38,mg/L,,100,23.762884,86.42618,2026-08-27T06:00:00,DEMO_MONITORING_FEED,COMPLIANT,0,DEMO_CONFIGURATION,"Configured thresholds are synthetic for software testing, not legal limits"
ENV-0000320,M002,ENV-ST-M002-01,TDS,912.94,mg/L,,2100,23.766916,86.421526,2026-08-27T06:00:00,DEMO_MONITORING_FEED,COMPLIANT,0,DEMO_CONFIGURATION,"Configured thresholds are synthetic for software testing, not legal limits"
ENV-0000321,M002,ENV-ST-M002-01,COD,160.65,mg/L,,250,23.752805,86.414282,2026-08-27T06:00:00,DEMO_MONITORING_FEED,COMPLIANT,0,DEMO_CONFIGURATION,"Configured thresholds are synthetic for software testing, not legal limits"
ENV-0000322,M002,ENV-ST-M002-02,BOD,18.97,mg/L,,30,23.764755,86.420601,2026-08-27T06:00:00,DEMO_MONITORING_FEED,COMPLIANT,0,DEMO_CONFIGURATION,"Configured thresholds are synthetic for software testing, not legal limits"
ENV-0000323,M002,ENV-ST-M002-01,Oil_Grease,4.54,mg/L,,10,23.765227,86.428283,2026-08-27T22:00:00,DEMO_MONITORING_FEED,COMPLIANT,0,DEMO_CONFIGURATION,"Configured thresholds are synthetic for software testing, not legal limits"
ENV-0000324,M002,ENV-ST-M002-01,Noise,97.07,dB(A),,85,23.753224,86.42258,2026-08-27T22:00:00,DEMO_MONITORING_FEED,EXCEEDED,14.2,DEMO_CONFIGURATION,"Configured thresholds are synthetic for software testing, not legal limits"
ENV-0000325,M002,ENV-ST-M002-02,PM2.5,42.68,ug/m3,,60,23.760336,86.413754,2026-08-24T14:00:00,DEMO_MONITORING_FEED,COMPLIANT,0,DEMO_CONFIGURATION,"Configured thresholds are synthetic for software testing, not legal limits"
ENV-0000326,M002,ENV-ST-M002-02,PM10,71.6,ug/m3,,100,23.759567,86.427888,2026-08-24T06:00:00,DEMO_MONITORING_FEED,COMPLIANT,0,DEMO_CONFIGURATION,"Configured thresholds are synthetic for software testing, not legal limits"
ENV-0000327,M002,ENV-ST-M002-01,SO2,23.25,ug/m3,,80,23.761262,86.417727,2026-08-24T14:00:00,DEMO_MONITORING_FEED,COMPLIANT,0,DEMO_CONFIGURATION,"Configured thresholds are synthetic for software testing, not legal limits"
ENV-0000328,M002,ENV-ST-M002-01,NO2,49.94,ug/m3,,80,23.766033,86.430028,2026-08-24T06:00:00,DEMO_MONITORING_FEED,COMPLIANT,0,DEMO_CONFIGURATION,"Configured thresholds are synthetic for software testing, not legal limits"
ENV-0000329,M002,ENV-ST-M002-01,CO,1.06,mg/m3,,4,23.751807,86.418209,2026-08-24T22:00:00,DEMO_MONITORING_FEED,COMPLIANT,0,DEMO_CONFIGURATION,"Configured thresholds are synthetic for software testing, not legal limits"
ENV-0000330,M002,ENV-ST-M002-03,pH,6.79,pH,6.5,8.5,23.750297,86.424254,2026-08-24T06:00:00,DEMO_MONITORING_FEED,COMPLIANT,0,DEMO_CONFIGURATION,"Configured thresholds are synthetic for software testing, not legal limits"
ENV-0000331,M002,ENV-ST-M002-02,TSS,57.23,mg/L,,100,23.749753,86.423853,2026-08-24T06:00:00,DEMO_MONITORING_FEED,COMPLIANT,0,DEMO_CONFIGURATION,"Configured thresholds are synthetic for software testing, not legal limits"
ENV-0000332,M002,ENV-ST-M002-02,TDS,1322.61,mg/L,,2100,23.754111,86.414235,2026-08-24T22:00:00,DEMO_MONITORING_FEED,COMPLIANT,0,DEMO_CONFIGURATION,"Configured thresholds are synthetic for software testing, not legal limits"
ENV-0000333,M002,ENV-ST-M002-03,COD,176.22,mg/L,,250,23.75871,86.412524,2026-08-24T14:00:00,DEMO_MONITORING_FEED,COMPLIANT,0,DEMO_CONFIGURATION,"Configured thresholds are synthetic for software testing, not legal limits"
ENV-0000334,M002,ENV-ST-M002-01,BOD,16.61,mg/L,,30,23.752121,86.425005,2026-08-24T22:00:00,DEMO_MONITORING_FEED,COMPLIANT,0,DEMO_CONFIGURATION,"Configured thresholds are synthetic for software testing, not legal limits"
ENV-0000335,M002,ENV-ST-M002-02,Oil_Grease,4.63,mg/L,,10,23.759505,86.415196,2026-08-24T06:00:00,DEMO_MONITORING_FEED,COMPLIANT,0,DEMO_CONFIGURATION,"Configured thresholds are synthetic for software testing, not legal limits"
ENV-0000336,M002,ENV-ST-M002-01,Noise,48.15,dB(A),,85,23.751996,86.424529,2026-08-24T06:00:00,DEMO_MONITORING_FEED,COMPLIANT,0,DEMO_CONFIGURATION,"Configured thresholds are synthetic for software testing, not legal limits"
ENV-0000337,M002,ENV-ST-M002-01,PM2.5,40.44,ug/m3,,60,23.758506,86.42672,2026-08-21T14:00:00,DEMO_MONITORING_FEED,COMPLIANT,0,DEMO_CONFIGURATION,"Configured thresholds are synthetic for software testing, not legal limits"
ENV-0000338,M002,ENV-ST-M002-01,PM10,78.84,ug/m3,,100,23.766789,86.423172,2026-08-21T06:00:00,DEMO_MONITORING_FEED,COMPLIANT,0,DEMO_CONFIGURATION,"Configured thresholds are synthetic for software testing, not legal limits"
ENV-0000339,M002,ENV-ST-M002-01,SO2,36.34,ug/m3,,80,23.755506,86.416506,2026-08-21T14:00:00,DEMO_MONITORING_FEED,COMPLIANT,0,DEMO_CONFIGURATION,"Configured thresholds are synthetic for software testing, not legal limits"
ENV-0000340,M002,ENV-ST-M002-02,NO2,37.79,ug/m3,,80,23.755571,86.428838,2026-08-21T14:00:00,DEMO_MONITORING_FEED,COMPLIANT,0,DEMO_CONFIGURATION,"Configured thresholds are synthetic for software testing, not legal limits"
ENV-0000341,M002,ENV-ST-M002-03,CO,0.83,mg/m3,,4,23.767798,86.425189,2026-08-21T22:00:00,DEMO_MONITORING_FEED,COMPLIANT,0,DEMO_CONFIGURATION,"Configured thresholds are synthetic for software testing, not legal limits"
ENV-0000342,M002,ENV-ST-M002-03,pH,6.63,pH,6.5,8.5,23.767608,86.42442,2026-08-21T06:00:00,DEMO_MONITORING_FEED,COMPLIANT,0,DEMO_CONFIGURATION,"Configured thresholds are synthetic for software testing, not legal limits"
ENV-0000343,M002,ENV-ST-M002-03,TSS,94.99,mg/L,,100,23.757054,86.42533,2026-08-21T06:00:00,DEMO_MONITORING_FEED,COMPLIANT,0,DEMO_CONFIGURATION,"Configured thresholds are synthetic for software testing, not legal limits"
ENV-0000344,M002,ENV-ST-M002-02,TDS,1021.76,mg/L,,2100,23.754541,86.419983,2026-08-21T22:00:00,DEMO_MONITORING_FEED,COMPLIANT,0,DEMO_CONFIGURATION,"Configured thresholds are synthetic for software testing, not legal limits"
ENV-0000345,M002,ENV-ST-M002-02,COD,96.15,mg/L,,250,23.762722,86.413497,2026-08-21T14:00:00,DEMO_MONITORING_FEED,COMPLIANT,0,DEMO_CONFIGURATION,"Configured thresholds are synthetic for software testing, not legal limits"
ENV-0000346,M002,ENV-ST-M002-03,BOD,24.49,mg/L,,30,23.764613,86.419707,2026-08-21T06:00:00,DEMO_MONITORING_FEED,COMPLIANT,0,DEMO_CONFIGURATION,"Configured thresholds are synthetic for software testing, not legal limits"
ENV-0000347,M002,ENV-ST-M002-02,Oil_Grease,3.36,mg/L,,10,23.764566,86.416536,2026-08-21T06:00:00,DEMO_MONITORING_FEED,COMPLIANT,0,DEMO_CONFIGURATION,"Configured thresholds are synthetic for software testing, not legal limits"
ENV-0000348,M002,ENV-ST-M002-02,Noise,108.13,dB(A),,85,23.763916,86.418917,2026-08-21T22:00:00,DEMO_MONITORING_FEED,EXCEEDED,27.2,DEMO_CONFIGURATION,"Configured thresholds are synthetic for software testing, not legal limits"
ENV-0000349,M002,ENV-ST-M002-03,PM2.5,38.54,ug/m3,,60,23.762549,86.430724,2026-08-18T14:00:00,DEMO_MONITORING_FEED,COMPLIANT,0,DEMO_CONFIGURATION,"Configured thresholds are synthetic for software testing, not legal limits"
ENV-0000350,M002,ENV-ST-M002-02,PM10,57.05,ug/m3,,100,23.749682,86.412069,2026-08-18T14:00:00,DEMO_MONITORING_FEED,COMPLIANT,0,DEMO_CONFIGURATION,"Configured thresholds are synthetic for software testing, not legal limits"
ENV-0000351,M002,ENV-ST-M002-02,SO2,19.91,ug/m3,,80,23.749017,86.413299,2026-08-18T22:00:00,DEMO_MONITORING_FEED,COMPLIANT,0,DEMO_CONFIGURATION,"Configured thresholds are synthetic for software testing, not legal limits"
ENV-0000352,M002,ENV-ST-M002-01,NO2,34.85,ug/m3,,80,23.760493,86.430372,2026-08-18T14:00:00,DEMO_MONITORING_FEED,COMPLIANT,0,DEMO_CONFIGURATION,"Configured thresholds are synthetic for software testing, not legal limits"
ENV-0000353,M002,ENV-ST-M002-01,CO,0.65,mg/m3,,4,23.751748,86.411324,2026-08-18T14:00:00,DEMO_MONITORING_FEED,COMPLIANT,0,DEMO_CONFIGURATION,"Configured thresholds are synthetic for software testing, not legal limits"
ENV-0000354,M002,ENV-ST-M002-03,pH,7.03,pH,6.5,8.5,23.752735,86.416507,2026-08-18T06:00:00,DEMO_MONITORING_FEED,COMPLIANT,0,DEMO_CONFIGURATION,"Configured thresholds are synthetic for software testing, not legal limits"
ENV-0000355,M002,ENV-ST-M002-02,TSS,86.57,mg/L,,100,23.765888,86.412515,2026-08-18T22:00:00,DEMO_MONITORING_FEED,COMPLIANT,0,DEMO_CONFIGURATION,"Configured thresholds are synthetic for software testing, not legal limits"
ENV-0000356,M002,ENV-ST-M002-02,TDS,919.71,mg/L,,2100,23.751367,86.411104,2026-08-18T14:00:00,DEMO_MONITORING_FEED,COMPLIANT,0,DEMO_CONFIGURATION,"Configured thresholds are synthetic for software testing, not legal limits"
ENV-0000357,M002,ENV-ST-M002-02,COD,131.54,mg/L,,250,23.767738,86.414121,2026-08-18T14:00:00,DEMO_MONITORING_FEED,COMPLIANT,0,DEMO_CONFIGURATION,"Configured thresholds are synthetic for software testing, not legal limits"
ENV-0000358,M002,ENV-ST-M002-03,BOD,21.5,mg/L,,30,23.765547,86.426138,2026-08-18T22:00:00,DEMO_MONITORING_FEED,COMPLIANT,0,DEMO_CONFIGURATION,"Configured thresholds are synthetic for software testing, not legal limits"
ENV-0000359,M002,ENV-ST-M002-01,Oil_Grease,3.61,mg/L,,10,23.749331,86.413369,2026-08-18T06:00:00,DEMO_MONITORING_FEED,COMPLIANT,0,DEMO_CONFIGURATION,"Configured thresholds are synthetic for software testing, not legal limits"
ENV-0000360,M002,ENV-ST-M002-01,Noise,82.33,dB(A),,85,23.76211,86.41397,2026-08-18T22:00:00,DEMO_MONITORING_FEED,COMPLIANT,0,DEMO_CONFIGURATION,"Configured thresholds are synthetic for software testing, not legal limits"
ENV-0000361,M002,ENV-ST-M002-02,PM2.5,52.61,ug/m3,,60,23.75128,86.423651,2026-08-15T06:00:00,DEMO_MONITORING_FEED,COMPLIANT,0,DEMO_CONFIGURATION,"Configured thresholds are synthetic for software testing, not legal limits"
ENV-0000362,M002,ENV-ST-M002-03,PM10,69.12,ug/m3,,100,23.762509,86.419167,2026-08-15T14:00:00,DEMO_MONITORING_FEED,COMPLIANT,0,DEMO_CONFIGURATION,"Configured thresholds are synthetic for software testing, not legal limits"
ENV-0000363,M002,ENV-ST-M002-02,SO2,33.46,ug/m3,,80,23.758019,86.419274,2026-08-15T06:00:00,DEMO_MONITORING_FEED,COMPLIANT,0,DEMO_CONFIGURATION,"Configured thresholds are synthetic for software testing, not legal limits"
ENV-0000364,M002,ENV-ST-M002-03,NO2,68.0,ug/m3,,80,23.752652,86.429682,2026-08-15T22:00:00,DEMO_MONITORING_FEED,COMPLIANT,0,DEMO_CONFIGURATION,"Configured thresholds are synthetic for software testing, not legal limits"
ENV-0000365,M002,ENV-ST-M002-03,CO,0.85,mg/m3,,4,23.765238,86.423985,2026-08-15T14:00:00,DEMO_MONITORING_FEED,COMPLIANT,0,DEMO_CONFIGURATION,"Configured thresholds are synthetic for software testing, not legal limits"
ENV-0000366,M002,ENV-ST-M002-02,pH,7.54,pH,6.5,8.5,23.752644,86.415058,2026-08-15T22:00:00,DEMO_MONITORING_FEED,COMPLIANT,0,DEMO_CONFIGURATION,"Configured thresholds are synthetic for software testing, not legal limits"
ENV-0000367,M002,ENV-ST-M002-02,TSS,76.09,mg/L,,100,23.751353,86.424341,2026-08-15T14:00:00,DEMO_MONITORING_FEED,COMPLIANT,0,DEMO_CONFIGURATION,"Configured thresholds are synthetic for software testing, not legal limits"
ENV-0000368,M002,ENV-ST-M002-02,TDS,691.84,mg/L,,2100,23.763793,86.419304,2026-08-15T06:00:00,DEMO_MONITORING_FEED,COMPLIANT,0,DEMO_CONFIGURATION,"Configured thresholds are synthetic for software testing, not legal limits"
ENV-0000369,M002,ENV-ST-M002-01,COD,173.7,mg/L,,250,23.751863,86.420761,2026-08-15T14:00:00,DEMO_MONITORING_FEED,COMPLIANT,0,DEMO_CONFIGURATION,"Configured thresholds are synthetic for software testing, not legal limits"
ENV-0000370,M002,ENV-ST-M002-03,BOD,23.48,mg/L,,30,23.761571,86.428684,2026-08-15T22:00:00,DEMO_MONITORING_FEED,COMPLIANT,0,DEMO_CONFIGURATION,"Configured thresholds are synthetic for software testing, not legal limits"
ENV-0000371,M002,ENV-ST-M002-01,Oil_Grease,6.09,mg/L,,10,23.766655,86.413313,2026-08-15T06:00:00,DEMO_MONITORING_FEED,COMPLIANT,0,DEMO_CONFIGURATION,"Configured thresholds are synthetic for software testing, not legal limits"
ENV-0000372,M002,ENV-ST-M002-02,Noise,82.9,dB(A),,85,23.748182,86.416539,2026-08-15T14:00:00,DEMO_MONITORING_FEED,COMPLIANT,0,DEMO_CONFIGURATION,"Configured thresholds are synthetic for software testing, not legal limits"
ENV-0000373,M002,ENV-ST-M002-03,PM2.5,48.35,ug/m3,,60,23.754757,86.419966,2026-08-12T22:00:00,DEMO_MONITORING_FEED,COMPLIANT,0,DEMO_CONFIGURATION,"Configured thresholds are synthetic for software testing, not legal limits"
ENV-0000374,M002,ENV-ST-M002-01,PM10,78.94,ug/m3,,100,23.761114,86.411524,2026-08-12T06:00:00,DEMO_MONITORING_FEED,COMPLIANT,0,DEMO_CONFIGURATION,"Configured thresholds are synthetic for software testing, not legal limits"
ENV-0000375,M002,ENV-ST-M002-01,SO2,39.17,ug/m3,,80,23.766651,86.421825,2026-08-12T06:00:00,DEMO_MONITORING_FEED,COMPLIANT,0,DEMO_CONFIGURATION,"Configured thresholds are synthetic for software testing, not legal limits"
ENV-0000376,M002,ENV-ST-M002-01,NO2,55.51,ug/m3,,80,23.748991,86.412359,2026-08-12T14:00:00,DEMO_MONITORING_FEED,COMPLIANT,0,DEMO_CONFIGURATION,"Configured thresholds are synthetic for software testing, not legal limits"
ENV-0000377,M002,ENV-ST-M002-02,CO,0.9,mg/m3,,4,23.76452,86.42678,2026-08-12T14:00:00,DEMO_MONITORING_FEED,COMPLIANT,0,DEMO_CONFIGURATION,"Configured thresholds are synthetic for software testing, not legal limits"
ENV-0000378,M002,ENV-ST-M002-01,pH,7.33,pH,6.5,8.5,23.751692,86.416394,2026-08-12T06:00:00,DEMO_MONITORING_FEED,COMPLIANT,0,DEMO_CONFIGURATION,"Configured thresholds are synthetic for software testing, not legal limits"
ENV-0000379,M002,ENV-ST-M002-02,TSS,52.17,mg/L,,100,23.767972,86.427539,2026-08-12T22:00:00,DEMO_MONITORING_FEED,COMPLIANT,0,DEMO_CONFIGURATION,"Configured thresholds are synthetic for software testing, not legal limits"
ENV-0000380,M002,ENV-ST-M002-01,TDS,1184.14,mg/L,,2100,23.750615,86.428834,2026-08-12T14:00:00,DEMO_MONITORING_FEED,COMPLIANT,0,DEMO_CONFIGURATION,"Configured thresholds are synthetic for software testing, not legal limits"
ENV-0000381,M002,ENV-ST-M002-03,COD,228.74,mg/L,,250,23.75747,86.412529,2026-08-12T06:00:00,DEMO_MONITORING_FEED,COMPLIANT,0,DEMO_CONFIGURATION,"Configured thresholds are synthetic for software testing, not legal limits"
ENV-0000382,M002,ENV-ST-M002-02,BOD,18.48,mg/L,,30,23.750423,86.415565,2026-08-12T22:00:00,DEMO_MONITORING_FEED,COMPLIANT,0,DEMO_CONFIGURATION,"Configured thresholds are synthetic for software testing, not legal limits"
ENV-0000383,M002,ENV-ST-M002-01,Oil_Grease,4.11,mg/L,,10,23.75743,86.415947,2026-08-12T06:00:00,DEMO_MONITORING_FEED,COMPLIANT,0,DEMO_CONFIGURATION,"Configured thresholds are synthetic for software testing, not legal limits"
ENV-0000384,M002,ENV-ST-M002-03,Noise,91.91,dB(A),,85,23.765838,86.414898,2026-08-12T14:00:00,DEMO_MONITORING_FEED,EXCEEDED,8.1,DEMO_CONFIGURATION,"Configured thresholds are synthetic for software testing, not legal limits"
ENV-0000385,M002,ENV-ST-M002-02,PM2.5,53.39,ug/m3,,60,23.759332,86.425562,2026-08-09T14:00:00,DEMO_MONITORING_FEED,COMPLIANT,0,DEMO_CONFIGURATION,"Configured thresholds are synthetic for software testing, not legal limits"
ENV-0000386,M002,ENV-ST-M002-02,PM10,76.58,ug/m3,,100,23.74893,86.424048,2026-08-09T14:00:00,DEMO_MONITORING_FEED,COMPLIANT,0,DEMO_CONFIGURATION,"Configured thresholds are synthetic for software testing, not legal limits"
ENV-0000387,M002,ENV-ST-M002-03,SO2,57.15,ug/m3,,80,23.766744,86.420518,2026-08-09T06:00:00,DEMO_MONITORING_FEED,COMPLIANT,0,DEMO_CONFIGURATION,"Configured thresholds are synthetic for software testing, not legal limits"
ENV-0000388,M002,ENV-ST-M002-03,NO2,52.6,ug/m3,,80,23.752243,86.426932,2026-08-09T22:00:00,DEMO_MONITORING_FEED,COMPLIANT,0,DEMO_CONFIGURATION,"Configured thresholds are synthetic for software testing, not legal limits"
ENV-0000389,M002,ENV-ST-M002-03,CO,1.66,mg/m3,,4,23.753264,86.41149,2026-08-09T06:00:00,DEMO_MONITORING_FEED,COMPLIANT,0,DEMO_CONFIGURATION,"Configured thresholds are synthetic for software testing, not legal limits"
ENV-0000390,M002,ENV-ST-M002-01,pH,7.98,pH,6.5,8.5,23.755107,86.415839,2026-08-09T22:00:00,DEMO_MONITORING_FEED,COMPLIANT,0,DEMO_CONFIGURATION,"Configured thresholds are synthetic for software testing, not legal limits"
ENV-0000391,M002,ENV-ST-M002-03,TSS,62.09,mg/L,,100,23.749106,86.412353,2026-08-09T14:00:00,DEMO_MONITORING_FEED,COMPLIANT,0,DEMO_CONFIGURATION,"Configured thresholds are synthetic for software testing, not legal limits"
ENV-0000392,M002,ENV-ST-M002-01,TDS,866.4,mg/L,,2100,23.749287,86.411254,2026-08-09T06:00:00,DEMO_MONITORING_FEED,COMPLIANT,0,DEMO_CONFIGURATION,"Configured thresholds are synthetic for software testing, not legal limits"
ENV-0000393,M002,ENV-ST-M002-01,COD,81.55,mg/L,,250,23.753474,86.414221,2026-08-09T06:00:00,DEMO_MONITORING_FEED,COMPLIANT,0,DEMO_CONFIGURATION,"Configured thresholds are synthetic for software testing, not legal limits"
ENV-0000394,M002,ENV-ST-M002-02,BOD,17.44,mg/L,,30,23.74999,86.420313,2026-08-09T22:00:00,DEMO_MONITORING_FEED,COMPLIANT,0,DEMO_CONFIGURATION,"Configured thresholds are synthetic for software testing, not legal limits"
ENV-0000395,M002,ENV-ST-M002-03,Oil_Grease,4.91,mg/L,,10,23.75207,86.424029,2026-08-09T06:00:00,DEMO_MONITORING_FEED,COMPLIANT,0,DEMO_CONFIGURATION,"Configured thresholds are synthetic for software testing, not legal limits"
ENV-0000396,M002,ENV-ST-M002-02,Noise,86.75,dB(A),,85,23.759277,86.426514,2026-08-09T06:00:00,DEMO_MONITORING_FEED,EXCEEDED,2.1,DEMO_CONFIGURATION,"Configured thresholds are synthetic for software testing, not legal limits"
ENV-0000397,M002,ENV-ST-M002-02,PM2.5,55.45,ug/m3,,60,23.757883,86.427789,2026-08-06T06:00:00,DEMO_MONITORING_FEED,COMPLIANT,0,DEMO_CONFIGURATION,"Configured thresholds are synthetic for software testing, not legal limits"
ENV-0000398,M002,ENV-ST-M002-02,PM10,67.53,ug/m3,,100,23.762741,86.430789,2026-08-06T14:00:00,DEMO_MONITORING_FEED,COMPLIANT,0,DEMO_CONFIGURATION,"Configured thresholds are synthetic for software testing, not legal limits"
ENV-0000399,M002,ENV-ST-M002-03,SO2,39.49,ug/m3,,80,23.753203,86.412371,2026-08-06T14:00:00,DEMO_MONITORING_FEED,COMPLIANT,0,DEMO_CONFIGURATION,"Configured thresholds are synthetic for software testing, not legal limits"
ENV-0000400,M002,ENV-ST-M002-02,NO2,42.76,ug/m3,,80,23.764794,86.42792,2026-08-06T14:00:00,DEMO_MONITORING_FEED,COMPLIANT,0,DEMO_CONFIGURATION,"Configured thresholds are synthetic for software testing, not legal limits"
ENV-0000401,M002,ENV-ST-M002-03,CO,0.82,mg/m3,,4,23.761049,86.419688,2026-08-06T06:00:00,DEMO_MONITORING_FEED,COMPLIANT,0,DEMO_CONFIGURATION,"Configured thresholds are synthetic for software testing, not legal limits"
ENV-0000402,M002,ENV-ST-M002-01,pH,7.82,pH,6.5,8.5,23.767481,86.415887,2026-08-06T22:00:00,DEMO_MONITORING_FEED,COMPLIANT,0,DEMO_CONFIGURATION,"Configured thresholds are synthetic for software testing, not legal limits"
ENV-0000403,M002,ENV-ST-M002-03,TSS,92.19,mg/L,,100,23.754791,86.417029,2026-08-06T06:00:00,DEMO_MONITORING_FEED,COMPLIANT,0,DEMO_CONFIGURATION,"Configured thresholds are synthetic for software testing, not legal limits"
ENV-0000404,M002,ENV-ST-M002-03,TDS,1012.59,mg/L,,2100,23.755136,86.422593,2026-08-06T22:00:00,DEMO_MONITORING_FEED,COMPLIANT,0,DEMO_CONFIGURATION,"Configured thresholds are synthetic for software testing, not legal limits"
ENV-0000405,M002,ENV-ST-M002-01,COD,153.73,mg/L,,250,23.754467,86.424785,2026-08-06T14:00:00,DEMO_MONITORING_FEED,COMPLIANT,0,DEMO_CONFIGURATION,"Configured thresholds are synthetic for software testing, not legal limits"
ENV-0000406,M002,ENV-ST-M002-03,BOD,20.04,mg/L,,30,23.750599,86.4185,2026-08-06T22:00:00,DEMO_MONITORING_FEED,COMPLIANT,0,DEMO_CONFIGURATION,"Configured thresholds are synthetic for software testing, not legal limits"
ENV-0000407,M002,ENV-ST-M002-03,Oil_Grease,2.78,mg/L,,10,23.766675,86.414482,2026-08-06T06:00:00,DEMO_MONITORING_FEED,COMPLIANT,0,DEMO_CONFIGURATION,"Configured thresholds are synthetic for software testing, not legal limits"
ENV-0000408,M002,ENV-ST-M002-02,Noise,87.21,dB(A),,85,23.763524,86.420841,2026-08-06T22:00:00,DEMO_MONITORING_FEED,EXCEEDED,2.6,DEMO_CONFIGURATION,"Configured thresholds are synthetic for software testing, not legal limits"
ENV-0000409,M002,ENV-ST-M002-02,PM2.5,47.72,ug/m3,,60,23.75146,86.415315,2026-08-03T22:00:00,DEMO_MONITORING_FEED,COMPLIANT,0,DEMO_CONFIGURATION,"Configured thresholds are synthetic for software testing, not legal limits"
ENV-0000410,M002,ENV-ST-M002-01,PM10,77.3,ug/m3,,100,23.749699,86.41113,2026-08-03T14:00:00,DEMO_MONITORING_FEED,COMPLIANT,0,DEMO_CONFIGURATION,"Configured thresholds are synthetic for software testing, not legal limits"
ENV-0000411,M002,ENV-ST-M002-02,SO2,34.09,ug/m3,,80,23.760716,86.416506,2026-08-03T14:00:00,DEMO_MONITORING_FEED,COMPLIANT,0,DEMO_CONFIGURATION,"Configured thresholds are synthetic for software testing, not legal limits"
ENV-0000412,M002,ENV-ST-M002-02,NO2,32.96,ug/m3,,80,23.76192,86.429249,2026-08-03T14:00:00,DEMO_MONITORING_FEED,COMPLIANT,0,DEMO_CONFIGURATION,"Configured thresholds are synthetic for software testing, not legal limits"
ENV-0000413,M002,ENV-ST-M002-01,CO,1.49,mg/m3,,4,23.753817,86.423657,2026-08-03T14:00:00,DEMO_MONITORING_FEED,COMPLIANT,0,DEMO_CONFIGURATION,"Configured thresholds are synthetic for software testing, not legal limits"
ENV-0000414,M002,ENV-ST-M002-01,pH,6.75,pH,6.5,8.5,23.755885,86.415718,2026-08-03T22:00:00,DEMO_MONITORING_FEED,COMPLIANT,0,DEMO_CONFIGURATION,"Configured thresholds are synthetic for software testing, not legal limits"
ENV-0000415,M002,ENV-ST-M002-01,TSS,84.94,mg/L,,100,23.74888,86.42095,2026-08-03T22:00:00,DEMO_MONITORING_FEED,COMPLIANT,0,DEMO_CONFIGURATION,"Configured thresholds are synthetic for software testing, not legal limits"
ENV-0000416,M002,ENV-ST-M002-02,TDS,1112.62,mg/L,,2100,23.759554,86.411273,2026-08-03T22:00:00,DEMO_MONITORING_FEED,COMPLIANT,0,DEMO_CONFIGURATION,"Configured thresholds are synthetic for software testing, not legal limits"
ENV-0000417,M002,ENV-ST-M002-03,COD,168.81,mg/L,,250,23.75539,86.412766,2026-08-03T22:00:00,DEMO_MONITORING_FEED,COMPLIANT,0,DEMO_CONFIGURATION,"Configured thresholds are synthetic for software testing, not legal limits"
ENV-0000418,M002,ENV-ST-M002-02,BOD,22.17,mg/L,,30,23.760225,86.4196,2026-08-03T14:00:00,DEMO_MONITORING_FEED,COMPLIANT,0,DEMO_CONFIGURATION,"Configured thresholds are synthetic for software testing, not legal limits"
ENV-0000419,M002,ENV-ST-M002-01,Oil_Grease,6.14,mg/L,,10,23.761663,86.423083,2026-08-03T22:00:00,DEMO_MONITORING_FEED,COMPLIANT,0,DEMO_CONFIGURATION,"Configured thresholds are synthetic for software testing, not legal limits"
ENV-0000420,M002,ENV-ST-M002-02,Noise,79.58,dB(A),,85,23.763762,86.420735,2026-08-03T22:00:00,DEMO_MONITORING_FEED,COMPLIANT,0,DEMO_CONFIGURATION,"Configured thresholds are synthetic for software testing, not legal limits"
ENV-0000421,M002,ENV-ST-M002-03,PM2.5,44.37,ug/m3,,60,23.764284,86.421933,2026-07-31T14:00:00,DEMO_MONITORING_FEED,COMPLIANT,0,DEMO_CONFIGURATION,"Configured thresholds are synthetic for software testing, not legal limits"
ENV-0000422,M002,ENV-ST-M002-01,PM10,92.0,ug/m3,,100,23.750493,86.412296,2026-07-31T22:00:00,DEMO_MONITORING_FEED,COMPLIANT,0,DEMO_CONFIGURATION,"Configured thresholds are synthetic for software testing, not legal limits"
ENV-0000423,M002,ENV-ST-M002-03,SO2,16.12,ug/m3,,80,23.748583,86.427245,2026-07-31T22:00:00,DEMO_MONITORING_FEED,COMPLIANT,0,DEMO_CONFIGURATION,"Configured thresholds are synthetic for software testing, not legal limits"
ENV-0000424,M002,ENV-ST-M002-02,NO2,60.62,ug/m3,,80,23.764881,86.415616,2026-07-31T22:00:00,DEMO_MONITORING_FEED,COMPLIANT,0,DEMO_CONFIGURATION,"Configured thresholds are synthetic for software testing, not legal limits"
ENV-0000425,M002,ENV-ST-M002-02,CO,0.95,mg/m3,,4,23.760604,86.419341,2026-07-31T22:00:00,DEMO_MONITORING_FEED,COMPLIANT,0,DEMO_CONFIGURATION,"Configured thresholds are synthetic for software testing, not legal limits"
ENV-0000426,M002,ENV-ST-M002-02,pH,8.07,pH,6.5,8.5,23.762107,86.414414,2026-07-31T22:00:00,DEMO_MONITORING_FEED,COMPLIANT,0,DEMO_CONFIGURATION,"Configured thresholds are synthetic for software testing, not legal limits"
ENV-0000427,M002,ENV-ST-M002-01,TSS,79.04,mg/L,,100,23.756291,86.419539,2026-07-31T14:00:00,DEMO_MONITORING_FEED,COMPLIANT,0,DEMO_CONFIGURATION,"Configured thresholds are synthetic for software testing, not legal limits"
ENV-0000428,M002,ENV-ST-M002-02,TDS,1361.46,mg/L,,2100,23.758747,86.424072,2026-07-31T22:00:00,DEMO_MONITORING_FEED,COMPLIANT,0,DEMO_CONFIGURATION,"Configured thresholds are synthetic for software testing, not legal limits"
ENV-0000429,M002,ENV-ST-M002-02,COD,167.84,mg/L,,250,23.763032,86.414868,2026-07-31T06:00:00,DEMO_MONITORING_FEED,COMPLIANT,0,DEMO_CONFIGURATION,"Configured thresholds are synthetic for software testing, not legal limits"
ENV-0000430,M002,ENV-ST-M002-03,BOD,20.52,mg/L,,30,23.76257,86.430492,2026-07-31T22:00:00,DEMO_MONITORING_FEED,COMPLIANT,0,DEMO_CONFIGURATION,"Configured thresholds are synthetic for software testing, not legal limits"
ENV-0000431,M002,ENV-ST-M002-03,Oil_Grease,6.0,mg/L,,10,23.751465,86.413256,2026-07-31T06:00:00,DEMO_MONITORING_FEED,COMPLIANT,0,DEMO_CONFIGURATION,"Configured thresholds are synthetic for software testing, not legal limits"
ENV-0000432,M002,ENV-ST-M002-02,Noise,105.95,dB(A),,85,23.748055,86.418033,2026-07-31T14:00:00,DEMO_MONITORING_FEED,EXCEEDED,24.6,DEMO_CONFIGURATION,"Configured thresholds are synthetic for software testing, not legal limits"
ENV-0000433,M002,ENV-ST-M002-01,PM2.5,44.0,ug/m3,,60,23.758191,86.415123,2026-07-28T14:00:00,DEMO_MONITORING_FEED,COMPLIANT,0,DEMO_CONFIGURATION,"Configured thresholds are synthetic for software testing, not legal limits"
ENV-0000434,M002,ENV-ST-M002-03,PM10,94.13,ug/m3,,100,23.757035,86.418014,2026-07-28T14:00:00,DEMO_MONITORING_FEED,COMPLIANT,0,DEMO_CONFIGURATION,"Configured thresholds are synthetic for software testing, not legal limits"
ENV-0000435,M002,ENV-ST-M002-02,SO2,38.13,ug/m3,,80,23.7574,86.418301,2026-07-28T06:00:00,DEMO_MONITORING_FEED,COMPLIANT,0,DEMO_CONFIGURATION,"Configured thresholds are synthetic for software testing, not legal limits"
ENV-0000436,M002,ENV-ST-M002-03,NO2,46.22,ug/m3,,80,23.767943,86.425845,2026-07-28T06:00:00,DEMO_MONITORING_FEED,COMPLIANT,0,DEMO_CONFIGURATION,"Configured thresholds are synthetic for software testing, not legal limits"
ENV-0000437,M002,ENV-ST-M002-01,CO,1.42,mg/m3,,4,23.765589,86.411063,2026-07-28T22:00:00,DEMO_MONITORING_FEED,COMPLIANT,0,DEMO_CONFIGURATION,"Configured thresholds are synthetic for software testing, not legal limits"
ENV-0000438,M002,ENV-ST-M002-02,pH,7.49,pH,6.5,8.5,23.748561,86.427286,2026-07-28T14:00:00,DEMO_MONITORING_FEED,COMPLIANT,0,DEMO_CONFIGURATION,"Configured thresholds are synthetic for software testing, not legal limits"
ENV-0000439,M002,ENV-ST-M002-02,TSS,75.02,mg/L,,100,23.765475,86.413342,2026-07-28T06:00:00,DEMO_MONITORING_FEED,COMPLIANT,0,DEMO_CONFIGURATION,"Configured thresholds are synthetic for software testing, not legal limits"
ENV-0000440,M002,ENV-ST-M002-01,TDS,930.06,mg/L,,2100,23.751961,86.421193,2026-07-28T06:00:00,DEMO_MONITORING_FEED,COMPLIANT,0,DEMO_CONFIGURATION,"Configured thresholds are synthetic for software testing, not legal limits"
ENV-0000441,M002,ENV-ST-M002-02,COD,85.59,mg/L,,250,23.764739,86.428712,2026-07-28T22:00:00,DEMO_MONITORING_FEED,COMPLIANT,0,DEMO_CONFIGURATION,"Configured thresholds are synthetic for software testing, not legal limits"
ENV-0000442,M002,ENV-ST-M002-03,BOD,25.68,mg/L,,30,23.75344,86.425508,2026-07-28T22:00:00,DEMO_MONITORING_FEED,COMPLIANT,0,DEMO_CONFIGURATION,"Configured thresholds are synthetic for software testing, not legal limits"
ENV-0000443,M002,ENV-ST-M002-03,Oil_Grease,4.19,mg/L,,10,23.748239,86.427334,2026-07-28T22:00:00,DEMO_MONITORING_FEED,COMPLIANT,0,DEMO_CONFIGURATION,"Configured thresholds are synthetic for software testing, not legal limits"
ENV-0000444,M002,ENV-ST-M002-02,Noise,96.35,dB(A),,85,23.763034,86.413085,2026-07-28T14:00:00,DEMO_MONITORING_FEED,EXCEEDED,13.4,DEMO_CONFIGURATION,"Configured thresholds are synthetic for software testing, not legal limits"
ENV-0000445,M002,ENV-ST-M002-02,PM2.5,37.36,ug/m3,,60,23.754769,86.422946,2026-07-25T22:00:00,DEMO_MONITORING_FEED,COMPLIANT,0,DEMO_CONFIGURATION,"Configured thresholds are synthetic for software testing, not legal limits"
ENV-0000446,M002,ENV-ST-M002-03,PM10,96.45,ug/m3,,100,23.754116,86.416666,2026-07-25T14:00:00,DEMO_MONITORING_FEED,COMPLIANT,0,DEMO_CONFIGURATION,"Configured thresholds are synthetic for software testing, not legal limits"
ENV-0000447,M002,ENV-ST-M002-02,SO2,34.23,ug/m3,,80,23.758686,86.417723,2026-07-25T06:00:00,DEMO_MONITORING_FEED,COMPLIANT,0,DEMO_CONFIGURATION,"Configured thresholds are synthetic for software testing, not legal limits"
ENV-0000448,M002,ENV-ST-M002-03,NO2,50.05,ug/m3,,80,23.750058,86.428996,2026-07-25T06:00:00,DEMO_MONITORING_FEED,COMPLIANT,0,DEMO_CONFIGURATION,"Configured thresholds are synthetic for software testing, not legal limits"
ENV-0000449,M002,ENV-ST-M002-03,CO,1.44,mg/m3,,4,23.766933,86.416302,2026-07-25T06:00:00,DEMO_MONITORING_FEED,COMPLIANT,0,DEMO_CONFIGURATION,"Configured thresholds are synthetic for software testing, not legal limits"
ENV-0000450,M002,ENV-ST-M002-02,pH,7.58,pH,6.5,8.5,23.749855,86.420806,2026-07-25T22:00:00,DEMO_MONITORING_FEED,COMPLIANT,0,DEMO_CONFIGURATION,"Configured thresholds are synthetic for software testing, not legal limits"
ENV-0000451,M002,ENV-ST-M002-03,TSS,47.5,mg/L,,100,23.760321,86.412136,2026-07-25T22:00:00,DEMO_MONITORING_FEED,COMPLIANT,0,DEMO_CONFIGURATION,"Configured thresholds are synthetic for software testing, not legal limits"
ENV-0000452,M002,ENV-ST-M002-03,TDS,967.51,mg/L,,2100,23.749094,86.422874,2026-07-25T22:00:00,DEMO_MONITORING_FEED,COMPLIANT,0,DEMO_CONFIGURATION,"Configured thresholds are synthetic for software testing, not legal limits"
ENV-0000453,M002,ENV-ST-M002-02,COD,110.46,mg/L,,250,23.764533,86.418778,2026-07-25T22:00:00,DEMO_MONITORING_FEED,COMPLIANT,0,DEMO_CONFIGURATION,"Configured thresholds are synthetic for software testing, not legal limits"
ENV-0000454,M002,ENV-ST-M002-03,BOD,16.18,mg/L,,30,23.762788,86.429564,2026-07-25T22:00:00,DEMO_MONITORING_FEED,COMPLIANT,0,DEMO_CONFIGURATION,"Configured thresholds are synthetic for software testing, not legal limits"
ENV-0000455,M002,ENV-ST-M002-01,Oil_Grease,2.85,mg/L,,10,23.75095,86.423037,2026-07-25T22:00:00,DEMO_MONITORING_FEED,COMPLIANT,0,DEMO_CONFIGURATION,"Configured thresholds are synthetic for software testing, not legal limits"
ENV-0000456,M002,ENV-ST-M002-03,Noise,107.79,dB(A),,85,23.767411,86.419168,2026-07-25T14:00:00,DEMO_MONITORING_FEED,EXCEEDED,26.8,DEMO_CONFIGURATION,"Configured thresholds are synthetic for software testing, not legal limits"
ENV-0000457,M002,ENV-ST-M002-03,PM2.5,56.63,ug/m3,,60,23.749406,86.423823,2026-07-22T22:00:00,DEMO_MONITORING_FEED,COMPLIANT,0,DEMO_CONFIGURATION,"Configured thresholds are synthetic for software testing, not legal limits"
ENV-0000458,M002,ENV-ST-M002-01,PM10,66.74,ug/m3,,100,23.751981,86.425731,2026-07-22T22:00:00,DEMO_MONITORING_FEED,COMPLIANT,0,DEMO_CONFIGURATION,"Configured thresholds are synthetic for software testing, not legal limits"
ENV-0000459,M002,ENV-ST-M002-01,SO2,29.66,ug/m3,,80,23.767994,86.428169,2026-07-22T14:00:00,DEMO_MONITORING_FEED,COMPLIANT,0,DEMO_CONFIGURATION,"Configured thresholds are synthetic for software testing, not legal limits"
ENV-0000460,M002,ENV-ST-M002-02,NO2,40.33,ug/m3,,80,23.749434,86.414716,2026-07-22T06:00:00,DEMO_MONITORING_FEED,COMPLIANT,0,DEMO_CONFIGURATION,"Configured thresholds are synthetic for software testing, not legal limits"
ENV-0000461,M002,ENV-ST-M002-01,CO,1.75,mg/m3,,4,23.749272,86.428995,2026-07-22T22:00:00,DEMO_MONITORING_FEED,COMPLIANT,0,DEMO_CONFIGURATION,"Configured thresholds are synthetic for software testing, not legal limits"
ENV-0000462,M002,ENV-ST-M002-03,pH,7.06,pH,6.5,8.5,23.765997,86.412221,2026-07-22T14:00:00,DEMO_MONITORING_FEED,COMPLIANT,0,DEMO_CONFIGURATION,"Configured thresholds are synthetic for software testing, not legal limits"
ENV-0000463,M002,ENV-ST-M002-03,TSS,69.12,mg/L,,100,23.748249,86.420995,2026-07-22T22:00:00,DEMO_MONITORING_FEED,COMPLIANT,0,DEMO_CONFIGURATION,"Configured thresholds are synthetic for software testing, not legal limits"
ENV-0000464,M002,ENV-ST-M002-03,TDS,1213.62,mg/L,,2100,23.759431,86.427787,2026-07-22T06:00:00,DEMO_MONITORING_FEED,COMPLIANT,0,DEMO_CONFIGURATION,"Configured thresholds are synthetic for software testing, not legal limits"
ENV-0000465,M002,ENV-ST-M002-02,COD,97.61,mg/L,,250,23.76483,86.426027,2026-07-22T14:00:00,DEMO_MONITORING_FEED,COMPLIANT,0,DEMO_CONFIGURATION,"Configured thresholds are synthetic for software testing, not legal limits"
ENV-0000466,M002,ENV-ST-M002-01,BOD,12.57,mg/L,,30,23.75449,86.414755,2026-07-22T06:00:00,DEMO_MONITORING_FEED,COMPLIANT,0,DEMO_CONFIGURATION,"Configured thresholds are synthetic for software testing, not legal limits"
ENV-0000467,M002,ENV-ST-M002-03,Oil_Grease,3.9,mg/L,,10,23.755051,86.42117,2026-07-22T22:00:00,DEMO_MONITORING_FEED,COMPLIANT,0,DEMO_CONFIGURATION,"Configured thresholds are synthetic for software testing, not legal limits"
ENV-0000468,M002,ENV-ST-M002-02,Noise,91.83,dB(A),,85,23.762922,86.420489,2026-07-22T14:00:00,DEMO_MONITORING_FEED,EXCEEDED,8.0,DEMO_CONFIGURATION,"Configured thresholds are synthetic for software testing, not legal limits"
ENV-0000469,M002,ENV-ST-M002-03,PM2.5,46.9,ug/m3,,60,23.749308,86.43035,2026-07-19T14:00:00,DEMO_MONITORING_FEED,COMPLIANT,0,DEMO_CONFIGURATION,"Configured thresholds are synthetic for software testing, not legal limits"
ENV-0000470,M002,ENV-ST-M002-03,PM10,84.4,ug/m3,,100,23.761361,86.413389,2026-07-19T14:00:00,DEMO_MONITORING_FEED,COMPLIANT,0,DEMO_CONFIGURATION,"Configured thresholds are synthetic for software testing, not legal limits"
ENV-0000471,M002,ENV-ST-M002-03,SO2,22.15,ug/m3,,80,23.762872,86.429618,2026-07-19T22:00:00,DEMO_MONITORING_FEED,COMPLIANT,0,DEMO_CONFIGURATION,"Configured thresholds are synthetic for software testing, not legal limits"
ENV-0000472,M002,ENV-ST-M002-03,NO2,43.16,ug/m3,,80,23.748342,86.430275,2026-07-19T22:00:00,DEMO_MONITORING_FEED,COMPLIANT,0,DEMO_CONFIGURATION,"Configured thresholds are synthetic for software testing, not legal limits"
ENV-0000473,M002,ENV-ST-M002-02,CO,1.52,mg/m3,,4,23.752085,86.413168,2026-07-19T14:00:00,DEMO_MONITORING_FEED,COMPLIANT,0,DEMO_CONFIGURATION,"Configured thresholds are synthetic for software testing, not legal limits"
ENV-0000474,M002,ENV-ST-M002-02,pH,8.09,pH,6.5,8.5,23.748671,86.420932,2026-07-19T22:00:00,DEMO_MONITORING_FEED,COMPLIANT,0,DEMO_CONFIGURATION,"Configured thresholds are synthetic for software testing, not legal limits"
ENV-0000475,M002,ENV-ST-M002-01,TSS,59.67,mg/L,,100,23.750201,86.419082,2026-07-19T06:00:00,DEMO_MONITORING_FEED,COMPLIANT,0,DEMO_CONFIGURATION,"Configured thresholds are synthetic for software testing, not legal limits"
ENV-0000476,M002,ENV-ST-M002-03,TDS,868.06,mg/L,,2100,23.749496,86.426541,2026-07-19T14:00:00,DEMO_MONITORING_FEED,COMPLIANT,0,DEMO_CONFIGURATION,"Configured thresholds are synthetic for software testing, not legal limits"
ENV-0000477,M002,ENV-ST-M002-01,COD,110.53,mg/L,,250,23.751099,86.419541,2026-07-19T22:00:00,DEMO_MONITORING_FEED,COMPLIANT,0,DEMO_CONFIGURATION,"Configured thresholds are synthetic for software testing, not legal limits"
ENV-0000478,M002,ENV-ST-M002-02,BOD,17.34,mg/L,,30,23.749275,86.418636,2026-07-19T22:00:00,DEMO_MONITORING_FEED,COMPLIANT,0,DEMO_CONFIGURATION,"Configured thresholds are synthetic for software testing, not legal limits"
ENV-0000479,M002,ENV-ST-M002-02,Oil_Grease,2.49,mg/L,,10,23.761863,86.411461,2026-07-19T06:00:00,DEMO_MONITORING_FEED,COMPLIANT,0,DEMO_CONFIGURATION,"Configured thresholds are synthetic for software testing, not legal limits"
ENV-0000480,M002,ENV-ST-M002-02,Noise,91.26,dB(A),,85,23.760546,86.425187,2026-07-19T14:00:00,DEMO_MONITORING_FEED,EXCEEDED,7.4,DEMO_CONFIGURATION,"Configured thresholds are synthetic for software testing, not legal limits"
ENV-0000481,M002,ENV-ST-M002-02,PM2.5,55.04,ug/m3,,60,23.757433,86.424789,2026-07-16T22:00:00,DEMO_MONITORING_FEED,COMPLIANT,0,DEMO_CONFIGURATION,"Configured thresholds are synthetic for software testing, not legal limits"
ENV-0000482,M002,ENV-ST-M002-01,PM10,64.98,ug/m3,,100,23.761085,86.41141,2026-07-16T14:00:00,DEMO_MONITORING_FEED,COMPLIANT,0,DEMO_CONFIGURATION,"Configured thresholds are synthetic for software testing, not legal limits"
ENV-0000483,M002,ENV-ST-M002-02,SO2,63.54,ug/m3,,80,23.756941,86.420218,2026-07-16T22:00:00,DEMO_MONITORING_FEED,COMPLIANT,0,DEMO_CONFIGURATION,"Configured thresholds are synthetic for software testing, not legal limits"
ENV-0000484,M002,ENV-ST-M002-02,NO2,35.2,ug/m3,,80,23.753343,86.426049,2026-07-16T22:00:00,DEMO_MONITORING_FEED,COMPLIANT,0,DEMO_CONFIGURATION,"Configured thresholds are synthetic for software testing, not legal limits"
ENV-0000485,M002,ENV-ST-M002-03,CO,0.7,mg/m3,,4,23.762361,86.412118,2026-07-16T14:00:00,DEMO_MONITORING_FEED,COMPLIANT,0,DEMO_CONFIGURATION,"Configured thresholds are synthetic for software testing, not legal limits"
ENV-0000486,M002,ENV-ST-M002-01,pH,8.01,pH,6.5,8.5,23.764732,86.41479,2026-07-16T14:00:00,DEMO_MONITORING_FEED,COMPLIANT,0,DEMO_CONFIGURATION,"Configured thresholds are synthetic for software testing, not legal limits"
ENV-0000487,M002,ENV-ST-M002-03,TSS,56.43,mg/L,,100,23.76425,86.426253,2026-07-16T06:00:00,DEMO_MONITORING_FEED,COMPLIANT,0,DEMO_CONFIGURATION,"Configured thresholds are synthetic for software testing, not legal limits"
ENV-0000488,M002,ENV-ST-M002-03,TDS,846.95,mg/L,,2100,23.74991,86.418437,2026-07-16T14:00:00,DEMO_MONITORING_FEED,COMPLIANT,0,DEMO_CONFIGURATION,"Configured thresholds are synthetic for software testing, not legal limits"
ENV-0000489,M002,ENV-ST-M002-01,COD,163.6,mg/L,,250,23.759983,86.426397,2026-07-16T14:00:00,DEMO_MONITORING_FEED,COMPLIANT,0,DEMO_CONFIGURATION,"Configured thresholds are synthetic for software testing, not legal limits"
ENV-0000490,M002,ENV-ST-M002-01,BOD,14.72,mg/L,,30,23.752042,86.417161,2026-07-16T14:00:00,DEMO_MONITORING_FEED,COMPLIANT,0,DEMO_CONFIGURATION,"Configured thresholds are synthetic for software testing, not legal limits"
ENV-0000491,M002,ENV-ST-M002-01,Oil_Grease,3.1,mg/L,,10,23.767073,86.426203,2026-07-16T22:00:00,DEMO_MONITORING_FEED,COMPLIANT,0,DEMO_CONFIGURATION,"Configured thresholds are synthetic for software testing, not legal limits"
ENV-0000492,M002,ENV-ST-M002-02,Noise,67.42,dB(A),,85,23.763889,86.413032,2026-07-16T14:00:00,DEMO_MONITORING_FEED,COMPLIANT,0,DEMO_CONFIGURATION,"Configured thresholds are synthetic for software testing, not legal limits"
ENV-0000493,M002,ENV-ST-M002-02,PM2.5,43.67,ug/m3,,60,23.751581,86.429938,2026-07-13T22:00:00,DEMO_MONITORING_FEED,COMPLIANT,0,DEMO_CONFIGURATION,"Configured thresholds are synthetic for software testing, not legal limits"
ENV-0000494,M002,ENV-ST-M002-01,PM10,96.52,ug/m3,,100,23.757242,86.41836,2026-07-13T22:00:00,DEMO_MONITORING_FEED,COMPLIANT,0,DEMO_CONFIGURATION,"Configured thresholds are synthetic for software testing, not legal limits"
ENV-0000495,M002,ENV-ST-M002-02,SO2,29.27,ug/m3,,80,23.761955,86.430959,2026-07-13T22:00:00,DEMO_MONITORING_FEED,COMPLIANT,0,DEMO_CONFIGURATION,"Configured thresholds are synthetic for software testing, not legal limits"
ENV-0000496,M002,ENV-ST-M002-01,NO2,48.18,ug/m3,,80,23.750359,86.413914,2026-07-13T14:00:00,DEMO_MONITORING_FEED,COMPLIANT,0,DEMO_CONFIGURATION,"Configured thresholds are synthetic for software testing, not legal limits"
ENV-0000497,M002,ENV-ST-M002-01,CO,0.35,mg/m3,,4,23.759581,86.419876,2026-07-13T22:00:00,DEMO_MONITORING_FEED,COMPLIANT,0,DEMO_CONFIGURATION,"Configured thresholds are synthetic for software testing, not legal limits"
ENV-0000498,M002,ENV-ST-M002-03,pH,7.65,pH,6.5,8.5,23.763254,86.430848,2026-07-13T22:00:00,DEMO_MONITORING_FEED,COMPLIANT,0,DEMO_CONFIGURATION,"Configured thresholds are synthetic for software testing, not legal limits"
ENV-0000499,M002,ENV-ST-M002-03,TSS,68.37,mg/L,,100,23.754886,86.418409,2026-07-13T14:00:00,DEMO_MONITORING_FEED,COMPLIANT,0,DEMO_CONFIGURATION,"Configured thresholds are synthetic for software testing, not legal limits"
ENV-0000500,M002,ENV-ST-M002-03,TDS,573.29,mg/L,,2100,23.74957,86.414528,2026-07-13T14:00:00,DEMO_MONITORING_FEED,COMPLIANT,0,DEMO_CONFIGURATION,"Configured thresholds are synthetic for software testing, not legal limits"
ENV-0000501,M002,ENV-ST-M002-01,COD,154.39,mg/L,,250,23.765642,86.419699,2026-07-13T14:00:00,DEMO_MONITORING_FEED,COMPLIANT,0,DEMO_CONFIGURATION,"Configured thresholds are synthetic for software testing, not legal limits"
ENV-0000502,M002,ENV-ST-M002-02,BOD,17.31,mg/L,,30,23.749255,86.429276,2026-07-13T06:00:00,DEMO_MONITORING_FEED,COMPLIANT,0,DEMO_CONFIGURATION,"Configured thresholds are synthetic for software testing, not legal limits"
ENV-0000503,M002,ENV-ST-M002-02,Oil_Grease,5.1,mg/L,,10,23.752058,86.423793,2026-07-13T06:00:00,DEMO_MONITORING_FEED,COMPLIANT,0,DEMO_CONFIGURATION,"Configured thresholds are synthetic for software testing, not legal limits"
ENV-0000504,M002,ENV-ST-M002-03,Noise,113.12,dB(A),,85,23.756621,86.413062,2026-07-13T22:00:00,DEMO_MONITORING_FEED,EXCEEDED,33.1,DEMO_CONFIGURATION,"Configured thresholds are synthetic for software testing, not legal limits"
ENV-0000505,M002,ENV-ST-M002-03,PM2.5,42.94,ug/m3,,60,23.752535,86.421649,2026-07-10T14:00:00,DEMO_MONITORING_FEED,COMPLIANT,0,DEMO_CONFIGURATION,"Configured thresholds are synthetic for software testing, not legal limits"
ENV-0000506,M002,ENV-ST-M002-01,PM10,106.69,ug/m3,,100,23.760741,86.417114,2026-07-10T14:00:00,DEMO_MONITORING_FEED,EXCEEDED,6.7,DEMO_CONFIGURATION,"Configured thresholds are synthetic for software testing, not legal limits"
ENV-0000507,M002,ENV-ST-M002-03,SO2,21.21,ug/m3,,80,23.763745,86.418277,2026-07-10T06:00:00,DEMO_MONITORING_FEED,COMPLIANT,0,DEMO_CONFIGURATION,"Configured thresholds are synthetic for software testing, not legal limits"
ENV-0000508,M002,ENV-ST-M002-02,NO2,41.74,ug/m3,,80,23.766535,86.429452,2026-07-10T06:00:00,DEMO_MONITORING_FEED,COMPLIANT,0,DEMO_CONFIGURATION,"Configured thresholds are synthetic for software testing, not legal limits"
ENV-0000509,M002,ENV-ST-M002-03,CO,2.17,mg/m3,,4,23.761783,86.416383,2026-07-10T14:00:00,DEMO_MONITORING_FEED,COMPLIANT,0,DEMO_CONFIGURATION,"Configured thresholds are synthetic for software testing, not legal limits"
ENV-0000510,M002,ENV-ST-M002-03,pH,6.19,pH,6.5,8.5,23.762825,86.411362,2026-07-10T06:00:00,DEMO_MONITORING_FEED,EXCEEDED,15.5,DEMO_CONFIGURATION,"Configured thresholds are synthetic for software testing, not legal limits"
ENV-0000511,M002,ENV-ST-M002-02,TSS,55.11,mg/L,,100,23.749795,86.411025,2026-07-10T22:00:00,DEMO_MONITORING_FEED,COMPLIANT,0,DEMO_CONFIGURATION,"Configured thresholds are synthetic for software testing, not legal limits"
ENV-0000512,M002,ENV-ST-M002-02,TDS,1459.72,mg/L,,2100,23.765657,86.418988,2026-07-10T06:00:00,DEMO_MONITORING_FEED,COMPLIANT,0,DEMO_CONFIGURATION,"Configured thresholds are synthetic for software testing, not legal limits"
ENV-0000513,M002,ENV-ST-M002-02,COD,117.89,mg/L,,250,23.751089,86.411941,2026-07-10T22:00:00,DEMO_MONITORING_FEED,COMPLIANT,0,DEMO_CONFIGURATION,"Configured thresholds are synthetic for software testing, not legal limits"
ENV-0000514,M002,ENV-ST-M002-03,BOD,18.82,mg/L,,30,23.750585,86.421101,2026-07-10T06:00:00,DEMO_MONITORING_FEED,COMPLIANT,0,DEMO_CONFIGURATION,"Configured thresholds are synthetic for software testing, not legal limits"
ENV-0000515,M002,ENV-ST-M002-02,Oil_Grease,3.43,mg/L,,10,23.74913,86.419519,2026-07-10T22:00:00,DEMO_MONITORING_FEED,COMPLIANT,0,DEMO_CONFIGURATION,"Configured thresholds are synthetic for software testing, not legal limits"
ENV-0000516,M002,ENV-ST-M002-01,Noise,103.13,dB(A),,85,23.760463,86.424573,2026-07-10T06:00:00,DEMO_MONITORING_FEED,EXCEEDED,21.3,DEMO_CONFIGURATION,"Configured thresholds are synthetic for software testing, not legal limits"
ENV-0000517,M002,ENV-ST-M002-03,PM2.5,60.08,ug/m3,,60,23.751665,86.419183,2026-07-07T22:00:00,DEMO_MONITORING_FEED,EXCEEDED,0.1,DEMO_CONFIGURATION,"Configured thresholds are synthetic for software testing, not legal limits"
ENV-0000518,M002,ENV-ST-M002-01,PM10,117.18,ug/m3,,100,23.763307,86.420071,2026-07-07T14:00:00,DEMO_MONITORING_FEED,EXCEEDED,17.2,DEMO_CONFIGURATION,"Configured thresholds are synthetic for software testing, not legal limits"
ENV-0000519,M002,ENV-ST-M002-02,SO2,45.23,ug/m3,,80,23.754868,86.418895,2026-07-07T22:00:00,DEMO_MONITORING_FEED,COMPLIANT,0,DEMO_CONFIGURATION,"Configured thresholds are synthetic for software testing, not legal limits"
ENV-0000520,M002,ENV-ST-M002-03,NO2,81.37,ug/m3,,80,23.748304,86.413742,2026-07-07T06:00:00,DEMO_MONITORING_FEED,EXCEEDED,1.7,DEMO_CONFIGURATION,"Configured thresholds are synthetic for software testing, not legal limits"
ENV-0000521,M002,ENV-ST-M002-03,CO,1.44,mg/m3,,4,23.750514,86.427927,2026-07-07T06:00:00,DEMO_MONITORING_FEED,COMPLIANT,0,DEMO_CONFIGURATION,"Configured thresholds are synthetic for software testing, not legal limits"
ENV-0000522,M002,ENV-ST-M002-03,pH,6.91,pH,6.5,8.5,23.758359,86.427731,2026-07-07T14:00:00,DEMO_MONITORING_FEED,COMPLIANT,0,DEMO_CONFIGURATION,"Configured thresholds are synthetic for software testing, not legal limits"
ENV-0000523,M002,ENV-ST-M002-03,TSS,78.06,mg/L,,100,23.764394,86.416172,2026-07-07T06:00:00,DEMO_MONITORING_FEED,COMPLIANT,0,DEMO_CONFIGURATION,"Configured thresholds are synthetic for software testing, not legal limits"
ENV-0000524,M002,ENV-ST-M002-02,TDS,898.33,mg/L,,2100,23.764918,86.419193,2026-07-07T14:00:00,DEMO_MONITORING_FEED,COMPLIANT,0,DEMO_CONFIGURATION,"Configured thresholds are synthetic for software testing, not legal limits"
ENV-0000525,M002,ENV-ST-M002-01,COD,115.29,mg/L,,250,23.752889,86.418055,2026-07-07T14:00:00,DEMO_MONITORING_FEED,COMPLIANT,0,DEMO_CONFIGURATION,"Configured thresholds are synthetic for software testing, not legal limits"
ENV-0000526,M002,ENV-ST-M002-03,BOD,27.16,mg/L,,30,23.763179,86.415258,2026-07-07T06:00:00,DEMO_MONITORING_FEED,COMPLIANT,0,DEMO_CONFIGURATION,"Configured thresholds are synthetic for software testing, not legal limits"
ENV-0000527,M002,ENV-ST-M002-02,Oil_Grease,4.97,mg/L,,10,23.759351,86.420165,2026-07-07T14:00:00,DEMO_MONITORING_FEED,COMPLIANT,0,DEMO_CONFIGURATION,"Configured thresholds are synthetic for software testing, not legal limits"
ENV-0000528,M002,ENV-ST-M002-01,Noise,79.98,dB(A),,85,23.755747,86.418445,2026-07-07T06:00:00,DEMO_MONITORING_FEED,COMPLIANT,0,DEMO_CONFIGURATION,"Configured thresholds are synthetic for software testing, not legal limits"
ENV-0000529,M002,ENV-ST-M002-03,PM2.5,37.99,ug/m3,,60,23.756938,86.411305,2026-07-04T14:00:00,DEMO_MONITORING_FEED,COMPLIANT,0,DEMO_CONFIGURATION,"Configured thresholds are synthetic for software testing, not legal limits"
ENV-0000530,M002,ENV-ST-M002-03,PM10,95.86,ug/m3,,100,23.757781,86.420962,2026-07-04T22:00:00,DEMO_MONITORING_FEED,COMPLIANT,0,DEMO_CONFIGURATION,"Configured thresholds are synthetic for software testing, not legal limits"
ENV-0000531,M002,ENV-ST-M002-03,SO2,46.34,ug/m3,,80,23.748376,86.429596,2026-07-04T14:00:00,DEMO_MONITORING_FEED,COMPLIANT,0,DEMO_CONFIGURATION,"Configured thresholds are synthetic for software testing, not legal limits"
ENV-0000532,M002,ENV-ST-M002-02,NO2,55.11,ug/m3,,80,23.762307,86.421861,2026-07-04T14:00:00,DEMO_MONITORING_FEED,COMPLIANT,0,DEMO_CONFIGURATION,"Configured thresholds are synthetic for software testing, not legal limits"
ENV-0000533,M002,ENV-ST-M002-01,CO,1.35,mg/m3,,4,23.760823,86.42163,2026-07-04T22:00:00,DEMO_MONITORING_FEED,COMPLIANT,0,DEMO_CONFIGURATION,"Configured thresholds are synthetic for software testing, not legal limits"
ENV-0000534,M002,ENV-ST-M002-02,pH,6.85,pH,6.5,8.5,23.751298,86.420003,2026-07-04T22:00:00,DEMO_MONITORING_FEED,COMPLIANT,0,DEMO_CONFIGURATION,"Configured thresholds are synthetic for software testing, not legal limits"
ENV-0000535,M002,ENV-ST-M002-01,TSS,65.93,mg/L,,100,23.751557,86.430071,2026-07-04T14:00:00,DEMO_MONITORING_FEED,COMPLIANT,0,DEMO_CONFIGURATION,"Configured thresholds are synthetic for software testing, not legal limits"
ENV-0000536,M002,ENV-ST-M002-01,TDS,567.43,mg/L,,2100,23.75416,86.425759,2026-07-04T14:00:00,DEMO_MONITORING_FEED,COMPLIANT,0,DEMO_CONFIGURATION,"Configured thresholds are synthetic for software testing, not legal limits"
ENV-0000537,M002,ENV-ST-M002-02,COD,174.92,mg/L,,250,23.751391,86.421869,2026-07-04T14:00:00,DEMO_MONITORING_FEED,COMPLIANT,0,DEMO_CONFIGURATION,"Configured thresholds are synthetic for software testing, not legal limits"
ENV-0000538,M002,ENV-ST-M002-03,BOD,27.42,mg/L,,30,23.761949,86.418563,2026-07-04T14:00:00,DEMO_MONITORING_FEED,COMPLIANT,0,DEMO_CONFIGURATION,"Configured thresholds are synthetic for software testing, not legal limits"
ENV-0000539,M002,ENV-ST-M002-01,Oil_Grease,3.29,mg/L,,10,23.754096,86.426707,2026-07-04T06:00:00,DEMO_MONITORING_FEED,COMPLIANT,0,DEMO_CONFIGURATION,"Configured thresholds are synthetic for software testing, not legal limits"
ENV-0000540,M002,ENV-ST-M002-01,Noise,76.84,dB(A),,85,23.74974,86.42591,2026-07-04T06:00:00,DEMO_MONITORING_FEED,COMPLIANT,0,DEMO_CONFIGURATION,"Configured thresholds are synthetic for software testing, not legal limits"
ENV-0000541,M002,ENV-ST-M002-01,PM2.5,51.97,ug/m3,,60,23.754948,86.427609,2026-07-01T14:00:00,DEMO_MONITORING_FEED,COMPLIANT,0,DEMO_CONFIGURATION,"Configured thresholds are synthetic for software testing, not legal limits"
ENV-0000542,M002,ENV-ST-M002-03,PM10,69.04,ug/m3,,100,23.757886,86.416893,2026-07-01T14:00:00,DEMO_MONITORING_FEED,COMPLIANT,0,DEMO_CONFIGURATION,"Configured thresholds are synthetic for software testing, not legal limits"
ENV-0000543,M002,ENV-ST-M002-03,SO2,30.68,ug/m3,,80,23.755734,86.422106,2026-07-01T22:00:00,DEMO_MONITORING_FEED,COMPLIANT,0,DEMO_CONFIGURATION,"Configured thresholds are synthetic for software testing, not legal limits"
ENV-0000544,M002,ENV-ST-M002-03,NO2,42.27,ug/m3,,80,23.751901,86.419422,2026-07-01T14:00:00,DEMO_MONITORING_FEED,COMPLIANT,0,DEMO_CONFIGURATION,"Configured thresholds are synthetic for software testing, not legal limits"
ENV-0000545,M002,ENV-ST-M002-01,CO,1.94,mg/m3,,4,23.76748,86.422907,2026-07-01T06:00:00,DEMO_MONITORING_FEED,COMPLIANT,0,DEMO_CONFIGURATION,"Configured thresholds are synthetic for software testing, not legal limits"
ENV-0000546,M002,ENV-ST-M002-03,pH,7.27,pH,6.5,8.5,23.766283,86.415553,2026-07-01T22:00:00,DEMO_MONITORING_FEED,COMPLIANT,0,DEMO_CONFIGURATION,"Configured thresholds are synthetic for software testing, not legal limits"
ENV-0000547,M002,ENV-ST-M002-03,TSS,51.34,mg/L,,100,23.755644,86.415593,2026-07-01T06:00:00,DEMO_MONITORING_FEED,COMPLIANT,0,DEMO_CONFIGURATION,"Configured thresholds are synthetic for software testing, not legal limits"
ENV-0000548,M002,ENV-ST-M002-02,TDS,801.36,mg/L,,2100,23.755664,86.414897,2026-07-01T22:00:00,DEMO_MONITORING_FEED,COMPLIANT,0,DEMO_CONFIGURATION,"Configured thresholds are synthetic for software testing, not legal limits"
ENV-0000549,M002,ENV-ST-M002-03,COD,32.39,mg/L,,250,23.758382,86.413537,2026-07-01T22:00:00,DEMO_MONITORING_FEED,COMPLIANT,0,DEMO_CONFIGURATION,"Configured thresholds are synthetic for software testing, not legal limits"
ENV-0000550,M002,ENV-ST-M002-03,BOD,16.79,mg/L,,30,23.757774,86.415811,2026-07-01T14:00:00,DEMO_MONITORING_FEED,COMPLIANT,0,DEMO_CONFIGURATION,"Configured thresholds are synthetic for software testing, not legal limits"
ENV-0000551,M002,ENV-ST-M002-03,Oil_Grease,3.86,mg/L,,10,23.765106,86.426899,2026-07-01T14:00:00,DEMO_MONITORING_FEED,COMPLIANT,0,DEMO_CONFIGURATION,"Configured thresholds are synthetic for software testing, not legal limits"
ENV-0000552,M002,ENV-ST-M002-03,Noise,82.84,dB(A),,85,23.763678,86.414429,2026-07-01T22:00:00,DEMO_MONITORING_FEED,COMPLIANT,0,DEMO_CONFIGURATION,"Configured thresholds are synthetic for software testing, not legal limits"
ENV-0000553,M002,ENV-ST-M002-03,PM2.5,43.51,ug/m3,,60,23.755676,86.430903,2026-06-28T06:00:00,DEMO_MONITORING_FEED,COMPLIANT,0,DEMO_CONFIGURATION,"Configured thresholds are synthetic for software testing, not legal limits"
ENV-0000554,M002,ENV-ST-M002-01,PM10,101.25,ug/m3,,100,23.766719,86.427671,2026-06-28T22:00:00,DEMO_MONITORING_FEED,EXCEEDED,1.2,DEMO_CONFIGURATION,"Configured thresholds are synthetic for software testing, not legal limits"
ENV-0000555,M002,ENV-ST-M002-01,SO2,53.75,ug/m3,,80,23.753081,86.419081,2026-06-28T06:00:00,DEMO_MONITORING_FEED,COMPLIANT,0,DEMO_CONFIGURATION,"Configured thresholds are synthetic for software testing, not legal limits"
ENV-0000556,M002,ENV-ST-M002-02,NO2,56.35,ug/m3,,80,23.766665,86.416712,2026-06-28T22:00:00,DEMO_MONITORING_FEED,COMPLIANT,0,DEMO_CONFIGURATION,"Configured thresholds are synthetic for software testing, not legal limits"
ENV-0000557,M002,ENV-ST-M002-01,CO,0.88,mg/m3,,4,23.754896,86.429454,2026-06-28T22:00:00,DEMO_MONITORING_FEED,COMPLIANT,0,DEMO_CONFIGURATION,"Configured thresholds are synthetic for software testing, not legal limits"
ENV-0000558,M002,ENV-ST-M002-03,pH,6.37,pH,6.5,8.5,23.766725,86.419849,2026-06-28T14:00:00,DEMO_MONITORING_FEED,EXCEEDED,6.5,DEMO_CONFIGURATION,"Configured thresholds are synthetic for software testing, not legal limits"
ENV-0000559,M002,ENV-ST-M002-02,TSS,51.92,mg/L,,100,23.767728,86.417236,2026-06-28T22:00:00,DEMO_MONITORING_FEED,COMPLIANT,0,DEMO_CONFIGURATION,"Configured thresholds are synthetic for software testing, not legal limits"
ENV-0000560,M002,ENV-ST-M002-03,TDS,1156.26,mg/L,,2100,23.748428,86.427965,2026-06-28T06:00:00,DEMO_MONITORING_FEED,COMPLIANT,0,DEMO_CONFIGURATION,"Configured thresholds are synthetic for software testing, not legal limits"
ENV-0000561,M002,ENV-ST-M002-03,COD,94.2,mg/L,,250,23.751507,86.430823,2026-06-28T06:00:00,DEMO_MONITORING_FEED,COMPLIANT,0,DEMO_CONFIGURATION,"Configured thresholds are synthetic for software testing, not legal limits"
ENV-0000562,M002,ENV-ST-M002-01,BOD,20.99,mg/L,,30,23.767705,86.425697,2026-06-28T22:00:00,DEMO_MONITORING_FEED,COMPLIANT,0,DEMO_CONFIGURATION,"Configured thresholds are synthetic for software testing, not legal limits"
ENV-0000563,M002,ENV-ST-M002-03,Oil_Grease,4.41,mg/L,,10,23.759273,86.429969,2026-06-28T06:00:00,DEMO_MONITORING_FEED,COMPLIANT,0,DEMO_CONFIGURATION,"Configured thresholds are synthetic for software testing, not legal limits"
ENV-0000564,M002,ENV-ST-M002-01,Noise,98.49,dB(A),,85,23.759107,86.413647,2026-06-28T06:00:00,DEMO_MONITORING_FEED,EXCEEDED,15.9,DEMO_CONFIGURATION,"Configured thresholds are synthetic for software testing, not legal limits"
ENV-0000565,M002,ENV-ST-M002-03,PM2.5,32.91,ug/m3,,60,23.75354,86.413371,2026-06-25T22:00:00,DEMO_MONITORING_FEED,COMPLIANT,0,DEMO_CONFIGURATION,"Configured thresholds are synthetic for software testing, not legal limits"
ENV-0000566,M002,ENV-ST-M002-03,PM10,79.35,ug/m3,,100,23.75654,86.414708,2026-06-25T06:00:00,DEMO_MONITORING_FEED,COMPLIANT,0,DEMO_CONFIGURATION,"Configured thresholds are synthetic for software testing, not legal limits"
ENV-0000567,M002,ENV-ST-M002-01,SO2,38.16,ug/m3,,80,23.764401,86.417637,2026-06-25T22:00:00,DEMO_MONITORING_FEED,COMPLIANT,0,DEMO_CONFIGURATION,"Configured thresholds are synthetic for software testing, not legal limits"
ENV-0000568,M002,ENV-ST-M002-02,NO2,40.65,ug/m3,,80,23.752033,86.416617,2026-06-25T06:00:00,DEMO_MONITORING_FEED,COMPLIANT,0,DEMO_CONFIGURATION,"Configured thresholds are synthetic for software testing, not legal limits"
ENV-0000569,M002,ENV-ST-M002-01,CO,0.81,mg/m3,,4,23.765396,86.419327,2026-06-25T06:00:00,DEMO_MONITORING_FEED,COMPLIANT,0,DEMO_CONFIGURATION,"Configured thresholds are synthetic for software testing, not legal limits"
ENV-0000570,M002,ENV-ST-M002-03,pH,7.63,pH,6.5,8.5,23.757664,86.420226,2026-06-25T14:00:00,DEMO_MONITORING_FEED,COMPLIANT,0,DEMO_CONFIGURATION,"Configured thresholds are synthetic for software testing, not legal limits"
ENV-0000571,M002,ENV-ST-M002-03,TSS,46.45,mg/L,,100,23.751189,86.423531,2026-06-25T06:00:00,DEMO_MONITORING_FEED,COMPLIANT,0,DEMO_CONFIGURATION,"Configured thresholds are synthetic for software testing, not legal limits"
ENV-0000572,M002,ENV-ST-M002-02,TDS,943.66,mg/L,,2100,23.7637,86.413244,2026-06-25T14:00:00,DEMO_MONITORING_FEED,COMPLIANT,0,DEMO_CONFIGURATION,"Configured thresholds are synthetic for software testing, not legal limits"
ENV-0000573,M002,ENV-ST-M002-01,COD,106.01,mg/L,,250,23.755284,86.41919,2026-06-25T22:00:00,DEMO_MONITORING_FEED,COMPLIANT,0,DEMO_CONFIGURATION,"Configured thresholds are synthetic for software testing, not legal limits"
ENV-0000574,M002,ENV-ST-M002-03,BOD,26.0,mg/L,,30,23.748842,86.419864,2026-06-25T14:00:00,DEMO_MONITORING_FEED,COMPLIANT,0,DEMO_CONFIGURATION,"Configured thresholds are synthetic for software testing, not legal limits"
ENV-0000575,M002,ENV-ST-M002-03,Oil_Grease,4.22,mg/L,,10,23.762764,86.424571,2026-06-25T22:00:00,DEMO_MONITORING_FEED,COMPLIANT,0,DEMO_CONFIGURATION,"Configured thresholds are synthetic for software testing, not legal limits"
ENV-0000576,M002,ENV-ST-M002-02,Noise,83.23,dB(A),,85,23.767416,86.412006,2026-06-25T06:00:00,DEMO_MONITORING_FEED,COMPLIANT,0,DEMO_CONFIGURATION,"Configured thresholds are synthetic for software testing, not legal limits"
ENV-0000577,M003,ENV-ST-M003-03,PM2.5,26.79,ug/m3,,60,20.950103,85.173644,2026-09-02T22:00:00,DEMO_MONITORING_FEED,COMPLIANT,0,DEMO_CONFIGURATION,"Configured thresholds are synthetic for software testing, not legal limits"
ENV-0000578,M003,ENV-ST-M003-02,PM10,45.11,ug/m3,,100,20.941658,85.177364,2026-09-02T06:00:00,DEMO_MONITORING_FEED,COMPLIANT,0,DEMO_CONFIGURATION,"Configured thresholds are synthetic for software testing, not legal limits"
ENV-0000579,M003,ENV-ST-M003-01,SO2,18.7,ug/m3,,80,20.944192,85.165492,2026-09-02T14:00:00,DEMO_MONITORING_FEED,COMPLIANT,0,DEMO_CONFIGURATION,"Configured thresholds are synthetic for software testing, not legal limits"
ENV-0000580,M003,ENV-ST-M003-01,NO2,13.28,ug/m3,,80,20.948347,85.168077,2026-09-02T06:00:00,DEMO_MONITORING_FEED,COMPLIANT,0,DEMO_CONFIGURATION,"Configured thresholds are synthetic for software testing, not legal limits"
ENV-0000581,M003,ENV-ST-M003-02,CO,0.51,mg/m3,,4,20.94969,85.176474,2026-09-02T14:00:00,DEMO_MONITORING_FEED,COMPLIANT,0,DEMO_CONFIGURATION,"Configured thresholds are synthetic for software testing, not legal limits"
ENV-0000582,M003,ENV-ST-M003-03,pH,7.0,pH,6.5,8.5,20.956539,85.175551,2026-09-02T14:00:00,DEMO_MONITORING_FEED,COMPLIANT,0,DEMO_CONFIGURATION,"Configured thresholds are synthetic for software testing, not legal limits"
ENV-0000583,M003,ENV-ST-M003-03,TSS,42.08,mg/L,,100,20.950469,85.175391,2026-09-02T06:00:00,DEMO_MONITORING_FEED,COMPLIANT,0,DEMO_CONFIGURATION,"Configured thresholds are synthetic for software testing, not legal limits"
ENV-0000584,M003,ENV-ST-M003-02,TDS,640.49,mg/L,,2100,20.958479,85.16412,2026-09-02T22:00:00,DEMO_MONITORING_FEED,COMPLIANT,0,DEMO_CONFIGURATION,"Configured thresholds are synthetic for software testing, not legal limits"
ENV-0000585,M003,ENV-ST-M003-03,COD,57.76,mg/L,,250,20.949887,85.17261,2026-09-02T06:00:00,DEMO_MONITORING_FEED,COMPLIANT,0,DEMO_CONFIGURATION,"Configured thresholds are synthetic for software testing, not legal limits"
ENV-0000586,M003,ENV-ST-M003-03,BOD,9.26,mg/L,,30,20.950834,85.17958,2026-09-02T22:00:00,DEMO_MONITORING_FEED,COMPLIANT,0,DEMO_CONFIGURATION,"Configured thresholds are synthetic for software testing, not legal limits"
ENV-0000587,M003,ENV-ST-M003-02,Oil_Grease,2.06,mg/L,,10,20.955858,85.161006,2026-09-02T06:00:00,DEMO_MONITORING_FEED,COMPLIANT,0,DEMO_CONFIGURATION,"Configured thresholds are synthetic for software testing, not legal limits"
ENV-0000588,M003,ENV-ST-M003-02,Noise,47.42,dB(A),,85,20.959858,85.163292,2026-09-02T22:00:00,DEMO_MONITORING_FEED,COMPLIANT,0,DEMO_CONFIGURATION,"Configured thresholds are synthetic for software testing, not legal limits"
ENV-0000589,M003,ENV-ST-M003-02,PM2.5,20.18,ug/m3,,60,20.949272,85.168852,2026-08-30T14:00:00,DEMO_MONITORING_FEED,COMPLIANT,0,DEMO_CONFIGURATION,"Configured thresholds are synthetic for software testing, not legal limits"
ENV-0000590,M003,ENV-ST-M003-02,PM10,38.6,ug/m3,,100,20.95078,85.175541,2026-08-30T06:00:00,DEMO_MONITORING_FEED,COMPLIANT,0,DEMO_CONFIGURATION,"Configured thresholds are synthetic for software testing, not legal limits"
ENV-0000591,M003,ENV-ST-M003-02,SO2,29.11,ug/m3,,80,20.942308,85.178403,2026-08-30T14:00:00,DEMO_MONITORING_FEED,COMPLIANT,0,DEMO_CONFIGURATION,"Configured thresholds are synthetic for software testing, not legal limits"
ENV-0000592,M003,ENV-ST-M003-03,NO2,24.75,ug/m3,,80,20.941291,85.168654,2026-08-30T06:00:00,DEMO_MONITORING_FEED,COMPLIANT,0,DEMO_CONFIGURATION,"Configured thresholds are synthetic for software testing, not legal limits"
ENV-0000593,M003,ENV-ST-M003-03,CO,0.95,mg/m3,,4,20.944801,85.174848,2026-08-30T14:00:00,DEMO_MONITORING_FEED,COMPLIANT,0,DEMO_CONFIGURATION,"Configured thresholds are synthetic for software testing, not legal limits"
ENV-0000594,M003,ENV-ST-M003-01,pH,7.48,pH,6.5,8.5,20.944628,85.177402,2026-08-30T22:00:00,DEMO_MONITORING_FEED,COMPLIANT,0,DEMO_CONFIGURATION,"Configured thresholds are synthetic for software testing, not legal limits"
ENV-0000595,M003,ENV-ST-M003-03,TSS,31.32,mg/L,,100,20.946173,85.160504,2026-08-30T22:00:00,DEMO_MONITORING_FEED,COMPLIANT,0,DEMO_CONFIGURATION,"Configured thresholds are synthetic for software testing, not legal limits"
ENV-0000596,M003,ENV-ST-M003-01,TDS,814.42,mg/L,,2100,20.940855,85.178115,2026-08-30T14:00:00,DEMO_MONITORING_FEED,COMPLIANT,0,DEMO_CONFIGURATION,"Configured thresholds are synthetic for software testing, not legal limits"
ENV-0000597,M003,ENV-ST-M003-02,COD,100.6,mg/L,,250,20.94286,85.169862,2026-08-30T14:00:00,DEMO_MONITORING_FEED,COMPLIANT,0,DEMO_CONFIGURATION,"Configured thresholds are synthetic for software testing, not legal limits"
ENV-0000598,M003,ENV-ST-M003-03,BOD,11.86,mg/L,,30,20.946642,85.171092,2026-08-30T22:00:00,DEMO_MONITORING_FEED,COMPLIANT,0,DEMO_CONFIGURATION,"Configured thresholds are synthetic for software testing, not legal limits"
ENV-0000599,M003,ENV-ST-M003-03,Oil_Grease,2.5,mg/L,,10,20.952513,85.175836,2026-08-30T06:00:00,DEMO_MONITORING_FEED,COMPLIANT,0,DEMO_CONFIGURATION,"Configured thresholds are synthetic for software testing, not legal limits"
ENV-0000600,M003,ENV-ST-M003-02,Noise,36.87,dB(A),,85,20.951156,85.178725,2026-08-30T22:00:00,DEMO_MONITORING_FEED,COMPLIANT,0,DEMO_CONFIGURATION,"Configured thresholds are synthetic for software testing, not legal limits"
ENV-0000601,M003,ENV-ST-M003-03,PM2.5,24.32,ug/m3,,60,20.948434,85.165367,2026-08-27T22:00:00,DEMO_MONITORING_FEED,COMPLIANT,0,DEMO_CONFIGURATION,"Configured thresholds are synthetic for software testing, not legal limits"
ENV-0000602,M003,ENV-ST-M003-01,PM10,53.14,ug/m3,,100,20.951885,85.166311,2026-08-27T06:00:00,DEMO_MONITORING_FEED,COMPLIANT,0,DEMO_CONFIGURATION,"Configured thresholds are synthetic for software testing, not legal limits"
ENV-0000603,M003,ENV-ST-M003-03,SO2,21.88,ug/m3,,80,20.956164,85.160694,2026-08-27T22:00:00,DEMO_MONITORING_FEED,COMPLIANT,0,DEMO_CONFIGURATION,"Configured thresholds are synthetic for software testing, not legal limits"
ENV-0000604,M003,ENV-ST-M003-01,NO2,13.97,ug/m3,,80,20.940586,85.177851,2026-08-27T22:00:00,DEMO_MONITORING_FEED,COMPLIANT,0,DEMO_CONFIGURATION,"Configured thresholds are synthetic for software testing, not legal limits"
ENV-0000605,M003,ENV-ST-M003-02,CO,0.75,mg/m3,,4,20.942369,85.163315,2026-08-27T22:00:00,DEMO_MONITORING_FEED,COMPLIANT,0,DEMO_CONFIGURATION,"Configured thresholds are synthetic for software testing, not legal limits"
ENV-0000606,M003,ENV-ST-M003-02,pH,7.0,pH,6.5,8.5,20.957128,85.1794,2026-08-27T22:00:00,DEMO_MONITORING_FEED,COMPLIANT,0,DEMO_CONFIGURATION,"Configured thresholds are synthetic for software testing, not legal limits"
ENV-0000607,M003,ENV-ST-M003-01,TSS,32.73,mg/L,,100,20.954305,85.165498,2026-08-27T22:00:00,DEMO_MONITORING_FEED,COMPLIANT,0,DEMO_CONFIGURATION,"Configured thresholds are synthetic for software testing, not legal limits"
ENV-0000608,M003,ENV-ST-M003-01,TDS,295.91,mg/L,,2100,20.950437,85.162473,2026-08-27T22:00:00,DEMO_MONITORING_FEED,COMPLIANT,0,DEMO_CONFIGURATION,"Configured thresholds are synthetic for software testing, not legal limits"
ENV-0000609,M003,ENV-ST-M003-02,COD,62.5,mg/L,,250,20.951269,85.162674,2026-08-27T22:00:00,DEMO_MONITORING_FEED,COMPLIANT,0,DEMO_CONFIGURATION,"Configured thresholds are synthetic for software testing, not legal limits"
ENV-0000610,M003,ENV-ST-M003-01,BOD,7.92,mg/L,,30,20.952449,85.179318,2026-08-27T22:00:00,DEMO_MONITORING_FEED,COMPLIANT,0,DEMO_CONFIGURATION,"Configured thresholds are synthetic for software testing, not legal limits"
ENV-0000611,M003,ENV-ST-M003-01,Oil_Grease,2.3,mg/L,,10,20.958469,85.170961,2026-08-27T06:00:00,DEMO_MONITORING_FEED,COMPLIANT,0,DEMO_CONFIGURATION,"Configured thresholds are synthetic for software testing, not legal limits"
ENV-0000612,M003,ENV-ST-M003-02,Noise,35.26,dB(A),,85,20.958588,85.168373,2026-08-27T22:00:00,DEMO_MONITORING_FEED,COMPLIANT,0,DEMO_CONFIGURATION,"Configured thresholds are synthetic for software testing, not legal limits"
ENV-0000613,M003,ENV-ST-M003-01,PM2.5,31.69,ug/m3,,60,20.951476,85.171537,2026-08-24T22:00:00,DEMO_MONITORING_FEED,COMPLIANT,0,DEMO_CONFIGURATION,"Configured thresholds are synthetic for software testing, not legal limits"
ENV-0000614,M003,ENV-ST-M003-03,PM10,43.43,ug/m3,,100,20.94986,85.169458,2026-08-24T06:00:00,DEMO_MONITORING_FEED,COMPLIANT,0,DEMO_CONFIGURATION,"Configured thresholds are synthetic for software testing, not legal limits"
ENV-0000615,M003,ENV-ST-M003-03,SO2,15.75,ug/m3,,80,20.952009,85.171144,2026-08-24T22:00:00,DEMO_MONITORING_FEED,COMPLIANT,0,DEMO_CONFIGURATION,"Configured thresholds are synthetic for software testing, not legal limits"
ENV-0000616,M003,ENV-ST-M003-03,NO2,29.76,ug/m3,,80,20.958052,85.172673,2026-08-24T14:00:00,DEMO_MONITORING_FEED,COMPLIANT,0,DEMO_CONFIGURATION,"Configured thresholds are synthetic for software testing, not legal limits"
ENV-0000617,M003,ENV-ST-M003-02,CO,0.29,mg/m3,,4,20.947198,85.168326,2026-08-24T22:00:00,DEMO_MONITORING_FEED,COMPLIANT,0,DEMO_CONFIGURATION,"Configured thresholds are synthetic for software testing, not legal limits"
ENV-0000618,M003,ENV-ST-M003-02,pH,6.59,pH,6.5,8.5,20.957197,85.176673,2026-08-24T22:00:00,DEMO_MONITORING_FEED,COMPLIANT,0,DEMO_CONFIGURATION,"Configured thresholds are synthetic for software testing, not legal limits"
ENV-0000619,M003,ENV-ST-M003-02,TSS,26.13,mg/L,,100,20.943523,85.165803,2026-08-24T06:00:00,DEMO_MONITORING_FEED,COMPLIANT,0,DEMO_CONFIGURATION,"Configured thresholds are synthetic for software testing, not legal limits"
ENV-0000620,M003,ENV-ST-M003-01,TDS,359.6,mg/L,,2100,20.951376,85.176244,2026-08-24T06:00:00,DEMO_MONITORING_FEED,COMPLIANT,0,DEMO_CONFIGURATION,"Configured thresholds are synthetic for software testing, not legal limits"
ENV-0000621,M003,ENV-ST-M003-02,COD,87.82,mg/L,,250,20.943479,85.179922,2026-08-24T06:00:00,DEMO_MONITORING_FEED,COMPLIANT,0,DEMO_CONFIGURATION,"Configured thresholds are synthetic for software testing, not legal limits"
ENV-0000622,M003,ENV-ST-M003-03,BOD,9.86,mg/L,,30,20.950633,85.162737,2026-08-24T22:00:00,DEMO_MONITORING_FEED,COMPLIANT,0,DEMO_CONFIGURATION,"Configured thresholds are synthetic for software testing, not legal limits"
ENV-0000623,M003,ENV-ST-M003-01,Oil_Grease,2.52,mg/L,,10,20.955471,85.172186,2026-08-24T14:00:00,DEMO_MONITORING_FEED,COMPLIANT,0,DEMO_CONFIGURATION,"Configured thresholds are synthetic for software testing, not legal limits"
ENV-0000624,M003,ENV-ST-M003-01,Noise,39.51,dB(A),,85,20.947038,85.161001,2026-08-24T06:00:00,DEMO_MONITORING_FEED,COMPLIANT,0,DEMO_CONFIGURATION,"Configured thresholds are synthetic for software testing, not legal limits"
ENV-0000625,M003,ENV-ST-M003-03,PM2.5,30.46,ug/m3,,60,20.946416,85.172393,2026-08-21T22:00:00,DEMO_MONITORING_FEED,COMPLIANT,0,DEMO_CONFIGURATION,"Configured thresholds are synthetic for software testing, not legal limits"
ENV-0000626,M003,ENV-ST-M003-03,PM10,45.35,ug/m3,,100,20.956789,85.160137,2026-08-21T06:00:00,DEMO_MONITORING_FEED,COMPLIANT,0,DEMO_CONFIGURATION,"Configured thresholds are synthetic for software testing, not legal limits"
ENV-0000627,M003,ENV-ST-M003-03,SO2,25.17,ug/m3,,80,20.941009,85.169287,2026-08-21T14:00:00,DEMO_MONITORING_FEED,COMPLIANT,0,DEMO_CONFIGURATION,"Configured thresholds are synthetic for software testing, not legal limits"
ENV-0000628,M003,ENV-ST-M003-03,NO2,37.38,ug/m3,,80,20.952861,85.177425,2026-08-21T06:00:00,DEMO_MONITORING_FEED,COMPLIANT,0,DEMO_CONFIGURATION,"Configured thresholds are synthetic for software testing, not legal limits"
ENV-0000629,M003,ENV-ST-M003-02,CO,0.85,mg/m3,,4,20.94253,85.166281,2026-08-21T06:00:00,DEMO_MONITORING_FEED,COMPLIANT,0,DEMO_CONFIGURATION,"Configured thresholds are synthetic for software testing, not legal limits"
ENV-0000630,M003,ENV-ST-M003-02,pH,7.4,pH,6.5,8.5,20.943701,85.166009,2026-08-21T22:00:00,DEMO_MONITORING_FEED,COMPLIANT,0,DEMO_CONFIGURATION,"Configured thresholds are synthetic for software testing, not legal limits"
ENV-0000631,M003,ENV-ST-M003-03,TSS,46.57,mg/L,,100,20.948876,85.168815,2026-08-21T14:00:00,DEMO_MONITORING_FEED,COMPLIANT,0,DEMO_CONFIGURATION,"Configured thresholds are synthetic for software testing, not legal limits"
ENV-0000632,M003,ENV-ST-M003-02,TDS,362.23,mg/L,,2100,20.953566,85.163429,2026-08-21T22:00:00,DEMO_MONITORING_FEED,COMPLIANT,0,DEMO_CONFIGURATION,"Configured thresholds are synthetic for software testing, not legal limits"
ENV-0000633,M003,ENV-ST-M003-02,COD,75.24,mg/L,,250,20.951539,85.169892,2026-08-21T14:00:00,DEMO_MONITORING_FEED,COMPLIANT,0,DEMO_CONFIGURATION,"Configured thresholds are synthetic for software testing, not legal limits"
ENV-0000634,M003,ENV-ST-M003-03,BOD,5.88,mg/L,,30,20.957501,85.161425,2026-08-21T22:00:00,DEMO_MONITORING_FEED,COMPLIANT,0,DEMO_CONFIGURATION,"Configured thresholds are synthetic for software testing, not legal limits"
ENV-0000635,M003,ENV-ST-M003-01,Oil_Grease,1.11,mg/L,,10,20.957633,85.173732,2026-08-21T06:00:00,DEMO_MONITORING_FEED,COMPLIANT,0,DEMO_CONFIGURATION,"Configured thresholds are synthetic for software testing, not legal limits"
ENV-0000636,M003,ENV-ST-M003-03,Noise,48.24,dB(A),,85,20.952488,85.179565,2026-08-21T22:00:00,DEMO_MONITORING_FEED,COMPLIANT,0,DEMO_CONFIGURATION,"Configured thresholds are synthetic for software testing, not legal limits"
ENV-0000637,M003,ENV-ST-M003-03,PM2.5,29.34,ug/m3,,60,20.94483,85.162095,2026-08-18T22:00:00,DEMO_MONITORING_FEED,COMPLIANT,0,DEMO_CONFIGURATION,"Configured thresholds are synthetic for software testing, not legal limits"
ENV-0000638,M003,ENV-ST-M003-03,PM10,50.66,ug/m3,,100,20.952946,85.1681,2026-08-18T06:00:00,DEMO_MONITORING_FEED,COMPLIANT,0,DEMO_CONFIGURATION,"Configured thresholds are synthetic for software testing, not legal limits"
ENV-0000639,M003,ENV-ST-M003-01,SO2,12.87,ug/m3,,80,20.959476,85.171113,2026-08-18T14:00:00,DEMO_MONITORING_FEED,COMPLIANT,0,DEMO_CONFIGURATION,"Configured thresholds are synthetic for software testing, not legal limits"
ENV-0000640,M003,ENV-ST-M003-01,NO2,22.7,ug/m3,,80,20.955738,85.177304,2026-08-18T06:00:00,DEMO_MONITORING_FEED,COMPLIANT,0,DEMO_CONFIGURATION,"Configured thresholds are synthetic for software testing, not legal limits"
ENV-0000641,M003,ENV-ST-M003-03,CO,0.67,mg/m3,,4,20.958275,85.16947,2026-08-18T14:00:00,DEMO_MONITORING_FEED,COMPLIANT,0,DEMO_CONFIGURATION,"Configured thresholds are synthetic for software testing, not legal limits"
ENV-0000642,M003,ENV-ST-M003-01,pH,7.61,pH,6.5,8.5,20.956312,85.173134,2026-08-18T14:00:00,DEMO_MONITORING_FEED,COMPLIANT,0,DEMO_CONFIGURATION,"Configured thresholds are synthetic for software testing, not legal limits"
ENV-0000643,M003,ENV-ST-M003-03,TSS,51.34,mg/L,,100,20.945626,85.173833,2026-08-18T06:00:00,DEMO_MONITORING_FEED,COMPLIANT,0,DEMO_CONFIGURATION,"Configured thresholds are synthetic for software testing, not legal limits"
ENV-0000644,M003,ENV-ST-M003-02,TDS,320.37,mg/L,,2100,20.958329,85.165018,2026-08-18T14:00:00,DEMO_MONITORING_FEED,COMPLIANT,0,DEMO_CONFIGURATION,"Configured thresholds are synthetic for software testing, not legal limits"
ENV-0000645,M003,ENV-ST-M003-03,COD,61.17,mg/L,,250,20.95456,85.177464,2026-08-18T14:00:00,DEMO_MONITORING_FEED,COMPLIANT,0,DEMO_CONFIGURATION,"Configured thresholds are synthetic for software testing, not legal limits"
ENV-0000646,M003,ENV-ST-M003-01,BOD,9.1,mg/L,,30,20.94962,85.170035,2026-08-18T06:00:00,DEMO_MONITORING_FEED,COMPLIANT,0,DEMO_CONFIGURATION,"Configured thresholds are synthetic for software testing, not legal limits"
ENV-0000647,M003,ENV-ST-M003-03,Oil_Grease,0.61,mg/L,,10,20.947455,85.179993,2026-08-18T22:00:00,DEMO_MONITORING_FEED,COMPLIANT,0,DEMO_CONFIGURATION,"Configured thresholds are synthetic for software testing, not legal limits"
ENV-0000648,M003,ENV-ST-M003-01,Noise,39.98,dB(A),,85,20.957457,85.178891,2026-08-18T06:00:00,DEMO_MONITORING_FEED,COMPLIANT,0,DEMO_CONFIGURATION,"Configured thresholds are synthetic for software testing, not legal limits"
ENV-0000649,M003,ENV-ST-M003-01,PM2.5,27.36,ug/m3,,60,20.940999,85.160948,2026-08-15T06:00:00,DEMO_MONITORING_FEED,COMPLIANT,0,DEMO_CONFIGURATION,"Configured thresholds are synthetic for software testing, not legal limits"
ENV-0000650,M003,ENV-ST-M003-01,PM10,60.71,ug/m3,,100,20.956548,85.172638,2026-08-15T14:00:00,DEMO_MONITORING_FEED,COMPLIANT,0,DEMO_CONFIGURATION,"Configured thresholds are synthetic for software testing, not legal limits"
ENV-0000651,M003,ENV-ST-M003-01,SO2,18.56,ug/m3,,80,20.956887,85.178382,2026-08-15T06:00:00,DEMO_MONITORING_FEED,COMPLIANT,0,DEMO_CONFIGURATION,"Configured thresholds are synthetic for software testing, not legal limits"
ENV-0000652,M003,ENV-ST-M003-01,NO2,19.84,ug/m3,,80,20.949944,85.168372,2026-08-15T22:00:00,DEMO_MONITORING_FEED,COMPLIANT,0,DEMO_CONFIGURATION,"Configured thresholds are synthetic for software testing, not legal limits"
ENV-0000653,M003,ENV-ST-M003-03,CO,0.51,mg/m3,,4,20.942539,85.178272,2026-08-15T22:00:00,DEMO_MONITORING_FEED,COMPLIANT,0,DEMO_CONFIGURATION,"Configured thresholds are synthetic for software testing, not legal limits"
ENV-0000654,M003,ENV-ST-M003-01,pH,7.36,pH,6.5,8.5,20.953492,85.179668,2026-08-15T14:00:00,DEMO_MONITORING_FEED,COMPLIANT,0,DEMO_CONFIGURATION,"Configured thresholds are synthetic for software testing, not legal limits"
ENV-0000655,M003,ENV-ST-M003-02,TSS,38.2,mg/L,,100,20.94034,85.163048,2026-08-15T22:00:00,DEMO_MONITORING_FEED,COMPLIANT,0,DEMO_CONFIGURATION,"Configured thresholds are synthetic for software testing, not legal limits"
ENV-0000656,M003,ENV-ST-M003-02,TDS,577.66,mg/L,,2100,20.958256,85.163898,2026-08-15T06:00:00,DEMO_MONITORING_FEED,COMPLIANT,0,DEMO_CONFIGURATION,"Configured thresholds are synthetic for software testing, not legal limits"
ENV-0000657,M003,ENV-ST-M003-03,COD,59.4,mg/L,,250,20.94604,85.161829,2026-08-15T22:00:00,DEMO_MONITORING_FEED,COMPLIANT,0,DEMO_CONFIGURATION,"Configured thresholds are synthetic for software testing, not legal limits"
ENV-0000658,M003,ENV-ST-M003-03,BOD,5.28,mg/L,,30,20.956741,85.169328,2026-08-15T14:00:00,DEMO_MONITORING_FEED,COMPLIANT,0,DEMO_CONFIGURATION,"Configured thresholds are synthetic for software testing, not legal limits"
ENV-0000659,M003,ENV-ST-M003-01,Oil_Grease,2.23,mg/L,,10,20.946178,85.17199,2026-08-15T22:00:00,DEMO_MONITORING_FEED,COMPLIANT,0,DEMO_CONFIGURATION,"Configured thresholds are synthetic for software testing, not legal limits"
ENV-0000660,M003,ENV-ST-M003-02,Noise,64.72,dB(A),,85,20.949553,85.169924,2026-08-15T06:00:00,DEMO_MONITORING_FEED,COMPLIANT,0,DEMO_CONFIGURATION,"Configured thresholds are synthetic for software testing, not legal limits"
ENV-0000661,M003,ENV-ST-M003-02,PM2.5,33.45,ug/m3,,60,20.946221,85.16557,2026-08-12T06:00:00,DEMO_MONITORING_FEED,COMPLIANT,0,DEMO_CONFIGURATION,"Configured thresholds are synthetic for software testing, not legal limits"
ENV-0000662,M003,ENV-ST-M003-02,PM10,47.89,ug/m3,,100,20.95075,85.175477,2026-08-12T14:00:00,DEMO_MONITORING_FEED,COMPLIANT,0,DEMO_CONFIGURATION,"Configured thresholds are synthetic for software testing, not legal limits"
ENV-0000663,M003,ENV-ST-M003-02,SO2,28.38,ug/m3,,80,20.945358,85.161019,2026-08-12T06:00:00,DEMO_MONITORING_FEED,COMPLIANT,0,DEMO_CONFIGURATION,"Configured thresholds are synthetic for software testing, not legal limits"
ENV-0000664,M003,ENV-ST-M003-03,NO2,31.0,ug/m3,,80,20.948657,85.169969,2026-08-12T22:00:00,DEMO_MONITORING_FEED,COMPLIANT,0,DEMO_CONFIGURATION,"Configured thresholds are synthetic for software testing, not legal limits"
ENV-0000665,M003,ENV-ST-M003-03,CO,0.54,mg/m3,,4,20.946222,85.162184,2026-08-12T14:00:00,DEMO_MONITORING_FEED,COMPLIANT,0,DEMO_CONFIGURATION,"Configured thresholds are synthetic for software testing, not legal limits"
ENV-0000666,M003,ENV-ST-M003-02,pH,7.55,pH,6.5,8.5,20.956227,85.171974,2026-08-12T14:00:00,DEMO_MONITORING_FEED,COMPLIANT,0,DEMO_CONFIGURATION,"Configured thresholds are synthetic for software testing, not legal limits"
ENV-0000667,M003,ENV-ST-M003-03,TSS,41.05,mg/L,,100,20.946082,85.164989,2026-08-12T14:00:00,DEMO_MONITORING_FEED,COMPLIANT,0,DEMO_CONFIGURATION,"Configured thresholds are synthetic for software testing, not legal limits"
ENV-0000668,M003,ENV-ST-M003-03,TDS,710.65,mg/L,,2100,20.949312,85.167502,2026-08-12T22:00:00,DEMO_MONITORING_FEED,COMPLIANT,0,DEMO_CONFIGURATION,"Configured thresholds are synthetic for software testing, not legal limits"
ENV-0000669,M003,ENV-ST-M003-01,COD,58.92,mg/L,,250,20.954157,85.161688,2026-08-12T06:00:00,DEMO_MONITORING_FEED,COMPLIANT,0,DEMO_CONFIGURATION,"Configured thresholds are synthetic for software testing, not legal limits"
ENV-0000670,M003,ENV-ST-M003-03,BOD,9.86,mg/L,,30,20.958386,85.171176,2026-08-12T14:00:00,DEMO_MONITORING_FEED,COMPLIANT,0,DEMO_CONFIGURATION,"Configured thresholds are synthetic for software testing, not legal limits"
ENV-0000671,M003,ENV-ST-M003-01,Oil_Grease,1.23,mg/L,,10,20.942792,85.174744,2026-08-12T14:00:00,DEMO_MONITORING_FEED,COMPLIANT,0,DEMO_CONFIGURATION,"Configured thresholds are synthetic for software testing, not legal limits"
ENV-0000672,M003,ENV-ST-M003-03,Noise,37.68,dB(A),,85,20.947155,85.168465,2026-08-12T14:00:00,DEMO_MONITORING_FEED,COMPLIANT,0,DEMO_CONFIGURATION,"Configured thresholds are synthetic for software testing, not legal limits"
ENV-0000673,M003,ENV-ST-M003-03,PM2.5,16.51,ug/m3,,60,20.953134,85.167901,2026-08-09T22:00:00,DEMO_MONITORING_FEED,COMPLIANT,0,DEMO_CONFIGURATION,"Configured thresholds are synthetic for software testing, not legal limits"
ENV-0000674,M003,ENV-ST-M003-02,PM10,49.41,ug/m3,,100,20.950883,85.161603,2026-08-09T22:00:00,DEMO_MONITORING_FEED,COMPLIANT,0,DEMO_CONFIGURATION,"Configured thresholds are synthetic for software testing, not legal limits"
ENV-0000675,M003,ENV-ST-M003-01,SO2,20.49,ug/m3,,80,20.945976,85.172253,2026-08-09T22:00:00,DEMO_MONITORING_FEED,COMPLIANT,0,DEMO_CONFIGURATION,"Configured thresholds are synthetic for software testing, not legal limits"
ENV-0000676,M003,ENV-ST-M003-01,NO2,19.35,ug/m3,,80,20.95812,85.162252,2026-08-09T22:00:00,DEMO_MONITORING_FEED,COMPLIANT,0,DEMO_CONFIGURATION,"Configured thresholds are synthetic for software testing, not legal limits"
ENV-0000677,M003,ENV-ST-M003-02,CO,0.61,mg/m3,,4,20.951003,85.160642,2026-08-09T22:00:00,DEMO_MONITORING_FEED,COMPLIANT,0,DEMO_CONFIGURATION,"Configured thresholds are synthetic for software testing, not legal limits"
ENV-0000678,M003,ENV-ST-M003-02,pH,7.45,pH,6.5,8.5,20.953833,85.169423,2026-08-09T06:00:00,DEMO_MONITORING_FEED,COMPLIANT,0,DEMO_CONFIGURATION,"Configured thresholds are synthetic for software testing, not legal limits"
ENV-0000679,M003,ENV-ST-M003-02,TSS,38.64,mg/L,,100,20.9511,85.170147,2026-08-09T06:00:00,DEMO_MONITORING_FEED,COMPLIANT,0,DEMO_CONFIGURATION,"Configured thresholds are synthetic for software testing, not legal limits"
ENV-0000680,M003,ENV-ST-M003-03,TDS,583.46,mg/L,,2100,20.950284,85.175115,2026-08-09T06:00:00,DEMO_MONITORING_FEED,COMPLIANT,0,DEMO_CONFIGURATION,"Configured thresholds are synthetic for software testing, not legal limits"
ENV-0000681,M003,ENV-ST-M003-02,COD,94.24,mg/L,,250,20.94285,85.174633,2026-08-09T14:00:00,DEMO_MONITORING_FEED,COMPLIANT,0,DEMO_CONFIGURATION,"Configured thresholds are synthetic for software testing, not legal limits"
ENV-0000682,M003,ENV-ST-M003-03,BOD,10.02,mg/L,,30,20.947059,85.173933,2026-08-09T14:00:00,DEMO_MONITORING_FEED,COMPLIANT,0,DEMO_CONFIGURATION,"Configured thresholds are synthetic for software testing, not legal limits"
ENV-0000683,M003,ENV-ST-M003-02,Oil_Grease,2.49,mg/L,,10,20.959453,85.176361,2026-08-09T06:00:00,DEMO_MONITORING_FEED,COMPLIANT,0,DEMO_CONFIGURATION,"Configured thresholds are synthetic for software testing, not legal limits"
ENV-0000684,M003,ENV-ST-M003-02,Noise,54.41,dB(A),,85,20.955655,85.177074,2026-08-09T06:00:00,DEMO_MONITORING_FEED,COMPLIANT,0,DEMO_CONFIGURATION,"Configured thresholds are synthetic for software testing, not legal limits"
ENV-0000685,M003,ENV-ST-M003-02,PM2.5,24.07,ug/m3,,60,20.956602,85.162918,2026-08-06T06:00:00,DEMO_MONITORING_FEED,COMPLIANT,0,DEMO_CONFIGURATION,"Configured thresholds are synthetic for software testing, not legal limits"
ENV-0000686,M003,ENV-ST-M003-01,PM10,44.64,ug/m3,,100,20.945571,85.166572,2026-08-06T22:00:00,DEMO_MONITORING_FEED,COMPLIANT,0,DEMO_CONFIGURATION,"Configured thresholds are synthetic for software testing, not legal limits"
ENV-0000687,M003,ENV-ST-M003-01,SO2,19.47,ug/m3,,80,20.957673,85.167228,2026-08-06T14:00:00,DEMO_MONITORING_FEED,COMPLIANT,0,DEMO_CONFIGURATION,"Configured thresholds are synthetic for software testing, not legal limits"
ENV-0000688,M003,ENV-ST-M003-03,NO2,24.4,ug/m3,,80,20.95327,85.16235,2026-08-06T06:00:00,DEMO_MONITORING_FEED,COMPLIANT,0,DEMO_CONFIGURATION,"Configured thresholds are synthetic for software testing, not legal limits"
ENV-0000689,M003,ENV-ST-M003-02,CO,0.85,mg/m3,,4,20.944949,85.176689,2026-08-06T14:00:00,DEMO_MONITORING_FEED,COMPLIANT,0,DEMO_CONFIGURATION,"Configured thresholds are synthetic for software testing, not legal limits"
ENV-0000690,M003,ENV-ST-M003-02,pH,7.16,pH,6.5,8.5,20.946823,85.168514,2026-08-06T14:00:00,DEMO_MONITORING_FEED,COMPLIANT,0,DEMO_CONFIGURATION,"Configured thresholds are synthetic for software testing, not legal limits"
ENV-0000691,M003,ENV-ST-M003-01,TSS,35.15,mg/L,,100,20.941712,85.160046,2026-08-06T14:00:00,DEMO_MONITORING_FEED,COMPLIANT,0,DEMO_CONFIGURATION,"Configured thresholds are synthetic for software testing, not legal limits"
ENV-0000692,M003,ENV-ST-M003-03,TDS,547.31,mg/L,,2100,20.958347,85.173606,2026-08-06T06:00:00,DEMO_MONITORING_FEED,COMPLIANT,0,DEMO_CONFIGURATION,"Configured thresholds are synthetic for software testing, not legal limits"
ENV-0000693,M003,ENV-ST-M003-02,COD,39.23,mg/L,,250,20.940039,85.168967,2026-08-06T06:00:00,DEMO_MONITORING_FEED,COMPLIANT,0,DEMO_CONFIGURATION,"Configured thresholds are synthetic for software testing, not legal limits"
ENV-0000694,M003,ENV-ST-M003-01,BOD,13.07,mg/L,,30,20.944748,85.170639,2026-08-06T22:00:00,DEMO_MONITORING_FEED,COMPLIANT,0,DEMO_CONFIGURATION,"Configured thresholds are synthetic for software testing, not legal limits"
ENV-0000695,M003,ENV-ST-M003-01,Oil_Grease,1.69,mg/L,,10,20.954425,85.177026,2026-08-06T22:00:00,DEMO_MONITORING_FEED,COMPLIANT,0,DEMO_CONFIGURATION,"Configured thresholds are synthetic for software testing, not legal limits"
ENV-0000696,M003,ENV-ST-M003-03,Noise,46.42,dB(A),,85,20.945521,85.164255,2026-08-06T06:00:00,DEMO_MONITORING_FEED,COMPLIANT,0,DEMO_CONFIGURATION,"Configured thresholds are synthetic for software testing, not legal limits"
ENV-0000697,M003,ENV-ST-M003-03,PM2.5,21.24,ug/m3,,60,20.957551,85.161847,2026-08-03T14:00:00,DEMO_MONITORING_FEED,COMPLIANT,0,DEMO_CONFIGURATION,"Configured thresholds are synthetic for software testing, not legal limits"
ENV-0000698,M003,ENV-ST-M003-01,PM10,50.52,ug/m3,,100,20.952403,85.175064,2026-08-03T14:00:00,DEMO_MONITORING_FEED,COMPLIANT,0,DEMO_CONFIGURATION,"Configured thresholds are synthetic for software testing, not legal limits"
ENV-0000699,M003,ENV-ST-M003-01,SO2,13.22,ug/m3,,80,20.959655,85.16377,2026-08-03T22:00:00,DEMO_MONITORING_FEED,COMPLIANT,0,DEMO_CONFIGURATION,"Configured thresholds are synthetic for software testing, not legal limits"
ENV-0000700,M003,ENV-ST-M003-03,NO2,25.04,ug/m3,,80,20.954353,85.176292,2026-08-03T14:00:00,DEMO_MONITORING_FEED,COMPLIANT,0,DEMO_CONFIGURATION,"Configured thresholds are synthetic for software testing, not legal limits"
ENV-0000701,M003,ENV-ST-M003-02,CO,0.91,mg/m3,,4,20.947286,85.165555,2026-08-03T22:00:00,DEMO_MONITORING_FEED,COMPLIANT,0,DEMO_CONFIGURATION,"Configured thresholds are synthetic for software testing, not legal limits"
ENV-0000702,M003,ENV-ST-M003-03,pH,6.94,pH,6.5,8.5,20.94127,85.163163,2026-08-03T06:00:00,DEMO_MONITORING_FEED,COMPLIANT,0,DEMO_CONFIGURATION,"Configured thresholds are synthetic for software testing, not legal limits"
ENV-0000703,M003,ENV-ST-M003-01,TSS,45.32,mg/L,,100,20.957905,85.168145,2026-08-03T06:00:00,DEMO_MONITORING_FEED,COMPLIANT,0,DEMO_CONFIGURATION,"Configured thresholds are synthetic for software testing, not legal limits"
ENV-0000704,M003,ENV-ST-M003-02,TDS,599.88,mg/L,,2100,20.955313,85.169791,2026-08-03T22:00:00,DEMO_MONITORING_FEED,COMPLIANT,0,DEMO_CONFIGURATION,"Configured thresholds are synthetic for software testing, not legal limits"
ENV-0000705,M003,ENV-ST-M003-01,COD,52.8,mg/L,,250,20.951093,85.163703,2026-08-03T06:00:00,DEMO_MONITORING_FEED,COMPLIANT,0,DEMO_CONFIGURATION,"Configured thresholds are synthetic for software testing, not legal limits"
ENV-0000706,M003,ENV-ST-M003-02,BOD,8.99,mg/L,,30,20.959987,85.165229,2026-08-03T14:00:00,DEMO_MONITORING_FEED,COMPLIANT,0,DEMO_CONFIGURATION,"Configured thresholds are synthetic for software testing, not legal limits"
ENV-0000707,M003,ENV-ST-M003-02,Oil_Grease,0.76,mg/L,,10,20.947618,85.160027,2026-08-03T06:00:00,DEMO_MONITORING_FEED,COMPLIANT,0,DEMO_CONFIGURATION,"Configured thresholds are synthetic for software testing, not legal limits"
ENV-0000708,M003,ENV-ST-M003-03,Noise,35.39,dB(A),,85,20.951089,85.176971,2026-08-03T06:00:00,DEMO_MONITORING_FEED,COMPLIANT,0,DEMO_CONFIGURATION,"Configured thresholds are synthetic for software testing, not legal limits"
ENV-0000709,M003,ENV-ST-M003-03,PM2.5,34.37,ug/m3,,60,20.951913,85.164172,2026-07-31T14:00:00,DEMO_MONITORING_FEED,COMPLIANT,0,DEMO_CONFIGURATION,"Configured thresholds are synthetic for software testing, not legal limits"
ENV-0000710,M003,ENV-ST-M003-03,PM10,28.22,ug/m3,,100,20.958587,85.177988,2026-07-31T06:00:00,DEMO_MONITORING_FEED,COMPLIANT,0,DEMO_CONFIGURATION,"Configured thresholds are synthetic for software testing, not legal limits"
ENV-0000711,M003,ENV-ST-M003-02,SO2,26.97,ug/m3,,80,20.956203,85.16938,2026-07-31T22:00:00,DEMO_MONITORING_FEED,COMPLIANT,0,DEMO_CONFIGURATION,"Configured thresholds are synthetic for software testing, not legal limits"
ENV-0000712,M003,ENV-ST-M003-03,NO2,10.49,ug/m3,,80,20.951126,85.171162,2026-07-31T22:00:00,DEMO_MONITORING_FEED,COMPLIANT,0,DEMO_CONFIGURATION,"Configured thresholds are synthetic for software testing, not legal limits"
ENV-0000713,M003,ENV-ST-M003-03,CO,0.81,mg/m3,,4,20.945034,85.170898,2026-07-31T14:00:00,DEMO_MONITORING_FEED,COMPLIANT,0,DEMO_CONFIGURATION,"Configured thresholds are synthetic for software testing, not legal limits"
ENV-0000714,M003,ENV-ST-M003-02,pH,7.26,pH,6.5,8.5,20.940013,85.169651,2026-07-31T14:00:00,DEMO_MONITORING_FEED,COMPLIANT,0,DEMO_CONFIGURATION,"Configured thresholds are synthetic for software testing, not legal limits"
ENV-0000715,M003,ENV-ST-M003-02,TSS,42.81,mg/L,,100,20.959558,85.163584,2026-07-31T06:00:00,DEMO_MONITORING_FEED,COMPLIANT,0,DEMO_CONFIGURATION,"Configured thresholds are synthetic for software testing, not legal limits"
ENV-0000716,M003,ENV-ST-M003-01,TDS,606.57,mg/L,,2100,20.957875,85.163556,2026-07-31T14:00:00,DEMO_MONITORING_FEED,COMPLIANT,0,DEMO_CONFIGURATION,"Configured thresholds are synthetic for software testing, not legal limits"
ENV-0000717,M003,ENV-ST-M003-02,COD,58.9,mg/L,,250,20.954537,85.160938,2026-07-31T14:00:00,DEMO_MONITORING_FEED,COMPLIANT,0,DEMO_CONFIGURATION,"Configured thresholds are synthetic for software testing, not legal limits"
ENV-0000718,M003,ENV-ST-M003-01,BOD,9.97,mg/L,,30,20.957416,85.165871,2026-07-31T14:00:00,DEMO_MONITORING_FEED,COMPLIANT,0,DEMO_CONFIGURATION,"Configured thresholds are synthetic for software testing, not legal limits"
ENV-0000719,M003,ENV-ST-M003-01,Oil_Grease,2.7,mg/L,,10,20.951118,85.173209,2026-07-31T22:00:00,DEMO_MONITORING_FEED,COMPLIANT,0,DEMO_CONFIGURATION,"Configured thresholds are synthetic for software testing, not legal limits"
ENV-0000720,M003,ENV-ST-M003-03,Noise,40.61,dB(A),,85,20.940061,85.17637,2026-07-31T06:00:00,DEMO_MONITORING_FEED,COMPLIANT,0,DEMO_CONFIGURATION,"Configured thresholds are synthetic for software testing, not legal limits"
ENV-0000721,M003,ENV-ST-M003-01,PM2.5,21.54,ug/m3,,60,20.940945,85.169485,2026-07-28T22:00:00,DEMO_MONITORING_FEED,COMPLIANT,0,DEMO_CONFIGURATION,"Configured thresholds are synthetic for software testing, not legal limits"
ENV-0000722,M003,ENV-ST-M003-03,PM10,40.63,ug/m3,,100,20.948075,85.161913,2026-07-28T14:00:00,DEMO_MONITORING_FEED,COMPLIANT,0,DEMO_CONFIGURATION,"Configured thresholds are synthetic for software testing, not legal limits"
ENV-0000723,M003,ENV-ST-M003-02,SO2,29.93,ug/m3,,80,20.946994,85.16657,2026-07-28T06:00:00,DEMO_MONITORING_FEED,COMPLIANT,0,DEMO_CONFIGURATION,"Configured thresholds are synthetic for software testing, not legal limits"
ENV-0000724,M003,ENV-ST-M003-03,NO2,27.44,ug/m3,,80,20.944266,85.166333,2026-07-28T14:00:00,DEMO_MONITORING_FEED,COMPLIANT,0,DEMO_CONFIGURATION,"Configured thresholds are synthetic for software testing, not legal limits"
ENV-0000725,M003,ENV-ST-M003-01,CO,0.43,mg/m3,,4,20.942185,85.17397,2026-07-28T22:00:00,DEMO_MONITORING_FEED,COMPLIANT,0,DEMO_CONFIGURATION,"Configured thresholds are synthetic for software testing, not legal limits"
ENV-0000726,M003,ENV-ST-M003-02,pH,7.6,pH,6.5,8.5,20.955998,85.162016,2026-07-28T22:00:00,DEMO_MONITORING_FEED,COMPLIANT,0,DEMO_CONFIGURATION,"Configured thresholds are synthetic for software testing, not legal limits"
ENV-0000727,M003,ENV-ST-M003-02,TSS,38.51,mg/L,,100,20.950632,85.177642,2026-07-28T14:00:00,DEMO_MONITORING_FEED,COMPLIANT,0,DEMO_CONFIGURATION,"Configured thresholds are synthetic for software testing, not legal limits"
ENV-0000728,M003,ENV-ST-M003-03,TDS,412.87,mg/L,,2100,20.953098,85.163978,2026-07-28T06:00:00,DEMO_MONITORING_FEED,COMPLIANT,0,DEMO_CONFIGURATION,"Configured thresholds are synthetic for software testing, not legal limits"
ENV-0000729,M003,ENV-ST-M003-01,COD,49.0,mg/L,,250,20.954996,85.16732,2026-07-28T06:00:00,DEMO_MONITORING_FEED,COMPLIANT,0,DEMO_CONFIGURATION,"Configured thresholds are synthetic for software testing, not legal limits"
ENV-0000730,M003,ENV-ST-M003-03,BOD,7.16,mg/L,,30,20.955364,85.172079,2026-07-28T22:00:00,DEMO_MONITORING_FEED,COMPLIANT,0,DEMO_CONFIGURATION,"Configured thresholds are synthetic for software testing, not legal limits"
ENV-0000731,M003,ENV-ST-M003-01,Oil_Grease,3.13,mg/L,,10,20.956783,85.172697,2026-07-28T14:00:00,DEMO_MONITORING_FEED,COMPLIANT,0,DEMO_CONFIGURATION,"Configured thresholds are synthetic for software testing, not legal limits"
ENV-0000732,M003,ENV-ST-M003-03,Noise,44.98,dB(A),,85,20.94933,85.168276,2026-07-28T14:00:00,DEMO_MONITORING_FEED,COMPLIANT,0,DEMO_CONFIGURATION,"Configured thresholds are synthetic for software testing, not legal limits"
ENV-0000733,M003,ENV-ST-M003-03,PM2.5,25.28,ug/m3,,60,20.944222,85.172252,2026-07-25T14:00:00,DEMO_MONITORING_FEED,COMPLIANT,0,DEMO_CONFIGURATION,"Configured thresholds are synthetic for software testing, not legal limits"
ENV-0000734,M003,ENV-ST-M003-02,PM10,52.18,ug/m3,,100,20.942843,85.173117,2026-07-25T06:00:00,DEMO_MONITORING_FEED,COMPLIANT,0,DEMO_CONFIGURATION,"Configured thresholds are synthetic for software testing, not legal limits"
ENV-0000735,M003,ENV-ST-M003-02,SO2,21.94,ug/m3,,80,20.948969,85.174904,2026-07-25T06:00:00,DEMO_MONITORING_FEED,COMPLIANT,0,DEMO_CONFIGURATION,"Configured thresholds are synthetic for software testing, not legal limits"
ENV-0000736,M003,ENV-ST-M003-01,NO2,30.84,ug/m3,,80,20.955019,85.172477,2026-07-25T06:00:00,DEMO_MONITORING_FEED,COMPLIANT,0,DEMO_CONFIGURATION,"Configured thresholds are synthetic for software testing, not legal limits"
ENV-0000737,M003,ENV-ST-M003-03,CO,0.28,mg/m3,,4,20.959769,85.163336,2026-07-25T06:00:00,DEMO_MONITORING_FEED,COMPLIANT,0,DEMO_CONFIGURATION,"Configured thresholds are synthetic for software testing, not legal limits"
ENV-0000738,M003,ENV-ST-M003-03,pH,7.51,pH,6.5,8.5,20.940249,85.170893,2026-07-25T22:00:00,DEMO_MONITORING_FEED,COMPLIANT,0,DEMO_CONFIGURATION,"Configured thresholds are synthetic for software testing, not legal limits"
ENV-0000739,M003,ENV-ST-M003-01,TSS,53.98,mg/L,,100,20.950774,85.175121,2026-07-25T22:00:00,DEMO_MONITORING_FEED,COMPLIANT,0,DEMO_CONFIGURATION,"Configured thresholds are synthetic for software testing, not legal limits"
ENV-0000740,M003,ENV-ST-M003-02,TDS,674.02,mg/L,,2100,20.953208,85.172921,2026-07-25T22:00:00,DEMO_MONITORING_FEED,COMPLIANT,0,DEMO_CONFIGURATION,"Configured thresholds are synthetic for software testing, not legal limits"
ENV-0000741,M003,ENV-ST-M003-03,COD,81.27,mg/L,,250,20.952189,85.174987,2026-07-25T06:00:00,DEMO_MONITORING_FEED,COMPLIANT,0,DEMO_CONFIGURATION,"Configured thresholds are synthetic for software testing, not legal limits"
ENV-0000742,M003,ENV-ST-M003-03,BOD,5.87,mg/L,,30,20.951642,85.172525,2026-07-25T22:00:00,DEMO_MONITORING_FEED,COMPLIANT,0,DEMO_CONFIGURATION,"Configured thresholds are synthetic for software testing, not legal limits"
ENV-0000743,M003,ENV-ST-M003-01,Oil_Grease,1.78,mg/L,,10,20.941823,85.176536,2026-07-25T22:00:00,DEMO_MONITORING_FEED,COMPLIANT,0,DEMO_CONFIGURATION,"Configured thresholds are synthetic for software testing, not legal limits"
ENV-0000744,M003,ENV-ST-M003-02,Noise,44.39,dB(A),,85,20.953331,85.17429,2026-07-25T06:00:00,DEMO_MONITORING_FEED,COMPLIANT,0,DEMO_CONFIGURATION,"Configured thresholds are synthetic for software testing, not legal limits"
ENV-0000745,M003,ENV-ST-M003-02,PM2.5,30.84,ug/m3,,60,20.941081,85.172399,2026-07-22T22:00:00,DEMO_MONITORING_FEED,COMPLIANT,0,DEMO_CONFIGURATION,"Configured thresholds are synthetic for software testing, not legal limits"
ENV-0000746,M003,ENV-ST-M003-02,PM10,60.25,ug/m3,,100,20.956787,85.170936,2026-07-22T22:00:00,DEMO_MONITORING_FEED,COMPLIANT,0,DEMO_CONFIGURATION,"Configured thresholds are synthetic for software testing, not legal limits"
ENV-0000747,M003,ENV-ST-M003-03,SO2,16.42,ug/m3,,80,20.946358,85.160885,2026-07-22T06:00:00,DEMO_MONITORING_FEED,COMPLIANT,0,DEMO_CONFIGURATION,"Configured thresholds are synthetic for software testing, not legal limits"
ENV-0000748,M003,ENV-ST-M003-01,NO2,24.78,ug/m3,,80,20.952648,85.170649,2026-07-22T14:00:00,DEMO_MONITORING_FEED,COMPLIANT,0,DEMO_CONFIGURATION,"Configured thresholds are synthetic for software testing, not legal limits"
ENV-0000749,M003,ENV-ST-M003-03,CO,0.94,mg/m3,,4,20.943535,85.170716,2026-07-22T06:00:00,DEMO_MONITORING_FEED,COMPLIANT,0,DEMO_CONFIGURATION,"Configured thresholds are synthetic for software testing, not legal limits"
ENV-0000750,M003,ENV-ST-M003-02,pH,7.08,pH,6.5,8.5,20.948178,85.176364,2026-07-22T14:00:00,DEMO_MONITORING_FEED,COMPLIANT,0,DEMO_CONFIGURATION,"Configured thresholds are synthetic for software testing, not legal limits"
ENV-0000751,M003,ENV-ST-M003-03,TSS,33.45,mg/L,,100,20.956428,85.17642,2026-07-22T14:00:00,DEMO_MONITORING_FEED,COMPLIANT,0,DEMO_CONFIGURATION,"Configured thresholds are synthetic for software testing, not legal limits"
ENV-0000752,M003,ENV-ST-M003-03,TDS,609.05,mg/L,,2100,20.952412,85.172062,2026-07-22T06:00:00,DEMO_MONITORING_FEED,COMPLIANT,0,DEMO_CONFIGURATION,"Configured thresholds are synthetic for software testing, not legal limits"
ENV-0000753,M003,ENV-ST-M003-03,COD,88.96,mg/L,,250,20.940502,85.179608,2026-07-22T22:00:00,DEMO_MONITORING_FEED,COMPLIANT,0,DEMO_CONFIGURATION,"Configured thresholds are synthetic for software testing, not legal limits"
ENV-0000754,M003,ENV-ST-M003-02,BOD,9.75,mg/L,,30,20.958412,85.178994,2026-07-22T06:00:00,DEMO_MONITORING_FEED,COMPLIANT,0,DEMO_CONFIGURATION,"Configured thresholds are synthetic for software testing, not legal limits"
ENV-0000755,M003,ENV-ST-M003-01,Oil_Grease,2.07,mg/L,,10,20.941562,85.165728,2026-07-22T06:00:00,DEMO_MONITORING_FEED,COMPLIANT,0,DEMO_CONFIGURATION,"Configured thresholds are synthetic for software testing, not legal limits"
ENV-0000756,M003,ENV-ST-M003-03,Noise,38.89,dB(A),,85,20.952104,85.16097,2026-07-22T22:00:00,DEMO_MONITORING_FEED,COMPLIANT,0,DEMO_CONFIGURATION,"Configured thresholds are synthetic for software testing, not legal limits"
ENV-0000757,M003,ENV-ST-M003-01,PM2.5,22.18,ug/m3,,60,20.945861,85.17852,2026-07-19T22:00:00,DEMO_MONITORING_FEED,COMPLIANT,0,DEMO_CONFIGURATION,"Configured thresholds are synthetic for software testing, not legal limits"
ENV-0000758,M003,ENV-ST-M003-01,PM10,37.36,ug/m3,,100,20.957672,85.163738,2026-07-19T06:00:00,DEMO_MONITORING_FEED,COMPLIANT,0,DEMO_CONFIGURATION,"Configured thresholds are synthetic for software testing, not legal limits"
ENV-0000759,M003,ENV-ST-M003-02,SO2,28.97,ug/m3,,80,20.951668,85.160284,2026-07-19T14:00:00,DEMO_MONITORING_FEED,COMPLIANT,0,DEMO_CONFIGURATION,"Configured thresholds are synthetic for software testing, not legal limits"
ENV-0000760,M003,ENV-ST-M003-03,NO2,36.9,ug/m3,,80,20.949799,85.178974,2026-07-19T06:00:00,DEMO_MONITORING_FEED,COMPLIANT,0,DEMO_CONFIGURATION,"Configured thresholds are synthetic for software testing, not legal limits"
ENV-0000761,M003,ENV-ST-M003-01,CO,0.81,mg/m3,,4,20.951067,85.16684,2026-07-19T14:00:00,DEMO_MONITORING_FEED,COMPLIANT,0,DEMO_CONFIGURATION,"Configured thresholds are synthetic for software testing, not legal limits"
ENV-0000762,M003,ENV-ST-M003-01,pH,7.78,pH,6.5,8.5,20.940436,85.161341,2026-07-19T22:00:00,DEMO_MONITORING_FEED,COMPLIANT,0,DEMO_CONFIGURATION,"Configured thresholds are synthetic for software testing, not legal limits"
ENV-0000763,M003,ENV-ST-M003-03,TSS,30.16,mg/L,,100,20.948693,85.176943,2026-07-19T06:00:00,DEMO_MONITORING_FEED,COMPLIANT,0,DEMO_CONFIGURATION,"Configured thresholds are synthetic for software testing, not legal limits"
ENV-0000764,M003,ENV-ST-M003-01,TDS,689.08,mg/L,,2100,20.948218,85.177722,2026-07-19T22:00:00,DEMO_MONITORING_FEED,COMPLIANT,0,DEMO_CONFIGURATION,"Configured thresholds are synthetic for software testing, not legal limits"
ENV-0000765,M003,ENV-ST-M003-02,COD,63.36,mg/L,,250,20.955747,85.164243,2026-07-19T22:00:00,DEMO_MONITORING_FEED,COMPLIANT,0,DEMO_CONFIGURATION,"Configured thresholds are synthetic for software testing, not legal limits"
ENV-0000766,M003,ENV-ST-M003-01,BOD,10.11,mg/L,,30,20.955348,85.167785,2026-07-19T06:00:00,DEMO_MONITORING_FEED,COMPLIANT,0,DEMO_CONFIGURATION,"Configured thresholds are synthetic for software testing, not legal limits"
ENV-0000767,M003,ENV-ST-M003-01,Oil_Grease,4.05,mg/L,,10,20.956297,85.170152,2026-07-19T06:00:00,DEMO_MONITORING_FEED,COMPLIANT,0,DEMO_CONFIGURATION,"Configured thresholds are synthetic for software testing, not legal limits"
ENV-0000768,M003,ENV-ST-M003-01,Noise,40.26,dB(A),,85,20.956036,85.167014,2026-07-19T06:00:00,DEMO_MONITORING_FEED,COMPLIANT,0,DEMO_CONFIGURATION,"Configured thresholds are synthetic for software testing, not legal limits"
ENV-0000769,M003,ENV-ST-M003-02,PM2.5,23.92,ug/m3,,60,20.942978,85.166903,2026-07-16T14:00:00,DEMO_MONITORING_FEED,COMPLIANT,0,DEMO_CONFIGURATION,"Configured thresholds are synthetic for software testing, not legal limits"
ENV-0000770,M003,ENV-ST-M003-03,PM10,57.77,ug/m3,,100,20.95875,85.176175,2026-07-16T22:00:00,DEMO_MONITORING_FEED,COMPLIANT,0,DEMO_CONFIGURATION,"Configured thresholds are synthetic for software testing, not legal limits"
ENV-0000771,M003,ENV-ST-M003-02,SO2,32.24,ug/m3,,80,20.943717,85.174356,2026-07-16T06:00:00,DEMO_MONITORING_FEED,COMPLIANT,0,DEMO_CONFIGURATION,"Configured thresholds are synthetic for software testing, not legal limits"
ENV-0000772,M003,ENV-ST-M003-01,NO2,28.35,ug/m3,,80,20.942035,85.17078,2026-07-16T14:00:00,DEMO_MONITORING_FEED,COMPLIANT,0,DEMO_CONFIGURATION,"Configured thresholds are synthetic for software testing, not legal limits"
ENV-0000773,M003,ENV-ST-M003-02,CO,0.54,mg/m3,,4,20.950824,85.177446,2026-07-16T22:00:00,DEMO_MONITORING_FEED,COMPLIANT,0,DEMO_CONFIGURATION,"Configured thresholds are synthetic for software testing, not legal limits"
ENV-0000774,M003,ENV-ST-M003-02,pH,7.71,pH,6.5,8.5,20.950095,85.171176,2026-07-16T06:00:00,DEMO_MONITORING_FEED,COMPLIANT,0,DEMO_CONFIGURATION,"Configured thresholds are synthetic for software testing, not legal limits"
ENV-0000775,M003,ENV-ST-M003-02,TSS,39.38,mg/L,,100,20.958717,85.160701,2026-07-16T22:00:00,DEMO_MONITORING_FEED,COMPLIANT,0,DEMO_CONFIGURATION,"Configured thresholds are synthetic for software testing, not legal limits"
ENV-0000776,M003,ENV-ST-M003-02,TDS,447.3,mg/L,,2100,20.95756,85.164382,2026-07-16T06:00:00,DEMO_MONITORING_FEED,COMPLIANT,0,DEMO_CONFIGURATION,"Configured thresholds are synthetic for software testing, not legal limits"
ENV-0000777,M003,ENV-ST-M003-01,COD,62.43,mg/L,,250,20.952954,85.163752,2026-07-16T14:00:00,DEMO_MONITORING_FEED,COMPLIANT,0,DEMO_CONFIGURATION,"Configured thresholds are synthetic for software testing, not legal limits"
ENV-0000778,M003,ENV-ST-M003-01,BOD,8.73,mg/L,,30,20.940586,85.161551,2026-07-16T06:00:00,DEMO_MONITORING_FEED,COMPLIANT,0,DEMO_CONFIGURATION,"Configured thresholds are synthetic for software testing, not legal limits"
ENV-0000779,M003,ENV-ST-M003-02,Oil_Grease,2.81,mg/L,,10,20.953011,85.168074,2026-07-16T22:00:00,DEMO_MONITORING_FEED,COMPLIANT,0,DEMO_CONFIGURATION,"Configured thresholds are synthetic for software testing, not legal limits"
ENV-0000780,M003,ENV-ST-M003-01,Noise,38.02,dB(A),,85,20.950304,85.162873,2026-07-16T06:00:00,DEMO_MONITORING_FEED,COMPLIANT,0,DEMO_CONFIGURATION,"Configured thresholds are synthetic for software testing, not legal limits"
ENV-0000781,M003,ENV-ST-M003-01,PM2.5,29.47,ug/m3,,60,20.946341,85.160412,2026-07-13T14:00:00,DEMO_MONITORING_FEED,COMPLIANT,0,DEMO_CONFIGURATION,"Configured thresholds are synthetic for software testing, not legal limits"
ENV-0000782,M003,ENV-ST-M003-01,PM10,34.07,ug/m3,,100,20.95712,85.167291,2026-07-13T22:00:00,DEMO_MONITORING_FEED,COMPLIANT,0,DEMO_CONFIGURATION,"Configured thresholds are synthetic for software testing, not legal limits"
ENV-0000783,M003,ENV-ST-M003-02,SO2,18.32,ug/m3,,80,20.952323,85.177548,2026-07-13T22:00:00,DEMO_MONITORING_FEED,COMPLIANT,0,DEMO_CONFIGURATION,"Configured thresholds are synthetic for software testing, not legal limits"
ENV-0000784,M003,ENV-ST-M003-01,NO2,26.53,ug/m3,,80,20.955398,85.16229,2026-07-13T14:00:00,DEMO_MONITORING_FEED,COMPLIANT,0,DEMO_CONFIGURATION,"Configured thresholds are synthetic for software testing, not legal limits"
ENV-0000785,M003,ENV-ST-M003-03,CO,0,mg/m3,,4,20.955248,85.163836,2026-07-13T14:00:00,DEMO_MONITORING_FEED,COMPLIANT,0,DEMO_CONFIGURATION,"Configured thresholds are synthetic for software testing, not legal limits"
ENV-0000786,M003,ENV-ST-M003-01,pH,7.62,pH,6.5,8.5,20.945259,85.166233,2026-07-13T22:00:00,DEMO_MONITORING_FEED,COMPLIANT,0,DEMO_CONFIGURATION,"Configured thresholds are synthetic for software testing, not legal limits"
ENV-0000787,M003,ENV-ST-M003-01,TSS,34.67,mg/L,,100,20.941742,85.174294,2026-07-13T14:00:00,DEMO_MONITORING_FEED,COMPLIANT,0,DEMO_CONFIGURATION,"Configured thresholds are synthetic for software testing, not legal limits"
ENV-0000788,M003,ENV-ST-M003-01,TDS,578.77,mg/L,,2100,20.957557,85.166589,2026-07-13T14:00:00,DEMO_MONITORING_FEED,COMPLIANT,0,DEMO_CONFIGURATION,"Configured thresholds are synthetic for software testing, not legal limits"
ENV-0000789,M003,ENV-ST-M003-03,COD,119.11,mg/L,,250,20.944478,85.173359,2026-07-13T22:00:00,DEMO_MONITORING_FEED,COMPLIANT,0,DEMO_CONFIGURATION,"Configured thresholds are synthetic for software testing, not legal limits"
ENV-0000790,M003,ENV-ST-M003-01,BOD,7.79,mg/L,,30,20.946377,85.160083,2026-07-13T22:00:00,DEMO_MONITORING_FEED,COMPLIANT,0,DEMO_CONFIGURATION,"Configured thresholds are synthetic for software testing, not legal limits"
ENV-0000791,M003,ENV-ST-M003-02,Oil_Grease,2.25,mg/L,,10,20.947565,85.167999,2026-07-13T06:00:00,DEMO_MONITORING_FEED,COMPLIANT,0,DEMO_CONFIGURATION,"Configured thresholds are synthetic for software testing, not legal limits"
ENV-0000792,M003,ENV-ST-M003-03,Noise,41.65,dB(A),,85,20.946976,85.161614,2026-07-13T22:00:00,DEMO_MONITORING_FEED,COMPLIANT,0,DEMO_CONFIGURATION,"Configured thresholds are synthetic for software testing, not legal limits"
ENV-0000793,M003,ENV-ST-M003-01,PM2.5,19.72,ug/m3,,60,20.949967,85.178534,2026-07-10T14:00:00,DEMO_MONITORING_FEED,COMPLIANT,0,DEMO_CONFIGURATION,"Configured thresholds are synthetic for software testing, not legal limits"
ENV-0000794,M003,ENV-ST-M003-02,PM10,38.66,ug/m3,,100,20.959437,85.164446,2026-07-10T22:00:00,DEMO_MONITORING_FEED,COMPLIANT,0,DEMO_CONFIGURATION,"Configured thresholds are synthetic for software testing, not legal limits"
ENV-0000795,M003,ENV-ST-M003-02,SO2,12.24,ug/m3,,80,20.959073,85.162612,2026-07-10T22:00:00,DEMO_MONITORING_FEED,COMPLIANT,0,DEMO_CONFIGURATION,"Configured thresholds are synthetic for software testing, not legal limits"
ENV-0000796,M003,ENV-ST-M003-03,NO2,16.34,ug/m3,,80,20.956371,85.178317,2026-07-10T06:00:00,DEMO_MONITORING_FEED,COMPLIANT,0,DEMO_CONFIGURATION,"Configured thresholds are synthetic for software testing, not legal limits"
ENV-0000797,M003,ENV-ST-M003-03,CO,0.68,mg/m3,,4,20.952922,85.164814,2026-07-10T06:00:00,DEMO_MONITORING_FEED,COMPLIANT,0,DEMO_CONFIGURATION,"Configured thresholds are synthetic for software testing, not legal limits"
ENV-0000798,M003,ENV-ST-M003-01,pH,7.39,pH,6.5,8.5,20.949247,85.175203,2026-07-10T06:00:00,DEMO_MONITORING_FEED,COMPLIANT,0,DEMO_CONFIGURATION,"Configured thresholds are synthetic for software testing, not legal limits"
ENV-0000799,M003,ENV-ST-M003-01,TSS,32.89,mg/L,,100,20.954005,85.177797,2026-07-10T06:00:00,DEMO_MONITORING_FEED,COMPLIANT,0,DEMO_CONFIGURATION,"Configured thresholds are synthetic for software testing, not legal limits"
ENV-0000800,M003,ENV-ST-M003-03,TDS,583.29,mg/L,,2100,20.949971,85.162605,2026-07-10T14:00:00,DEMO_MONITORING_FEED,COMPLIANT,0,DEMO_CONFIGURATION,"Configured thresholds are synthetic for software testing, not legal limits"
ENV-0000801,M003,ENV-ST-M003-03,COD,96.34,mg/L,,250,20.949137,85.160898,2026-07-10T06:00:00,DEMO_MONITORING_FEED,COMPLIANT,0,DEMO_CONFIGURATION,"Configured thresholds are synthetic for software testing, not legal limits"
ENV-0000802,M003,ENV-ST-M003-03,BOD,11.62,mg/L,,30,20.944353,85.16675,2026-07-10T22:00:00,DEMO_MONITORING_FEED,COMPLIANT,0,DEMO_CONFIGURATION,"Configured thresholds are synthetic for software testing, not legal limits"
ENV-0000803,M003,ENV-ST-M003-03,Oil_Grease,2.01,mg/L,,10,20.947602,85.171021,2026-07-10T22:00:00,DEMO_MONITORING_FEED,COMPLIANT,0,DEMO_CONFIGURATION,"Configured thresholds are synthetic for software testing, not legal limits"
ENV-0000804,M003,ENV-ST-M003-02,Noise,49.71,dB(A),,85,20.951049,85.173005,2026-07-10T06:00:00,DEMO_MONITORING_FEED,COMPLIANT,0,DEMO_CONFIGURATION,"Configured thresholds are synthetic for software testing, not legal limits"
ENV-0000805,M003,ENV-ST-M003-01,PM2.5,26.61,ug/m3,,60,20.957628,85.175069,2026-07-07T22:00:00,DEMO_MONITORING_FEED,COMPLIANT,0,DEMO_CONFIGURATION,"Configured thresholds are synthetic for software testing, not legal limits"
ENV-0000806,M003,ENV-ST-M003-01,PM10,41.32,ug/m3,,100,20.948433,85.167639,2026-07-07T22:00:00,DEMO_MONITORING_FEED,COMPLIANT,0,DEMO_CONFIGURATION,"Configured thresholds are synthetic for software testing, not legal limits"
ENV-0000807,M003,ENV-ST-M003-03,SO2,29.57,ug/m3,,80,20.953782,85.173057,2026-07-07T22:00:00,DEMO_MONITORING_FEED,COMPLIANT,0,DEMO_CONFIGURATION,"Configured thresholds are synthetic for software testing, not legal limits"
ENV-0000808,M003,ENV-ST-M003-03,NO2,21.51,ug/m3,,80,20.946113,85.172139,2026-07-07T06:00:00,DEMO_MONITORING_FEED,COMPLIANT,0,DEMO_CONFIGURATION,"Configured thresholds are synthetic for software testing, not legal limits"
ENV-0000809,M003,ENV-ST-M003-03,CO,1.01,mg/m3,,4,20.95888,85.170227,2026-07-07T22:00:00,DEMO_MONITORING_FEED,COMPLIANT,0,DEMO_CONFIGURATION,"Configured thresholds are synthetic for software testing, not legal limits"
ENV-0000810,M003,ENV-ST-M003-01,pH,7.19,pH,6.5,8.5,20.952843,85.164239,2026-07-07T14:00:00,DEMO_MONITORING_FEED,COMPLIANT,0,DEMO_CONFIGURATION,"Configured thresholds are synthetic for software testing, not legal limits"
ENV-0000811,M003,ENV-ST-M003-01,TSS,21.83,mg/L,,100,20.945807,85.179922,2026-07-07T22:00:00,DEMO_MONITORING_FEED,COMPLIANT,0,DEMO_CONFIGURATION,"Configured thresholds are synthetic for software testing, not legal limits"
ENV-0000812,M003,ENV-ST-M003-03,TDS,801.6,mg/L,,2100,20.955109,85.160599,2026-07-07T22:00:00,DEMO_MONITORING_FEED,COMPLIANT,0,DEMO_CONFIGURATION,"Configured thresholds are synthetic for software testing, not legal limits"
ENV-0000813,M003,ENV-ST-M003-03,COD,46.02,mg/L,,250,20.945968,85.16826,2026-07-07T06:00:00,DEMO_MONITORING_FEED,COMPLIANT,0,DEMO_CONFIGURATION,"Configured thresholds are synthetic for software testing, not legal limits"
ENV-0000814,M003,ENV-ST-M003-01,BOD,9.28,mg/L,,30,20.954762,85.160848,2026-07-07T06:00:00,DEMO_MONITORING_FEED,COMPLIANT,0,DEMO_CONFIGURATION,"Configured thresholds are synthetic for software testing, not legal limits"
ENV-0000815,M003,ENV-ST-M003-01,Oil_Grease,2.79,mg/L,,10,20.955318,85.178302,2026-07-07T06:00:00,DEMO_MONITORING_FEED,COMPLIANT,0,DEMO_CONFIGURATION,"Configured thresholds are synthetic for software testing, not legal limits"
ENV-0000816,M003,ENV-ST-M003-03,Noise,36.0,dB(A),,85,20.94567,85.167677,2026-07-07T06:00:00,DEMO_MONITORING_FEED,COMPLIANT,0,DEMO_CONFIGURATION,"Configured thresholds are synthetic for software testing, not legal limits"
ENV-0000817,M003,ENV-ST-M003-03,PM2.5,19.17,ug/m3,,60,20.948605,85.164746,2026-07-04T14:00:00,DEMO_MONITORING_FEED,COMPLIANT,0,DEMO_CONFIGURATION,"Configured thresholds are synthetic for software testing, not legal limits"
ENV-0000818,M003,ENV-ST-M003-03,PM10,46.43,ug/m3,,100,20.943509,85.17465,2026-07-04T22:00:00,DEMO_MONITORING_FEED,COMPLIANT,0,DEMO_CONFIGURATION,"Configured thresholds are synthetic for software testing, not legal limits"
ENV-0000819,M003,ENV-ST-M003-03,SO2,5.51,ug/m3,,80,20.957781,85.164714,2026-07-04T06:00:00,DEMO_MONITORING_FEED,COMPLIANT,0,DEMO_CONFIGURATION,"Configured thresholds are synthetic for software testing, not legal limits"
ENV-0000820,M003,ENV-ST-M003-02,NO2,30.03,ug/m3,,80,20.950379,85.177293,2026-07-04T22:00:00,DEMO_MONITORING_FEED,COMPLIANT,0,DEMO_CONFIGURATION,"Configured thresholds are synthetic for software testing, not legal limits"
ENV-0000821,M003,ENV-ST-M003-02,CO,0.84,mg/m3,,4,20.949343,85.164223,2026-07-04T06:00:00,DEMO_MONITORING_FEED,COMPLIANT,0,DEMO_CONFIGURATION,"Configured thresholds are synthetic for software testing, not legal limits"
ENV-0000822,M003,ENV-ST-M003-03,pH,7.21,pH,6.5,8.5,20.942325,85.169286,2026-07-04T22:00:00,DEMO_MONITORING_FEED,COMPLIANT,0,DEMO_CONFIGURATION,"Configured thresholds are synthetic for software testing, not legal limits"
ENV-0000823,M003,ENV-ST-M003-03,TSS,30.03,mg/L,,100,20.943397,85.166438,2026-07-04T06:00:00,DEMO_MONITORING_FEED,COMPLIANT,0,DEMO_CONFIGURATION,"Configured thresholds are synthetic for software testing, not legal limits"
ENV-0000824,M003,ENV-ST-M003-01,TDS,547.02,mg/L,,2100,20.941372,85.16563,2026-07-04T06:00:00,DEMO_MONITORING_FEED,COMPLIANT,0,DEMO_CONFIGURATION,"Configured thresholds are synthetic for software testing, not legal limits"
ENV-0000825,M003,ENV-ST-M003-03,COD,86.6,mg/L,,250,20.941589,85.170827,2026-07-04T14:00:00,DEMO_MONITORING_FEED,COMPLIANT,0,DEMO_CONFIGURATION,"Configured thresholds are synthetic for software testing, not legal limits"
ENV-0000826,M003,ENV-ST-M003-02,BOD,8.65,mg/L,,30,20.951543,85.166283,2026-07-04T14:00:00,DEMO_MONITORING_FEED,COMPLIANT,0,DEMO_CONFIGURATION,"Configured thresholds are synthetic for software testing, not legal limits"
ENV-0000827,M003,ENV-ST-M003-01,Oil_Grease,2.19,mg/L,,10,20.946163,85.177339,2026-07-04T14:00:00,DEMO_MONITORING_FEED,COMPLIANT,0,DEMO_CONFIGURATION,"Configured thresholds are synthetic for software testing, not legal limits"
ENV-0000828,M003,ENV-ST-M003-03,Noise,47.34,dB(A),,85,20.954899,85.176232,2026-07-04T14:00:00,DEMO_MONITORING_FEED,COMPLIANT,0,DEMO_CONFIGURATION,"Configured thresholds are synthetic for software testing, not legal limits"
ENV-0000829,M003,ENV-ST-M003-03,PM2.5,20.09,ug/m3,,60,20.946435,85.173903,2026-07-01T06:00:00,DEMO_MONITORING_FEED,COMPLIANT,0,DEMO_CONFIGURATION,"Configured thresholds are synthetic for software testing, not legal limits"
ENV-0000830,M003,ENV-ST-M003-01,PM10,44.16,ug/m3,,100,20.940041,85.16352,2026-07-01T22:00:00,DEMO_MONITORING_FEED,COMPLIANT,0,DEMO_CONFIGURATION,"Configured thresholds are synthetic for software testing, not legal limits"
ENV-0000831,M003,ENV-ST-M003-01,SO2,17.43,ug/m3,,80,20.95705,85.16325,2026-07-01T22:00:00,DEMO_MONITORING_FEED,COMPLIANT,0,DEMO_CONFIGURATION,"Configured thresholds are synthetic for software testing, not legal limits"
ENV-0000832,M003,ENV-ST-M003-01,NO2,24.57,ug/m3,,80,20.947702,85.165705,2026-07-01T14:00:00,DEMO_MONITORING_FEED,COMPLIANT,0,DEMO_CONFIGURATION,"Configured thresholds are synthetic for software testing, not legal limits"
ENV-0000833,M003,ENV-ST-M003-01,CO,0.51,mg/m3,,4,20.956915,85.179393,2026-07-01T22:00:00,DEMO_MONITORING_FEED,COMPLIANT,0,DEMO_CONFIGURATION,"Configured thresholds are synthetic for software testing, not legal limits"
ENV-0000834,M003,ENV-ST-M003-03,pH,7.87,pH,6.5,8.5,20.956283,85.161135,2026-07-01T06:00:00,DEMO_MONITORING_FEED,COMPLIANT,0,DEMO_CONFIGURATION,"Configured thresholds are synthetic for software testing, not legal limits"
ENV-0000835,M003,ENV-ST-M003-01,TSS,52.01,mg/L,,100,20.948289,85.173664,2026-07-01T22:00:00,DEMO_MONITORING_FEED,COMPLIANT,0,DEMO_CONFIGURATION,"Configured thresholds are synthetic for software testing, not legal limits"
ENV-0000836,M003,ENV-ST-M003-01,TDS,356.34,mg/L,,2100,20.955842,85.171254,2026-07-01T22:00:00,DEMO_MONITORING_FEED,COMPLIANT,0,DEMO_CONFIGURATION,"Configured thresholds are synthetic for software testing, not legal limits"
ENV-0000837,M003,ENV-ST-M003-01,COD,70.03,mg/L,,250,20.940674,85.162726,2026-07-01T14:00:00,DEMO_MONITORING_FEED,COMPLIANT,0,DEMO_CONFIGURATION,"Configured thresholds are synthetic for software testing, not legal limits"
ENV-0000838,M003,ENV-ST-M003-03,BOD,11.99,mg/L,,30,20.940535,85.174519,2026-07-01T14:00:00,DEMO_MONITORING_FEED,COMPLIANT,0,DEMO_CONFIGURATION,"Configured thresholds are synthetic for software testing, not legal limits"
ENV-0000839,M003,ENV-ST-M003-02,Oil_Grease,1.98,mg/L,,10,20.949044,85.172625,2026-07-01T06:00:00,DEMO_MONITORING_FEED,COMPLIANT,0,DEMO_CONFIGURATION,"Configured thresholds are synthetic for software testing, not legal limits"
ENV-0000840,M003,ENV-ST-M003-01,Noise,43.69,dB(A),,85,20.942367,85.169783,2026-07-01T06:00:00,DEMO_MONITORING_FEED,COMPLIANT,0,DEMO_CONFIGURATION,"Configured thresholds are synthetic for software testing, not legal limits"
ENV-0000841,M003,ENV-ST-M003-02,PM2.5,24.18,ug/m3,,60,20.954163,85.177664,2026-06-28T06:00:00,DEMO_MONITORING_FEED,COMPLIANT,0,DEMO_CONFIGURATION,"Configured thresholds are synthetic for software testing, not legal limits"
ENV-0000842,M003,ENV-ST-M003-02,PM10,48.72,ug/m3,,100,20.957901,85.173174,2026-06-28T14:00:00,DEMO_MONITORING_FEED,COMPLIANT,0,DEMO_CONFIGURATION,"Configured thresholds are synthetic for software testing, not legal limits"
ENV-0000843,M003,ENV-ST-M003-02,SO2,17.3,ug/m3,,80,20.94981,85.167094,2026-06-28T14:00:00,DEMO_MONITORING_FEED,COMPLIANT,0,DEMO_CONFIGURATION,"Configured thresholds are synthetic for software testing, not legal limits"
ENV-0000844,M003,ENV-ST-M003-02,NO2,36.64,ug/m3,,80,20.95666,85.16664,2026-06-28T22:00:00,DEMO_MONITORING_FEED,COMPLIANT,0,DEMO_CONFIGURATION,"Configured thresholds are synthetic for software testing, not legal limits"
ENV-0000845,M003,ENV-ST-M003-03,CO,0.62,mg/m3,,4,20.950615,85.160677,2026-06-28T06:00:00,DEMO_MONITORING_FEED,COMPLIANT,0,DEMO_CONFIGURATION,"Configured thresholds are synthetic for software testing, not legal limits"
ENV-0000846,M003,ENV-ST-M003-01,pH,6.85,pH,6.5,8.5,20.955121,85.167603,2026-06-28T14:00:00,DEMO_MONITORING_FEED,COMPLIANT,0,DEMO_CONFIGURATION,"Configured thresholds are synthetic for software testing, not legal limits"
ENV-0000847,M003,ENV-ST-M003-03,TSS,44.05,mg/L,,100,20.950484,85.163768,2026-06-28T14:00:00,DEMO_MONITORING_FEED,COMPLIANT,0,DEMO_CONFIGURATION,"Configured thresholds are synthetic for software testing, not legal limits"
ENV-0000848,M003,ENV-ST-M003-01,TDS,531.69,mg/L,,2100,20.94793,85.162129,2026-06-28T22:00:00,DEMO_MONITORING_FEED,COMPLIANT,0,DEMO_CONFIGURATION,"Configured thresholds are synthetic for software testing, not legal limits"
ENV-0000849,M003,ENV-ST-M003-01,COD,73.77,mg/L,,250,20.954779,85.16386,2026-06-28T06:00:00,DEMO_MONITORING_FEED,COMPLIANT,0,DEMO_CONFIGURATION,"Configured thresholds are synthetic for software testing, not legal limits"
ENV-0000850,M003,ENV-ST-M003-02,BOD,13.82,mg/L,,30,20.955302,85.160274,2026-06-28T06:00:00,DEMO_MONITORING_FEED,COMPLIANT,0,DEMO_CONFIGURATION,"Configured thresholds are synthetic for software testing, not legal limits"
ENV-0000851,M003,ENV-ST-M003-01,Oil_Grease,2.75,mg/L,,10,20.954131,85.174998,2026-06-28T22:00:00,DEMO_MONITORING_FEED,COMPLIANT,0,DEMO_CONFIGURATION,"Configured thresholds are synthetic for software testing, not legal limits"
ENV-0000852,M003,ENV-ST-M003-03,Noise,36.32,dB(A),,85,20.940713,85.168405,2026-06-28T14:00:00,DEMO_MONITORING_FEED,COMPLIANT,0,DEMO_CONFIGURATION,"Configured thresholds are synthetic for software testing, not legal limits"
ENV-0000853,M003,ENV-ST-M003-01,PM2.5,26.36,ug/m3,,60,20.95234,85.167664,2026-06-25T06:00:00,DEMO_MONITORING_FEED,COMPLIANT,0,DEMO_CONFIGURATION,"Configured thresholds are synthetic for software testing, not legal limits"
ENV-0000854,M003,ENV-ST-M003-02,PM10,42.86,ug/m3,,100,20.945406,85.169185,2026-06-25T22:00:00,DEMO_MONITORING_FEED,COMPLIANT,0,DEMO_CONFIGURATION,"Configured thresholds are synthetic for software testing, not legal limits"
ENV-0000855,M003,ENV-ST-M003-03,SO2,15.11,ug/m3,,80,20.948631,85.166176,2026-06-25T14:00:00,DEMO_MONITORING_FEED,COMPLIANT,0,DEMO_CONFIGURATION,"Configured thresholds are synthetic for software testing, not legal limits"
ENV-0000856,M003,ENV-ST-M003-02,NO2,34.17,ug/m3,,80,20.940501,85.17514,2026-06-25T22:00:00,DEMO_MONITORING_FEED,COMPLIANT,0,DEMO_CONFIGURATION,"Configured thresholds are synthetic for software testing, not legal limits"
ENV-0000857,M003,ENV-ST-M003-01,CO,0.21,mg/m3,,4,20.954885,85.174707,2026-06-25T14:00:00,DEMO_MONITORING_FEED,COMPLIANT,0,DEMO_CONFIGURATION,"Configured thresholds are synthetic for software testing, not legal limits"
ENV-0000858,M003,ENV-ST-M003-02,pH,6.7,pH,6.5,8.5,20.954969,85.163848,2026-06-25T22:00:00,DEMO_MONITORING_FEED,COMPLIANT,0,DEMO_CONFIGURATION,"Configured thresholds are synthetic for software testing, not legal limits"
ENV-0000859,M003,ENV-ST-M003-03,TSS,40.38,mg/L,,100,20.947536,85.172747,2026-06-25T14:00:00,DEMO_MONITORING_FEED,COMPLIANT,0,DEMO_CONFIGURATION,"Configured thresholds are synthetic for software testing, not legal limits"
ENV-0000860,M003,ENV-ST-M003-02,TDS,442.09,mg/L,,2100,20.955376,85.166858,2026-06-25T06:00:00,DEMO_MONITORING_FEED,COMPLIANT,0,DEMO_CONFIGURATION,"Configured thresholds are synthetic for software testing, not legal limits"
ENV-0000861,M003,ENV-ST-M003-02,COD,62.51,mg/L,,250,20.953225,85.16132,2026-06-25T14:00:00,DEMO_MONITORING_FEED,COMPLIANT,0,DEMO_CONFIGURATION,"Configured thresholds are synthetic for software testing, not legal limits"
ENV-0000862,M003,ENV-ST-M003-02,BOD,11.1,mg/L,,30,20.957059,85.178199,2026-06-25T14:00:00,DEMO_MONITORING_FEED,COMPLIANT,0,DEMO_CONFIGURATION,"Configured thresholds are synthetic for software testing, not legal limits"
ENV-0000863,M003,ENV-ST-M003-01,Oil_Grease,1.07,mg/L,,10,20.955392,85.175422,2026-06-25T06:00:00,DEMO_MONITORING_FEED,COMPLIANT,0,DEMO_CONFIGURATION,"Configured thresholds are synthetic for software testing, not legal limits"
ENV-0000864,M003,ENV-ST-M003-03,Noise,47.02,dB(A),,85,20.947191,85.167069,2026-06-25T06:00:00,DEMO_MONITORING_FEED,COMPLIANT,0,DEMO_CONFIGURATION,"Configured thresholds are synthetic for software testing, not legal limits"
ENV-0000865,M004,ENV-ST-M004-02,PM2.5,45.11,ug/m3,,60,18.724367,79.529465,2026-09-02T06:00:00,DEMO_MONITORING_FEED,COMPLIANT,0,DEMO_CONFIGURATION,"Configured thresholds are synthetic for software testing, not legal limits"
ENV-0000866,M004,ENV-ST-M004-01,PM10,54.95,ug/m3,,100,18.727901,79.516067,2026-09-02T22:00:00,DEMO_MONITORING_FEED,COMPLIANT,0,DEMO_CONFIGURATION,"Configured thresholds are synthetic for software testing, not legal limits"
ENV-0000867,M004,ENV-ST-M004-02,SO2,34.76,ug/m3,,80,18.729848,79.524671,2026-09-02T14:00:00,DEMO_MONITORING_FEED,COMPLIANT,0,DEMO_CONFIGURATION,"Configured thresholds are synthetic for software testing, not legal limits"
ENV-0000868,M004,ENV-ST-M004-03,NO2,35.7,ug/m3,,80,18.726431,79.528242,2026-09-02T22:00:00,DEMO_MONITORING_FEED,COMPLIANT,0,DEMO_CONFIGURATION,"Configured thresholds are synthetic for software testing, not legal limits"
ENV-0000869,M004,ENV-ST-M004-01,CO,0.49,mg/m3,,4,18.739744,79.52936,2026-09-02T22:00:00,DEMO_MONITORING_FEED,COMPLIANT,0,DEMO_CONFIGURATION,"Configured thresholds are synthetic for software testing, not legal limits"
ENV-0000870,M004,ENV-ST-M004-01,pH,7.68,pH,6.5,8.5,18.739871,79.512855,2026-09-02T22:00:00,DEMO_MONITORING_FEED,COMPLIANT,0,DEMO_CONFIGURATION,"Configured thresholds are synthetic for software testing, not legal limits"
ENV-0000871,M004,ENV-ST-M004-02,TSS,52.89,mg/L,,100,18.735993,79.511791,2026-09-02T06:00:00,DEMO_MONITORING_FEED,COMPLIANT,0,DEMO_CONFIGURATION,"Configured thresholds are synthetic for software testing, not legal limits"
ENV-0000872,M004,ENV-ST-M004-02,TDS,949.67,mg/L,,2100,18.733407,79.519539,2026-09-02T22:00:00,DEMO_MONITORING_FEED,COMPLIANT,0,DEMO_CONFIGURATION,"Configured thresholds are synthetic for software testing, not legal limits"
ENV-0000873,M004,ENV-ST-M004-03,COD,137.85,mg/L,,250,18.736533,79.522964,2026-09-02T22:00:00,DEMO_MONITORING_FEED,COMPLIANT,0,DEMO_CONFIGURATION,"Configured thresholds are synthetic for software testing, not legal limits"
ENV-0000874,M004,ENV-ST-M004-02,BOD,19.7,mg/L,,30,18.73968,79.516124,2026-09-02T06:00:00,DEMO_MONITORING_FEED,COMPLIANT,0,DEMO_CONFIGURATION,"Configured thresholds are synthetic for software testing, not legal limits"
ENV-0000875,M004,ENV-ST-M004-01,Oil_Grease,2.61,mg/L,,10,18.723835,79.514633,2026-09-02T06:00:00,DEMO_MONITORING_FEED,COMPLIANT,0,DEMO_CONFIGURATION,"Configured thresholds are synthetic for software testing, not legal limits"
ENV-0000876,M004,ENV-ST-M004-03,Noise,75.13,dB(A),,85,18.73219,79.51311,2026-09-02T06:00:00,DEMO_MONITORING_FEED,COMPLIANT,0,DEMO_CONFIGURATION,"Configured thresholds are synthetic for software testing, not legal limits"
ENV-0000877,M004,ENV-ST-M004-03,PM2.5,31.98,ug/m3,,60,18.736145,79.529574,2026-08-30T14:00:00,DEMO_MONITORING_FEED,COMPLIANT,0,DEMO_CONFIGURATION,"Configured thresholds are synthetic for software testing, not legal limits"
ENV-0000878,M004,ENV-ST-M004-02,PM10,61.99,ug/m3,,100,18.723111,79.514247,2026-08-30T06:00:00,DEMO_MONITORING_FEED,COMPLIANT,0,DEMO_CONFIGURATION,"Configured thresholds are synthetic for software testing, not legal limits"
ENV-0000879,M004,ENV-ST-M004-01,SO2,32.21,ug/m3,,80,18.73654,79.526445,2026-08-30T14:00:00,DEMO_MONITORING_FEED,COMPLIANT,0,DEMO_CONFIGURATION,"Configured thresholds are synthetic for software testing, not legal limits"
ENV-0000880,M004,ENV-ST-M004-01,NO2,46.09,ug/m3,,80,18.737132,79.529558,2026-08-30T14:00:00,DEMO_MONITORING_FEED,COMPLIANT,0,DEMO_CONFIGURATION,"Configured thresholds are synthetic for software testing, not legal limits"
ENV-0000881,M004,ENV-ST-M004-03,CO,0.94,mg/m3,,4,18.733623,79.522695,2026-08-30T06:00:00,DEMO_MONITORING_FEED,COMPLIANT,0,DEMO_CONFIGURATION,"Configured thresholds are synthetic for software testing, not legal limits"
ENV-0000882,M004,ENV-ST-M004-01,pH,6.54,pH,6.5,8.5,18.739788,79.529908,2026-08-30T14:00:00,DEMO_MONITORING_FEED,COMPLIANT,0,DEMO_CONFIGURATION,"Configured thresholds are synthetic for software testing, not legal limits"
ENV-0000883,M004,ENV-ST-M004-01,TSS,53.8,mg/L,,100,18.72319,79.512296,2026-08-30T14:00:00,DEMO_MONITORING_FEED,COMPLIANT,0,DEMO_CONFIGURATION,"Configured thresholds are synthetic for software testing, not legal limits"
ENV-0000884,M004,ENV-ST-M004-02,TDS,837.62,mg/L,,2100,18.737571,79.529159,2026-08-30T14:00:00,DEMO_MONITORING_FEED,COMPLIANT,0,DEMO_CONFIGURATION,"Configured thresholds are synthetic for software testing, not legal limits"
ENV-0000885,M004,ENV-ST-M004-02,COD,76.43,mg/L,,250,18.736261,79.510087,2026-08-30T22:00:00,DEMO_MONITORING_FEED,COMPLIANT,0,DEMO_CONFIGURATION,"Configured thresholds are synthetic for software testing, not legal limits"
ENV-0000886,M004,ENV-ST-M004-02,BOD,15.22,mg/L,,30,18.721748,79.529228,2026-08-30T14:00:00,DEMO_MONITORING_FEED,COMPLIANT,0,DEMO_CONFIGURATION,"Configured thresholds are synthetic for software testing, not legal limits"
ENV-0000887,M004,ENV-ST-M004-03,Oil_Grease,4.52,mg/L,,10,18.726713,79.522419,2026-08-30T22:00:00,DEMO_MONITORING_FEED,COMPLIANT,0,DEMO_CONFIGURATION,"Configured thresholds are synthetic for software testing, not legal limits"
ENV-0000888,M004,ENV-ST-M004-01,Noise,72.8,dB(A),,85,18.734567,79.522528,2026-08-30T22:00:00,DEMO_MONITORING_FEED,COMPLIANT,0,DEMO_CONFIGURATION,"Configured thresholds are synthetic for software testing, not legal limits"
ENV-0000889,M004,ENV-ST-M004-02,PM2.5,39.97,ug/m3,,60,18.73598,79.512112,2026-08-27T22:00:00,DEMO_MONITORING_FEED,COMPLIANT,0,DEMO_CONFIGURATION,"Configured thresholds are synthetic for software testing, not legal limits"
ENV-0000890,M004,ENV-ST-M004-01,PM10,65.87,ug/m3,,100,18.738129,79.525181,2026-08-27T22:00:00,DEMO_MONITORING_FEED,COMPLIANT,0,DEMO_CONFIGURATION,"Configured thresholds are synthetic for software testing, not legal limits"
ENV-0000891,M004,ENV-ST-M004-03,SO2,25.46,ug/m3,,80,18.737795,79.510051,2026-08-27T22:00:00,DEMO_MONITORING_FEED,COMPLIANT,0,DEMO_CONFIGURATION,"Configured thresholds are synthetic for software testing, not legal limits"
ENV-0000892,M004,ENV-ST-M004-02,NO2,26.22,ug/m3,,80,18.727553,79.527193,2026-08-27T06:00:00,DEMO_MONITORING_FEED,COMPLIANT,0,DEMO_CONFIGURATION,"Configured thresholds are synthetic for software testing, not legal limits"
ENV-0000893,M004,ENV-ST-M004-03,CO,1.58,mg/m3,,4,18.735431,79.520551,2026-08-27T06:00:00,DEMO_MONITORING_FEED,COMPLIANT,0,DEMO_CONFIGURATION,"Configured thresholds are synthetic for software testing, not legal limits"
ENV-0000894,M004,ENV-ST-M004-01,pH,7.08,pH,6.5,8.5,18.739358,79.524487,2026-08-27T06:00:00,DEMO_MONITORING_FEED,COMPLIANT,0,DEMO_CONFIGURATION,"Configured thresholds are synthetic for software testing, not legal limits"
ENV-0000895,M004,ENV-ST-M004-03,TSS,70.99,mg/L,,100,18.738482,79.51373,2026-08-27T22:00:00,DEMO_MONITORING_FEED,COMPLIANT,0,DEMO_CONFIGURATION,"Configured thresholds are synthetic for software testing, not legal limits"
ENV-0000896,M004,ENV-ST-M004-03,TDS,650.44,mg/L,,2100,18.728647,79.518829,2026-08-27T14:00:00,DEMO_MONITORING_FEED,COMPLIANT,0,DEMO_CONFIGURATION,"Configured thresholds are synthetic for software testing, not legal limits"
ENV-0000897,M004,ENV-ST-M004-02,COD,152.33,mg/L,,250,18.737628,79.516419,2026-08-27T22:00:00,DEMO_MONITORING_FEED,COMPLIANT,0,DEMO_CONFIGURATION,"Configured thresholds are synthetic for software testing, not legal limits"
ENV-0000898,M004,ENV-ST-M004-01,BOD,11.58,mg/L,,30,18.728461,79.525106,2026-08-27T22:00:00,DEMO_MONITORING_FEED,COMPLIANT,0,DEMO_CONFIGURATION,"Configured thresholds are synthetic for software testing, not legal limits"
ENV-0000899,M004,ENV-ST-M004-02,Oil_Grease,2.89,mg/L,,10,18.737449,79.518323,2026-08-27T14:00:00,DEMO_MONITORING_FEED,COMPLIANT,0,DEMO_CONFIGURATION,"Configured thresholds are synthetic for software testing, not legal limits"
ENV-0000900,M004,ENV-ST-M004-02,Noise,68.18,dB(A),,85,18.736356,79.527487,2026-08-27T06:00:00,DEMO_MONITORING_FEED,COMPLIANT,0,DEMO_CONFIGURATION,"Configured thresholds are synthetic for software testing, not legal limits"
ENV-0000901,M004,ENV-ST-M004-03,PM2.5,48.25,ug/m3,,60,18.731414,79.5192,2026-08-24T22:00:00,DEMO_MONITORING_FEED,COMPLIANT,0,DEMO_CONFIGURATION,"Configured thresholds are synthetic for software testing, not legal limits"
ENV-0000902,M004,ENV-ST-M004-01,PM10,74.92,ug/m3,,100,18.732878,79.522899,2026-08-24T22:00:00,DEMO_MONITORING_FEED,COMPLIANT,0,DEMO_CONFIGURATION,"Configured thresholds are synthetic for software testing, not legal limits"
ENV-0000903,M004,ENV-ST-M004-01,SO2,15.75,ug/m3,,80,18.729276,79.523439,2026-08-24T14:00:00,DEMO_MONITORING_FEED,COMPLIANT,0,DEMO_CONFIGURATION,"Configured thresholds are synthetic for software testing, not legal limits"
ENV-0000904,M004,ENV-ST-M004-01,NO2,22.77,ug/m3,,80,18.736001,79.521825,2026-08-24T14:00:00,DEMO_MONITORING_FEED,COMPLIANT,0,DEMO_CONFIGURATION,"Configured thresholds are synthetic for software testing, not legal limits"
ENV-0000905,M004,ENV-ST-M004-01,CO,1.05,mg/m3,,4,18.730852,79.518348,2026-08-24T22:00:00,DEMO_MONITORING_FEED,COMPLIANT,0,DEMO_CONFIGURATION,"Configured thresholds are synthetic for software testing, not legal limits"
ENV-0000906,M004,ENV-ST-M004-03,pH,6.89,pH,6.5,8.5,18.723117,79.512136,2026-08-24T06:00:00,DEMO_MONITORING_FEED,COMPLIANT,0,DEMO_CONFIGURATION,"Configured thresholds are synthetic for software testing, not legal limits"
ENV-0000907,M004,ENV-ST-M004-03,TSS,57.8,mg/L,,100,18.720014,79.52794,2026-08-24T22:00:00,DEMO_MONITORING_FEED,COMPLIANT,0,DEMO_CONFIGURATION,"Configured thresholds are synthetic for software testing, not legal limits"
ENV-0000908,M004,ENV-ST-M004-01,TDS,807.78,mg/L,,2100,18.726275,79.526446,2026-08-24T14:00:00,DEMO_MONITORING_FEED,COMPLIANT,0,DEMO_CONFIGURATION,"Configured thresholds are synthetic for software testing, not legal limits"
ENV-0000909,M004,ENV-ST-M004-02,COD,88.63,mg/L,,250,18.720368,79.512075,2026-08-24T06:00:00,DEMO_MONITORING_FEED,COMPLIANT,0,DEMO_CONFIGURATION,"Configured thresholds are synthetic for software testing, not legal limits"
ENV-0000910,M004,ENV-ST-M004-02,BOD,17.83,mg/L,,30,18.735927,79.52054,2026-08-24T14:00:00,DEMO_MONITORING_FEED,COMPLIANT,0,DEMO_CONFIGURATION,"Configured thresholds are synthetic for software testing, not legal limits"
ENV-0000911,M004,ENV-ST-M004-03,Oil_Grease,2.94,mg/L,,10,18.722696,79.513779,2026-08-24T14:00:00,DEMO_MONITORING_FEED,COMPLIANT,0,DEMO_CONFIGURATION,"Configured thresholds are synthetic for software testing, not legal limits"
ENV-0000912,M004,ENV-ST-M004-01,Noise,73.02,dB(A),,85,18.722973,79.520795,2026-08-24T06:00:00,DEMO_MONITORING_FEED,COMPLIANT,0,DEMO_CONFIGURATION,"Configured thresholds are synthetic for software testing, not legal limits"
ENV-0000913,M004,ENV-ST-M004-01,PM2.5,29.14,ug/m3,,60,18.730916,79.525742,2026-08-21T22:00:00,DEMO_MONITORING_FEED,COMPLIANT,0,DEMO_CONFIGURATION,"Configured thresholds are synthetic for software testing, not legal limits"
ENV-0000914,M004,ENV-ST-M004-02,PM10,64.2,ug/m3,,100,18.725541,79.527467,2026-08-21T22:00:00,DEMO_MONITORING_FEED,COMPLIANT,0,DEMO_CONFIGURATION,"Configured thresholds are synthetic for software testing, not legal limits"
ENV-0000915,M004,ENV-ST-M004-03,SO2,25.07,ug/m3,,80,18.732569,79.525709,2026-08-21T22:00:00,DEMO_MONITORING_FEED,COMPLIANT,0,DEMO_CONFIGURATION,"Configured thresholds are synthetic for software testing, not legal limits"
ENV-0000916,M004,ENV-ST-M004-03,NO2,16.99,ug/m3,,80,18.722318,79.514384,2026-08-21T22:00:00,DEMO_MONITORING_FEED,COMPLIANT,0,DEMO_CONFIGURATION,"Configured thresholds are synthetic for software testing, not legal limits"
ENV-0000917,M004,ENV-ST-M004-01,CO,0,mg/m3,,4,18.735252,79.511371,2026-08-21T22:00:00,DEMO_MONITORING_FEED,COMPLIANT,0,DEMO_CONFIGURATION,"Configured thresholds are synthetic for software testing, not legal limits"
ENV-0000918,M004,ENV-ST-M004-02,pH,7.42,pH,6.5,8.5,18.724265,79.510399,2026-08-21T06:00:00,DEMO_MONITORING_FEED,COMPLIANT,0,DEMO_CONFIGURATION,"Configured thresholds are synthetic for software testing, not legal limits"
ENV-0000919,M004,ENV-ST-M004-03,TSS,42.94,mg/L,,100,18.726186,79.524288,2026-08-21T06:00:00,DEMO_MONITORING_FEED,COMPLIANT,0,DEMO_CONFIGURATION,"Configured thresholds are synthetic for software testing, not legal limits"
ENV-0000920,M004,ENV-ST-M004-03,TDS,947.75,mg/L,,2100,18.739918,79.514492,2026-08-21T22:00:00,DEMO_MONITORING_FEED,COMPLIANT,0,DEMO_CONFIGURATION,"Configured thresholds are synthetic for software testing, not legal limits"
ENV-0000921,M004,ENV-ST-M004-03,COD,126.39,mg/L,,250,18.721224,79.515149,2026-08-21T14:00:00,DEMO_MONITORING_FEED,COMPLIANT,0,DEMO_CONFIGURATION,"Configured thresholds are synthetic for software testing, not legal limits"
ENV-0000922,M004,ENV-ST-M004-03,BOD,11.61,mg/L,,30,18.736278,79.512267,2026-08-21T14:00:00,DEMO_MONITORING_FEED,COMPLIANT,0,DEMO_CONFIGURATION,"Configured thresholds are synthetic for software testing, not legal limits"
ENV-0000923,M004,ENV-ST-M004-02,Oil_Grease,0.72,mg/L,,10,18.735262,79.525914,2026-08-21T22:00:00,DEMO_MONITORING_FEED,COMPLIANT,0,DEMO_CONFIGURATION,"Configured thresholds are synthetic for software testing, not legal limits"
ENV-0000924,M004,ENV-ST-M004-02,Noise,45.0,dB(A),,85,18.733861,79.525423,2026-08-21T22:00:00,DEMO_MONITORING_FEED,COMPLIANT,0,DEMO_CONFIGURATION,"Configured thresholds are synthetic for software testing, not legal limits"
ENV-0000925,M004,ENV-ST-M004-01,PM2.5,41.5,ug/m3,,60,18.720854,79.526656,2026-08-18T06:00:00,DEMO_MONITORING_FEED,COMPLIANT,0,DEMO_CONFIGURATION,"Configured thresholds are synthetic for software testing, not legal limits"
ENV-0000926,M004,ENV-ST-M004-03,PM10,60.47,ug/m3,,100,18.738419,79.527834,2026-08-18T06:00:00,DEMO_MONITORING_FEED,COMPLIANT,0,DEMO_CONFIGURATION,"Configured thresholds are synthetic for software testing, not legal limits"
ENV-0000927,M004,ENV-ST-M004-01,SO2,41.21,ug/m3,,80,18.736057,79.522349,2026-08-18T22:00:00,DEMO_MONITORING_FEED,COMPLIANT,0,DEMO_CONFIGURATION,"Configured thresholds are synthetic for software testing, not legal limits"
ENV-0000928,M004,ENV-ST-M004-02,NO2,16.18,ug/m3,,80,18.72955,79.526903,2026-08-18T06:00:00,DEMO_MONITORING_FEED,COMPLIANT,0,DEMO_CONFIGURATION,"Configured thresholds are synthetic for software testing, not legal limits"
ENV-0000929,M004,ENV-ST-M004-02,CO,1.13,mg/m3,,4,18.722623,79.515664,2026-08-18T22:00:00,DEMO_MONITORING_FEED,COMPLIANT,0,DEMO_CONFIGURATION,"Configured thresholds are synthetic for software testing, not legal limits"
ENV-0000930,M004,ENV-ST-M004-01,pH,7.14,pH,6.5,8.5,18.72705,79.514882,2026-08-18T06:00:00,DEMO_MONITORING_FEED,COMPLIANT,0,DEMO_CONFIGURATION,"Configured thresholds are synthetic for software testing, not legal limits"
ENV-0000931,M004,ENV-ST-M004-03,TSS,45.47,mg/L,,100,18.721451,79.523685,2026-08-18T22:00:00,DEMO_MONITORING_FEED,COMPLIANT,0,DEMO_CONFIGURATION,"Configured thresholds are synthetic for software testing, not legal limits"
ENV-0000932,M004,ENV-ST-M004-02,TDS,698.88,mg/L,,2100,18.72947,79.512671,2026-08-18T22:00:00,DEMO_MONITORING_FEED,COMPLIANT,0,DEMO_CONFIGURATION,"Configured thresholds are synthetic for software testing, not legal limits"
ENV-0000933,M004,ENV-ST-M004-03,COD,117.46,mg/L,,250,18.724715,79.518065,2026-08-18T22:00:00,DEMO_MONITORING_FEED,COMPLIANT,0,DEMO_CONFIGURATION,"Configured thresholds are synthetic for software testing, not legal limits"
ENV-0000934,M004,ENV-ST-M004-01,BOD,15.64,mg/L,,30,18.723224,79.517206,2026-08-18T14:00:00,DEMO_MONITORING_FEED,COMPLIANT,0,DEMO_CONFIGURATION,"Configured thresholds are synthetic for software testing, not legal limits"
ENV-0000935,M004,ENV-ST-M004-03,Oil_Grease,3.22,mg/L,,10,18.732949,79.513768,2026-08-18T06:00:00,DEMO_MONITORING_FEED,COMPLIANT,0,DEMO_CONFIGURATION,"Configured thresholds are synthetic for software testing, not legal limits"
ENV-0000936,M004,ENV-ST-M004-02,Noise,43.41,dB(A),,85,18.725232,79.517654,2026-08-18T06:00:00,DEMO_MONITORING_FEED,COMPLIANT,0,DEMO_CONFIGURATION,"Configured thresholds are synthetic for software testing, not legal limits"
ENV-0000937,M004,ENV-ST-M004-01,PM2.5,37.63,ug/m3,,60,18.730716,79.517749,2026-08-15T06:00:00,DEMO_MONITORING_FEED,COMPLIANT,0,DEMO_CONFIGURATION,"Configured thresholds are synthetic for software testing, not legal limits"
ENV-0000938,M004,ENV-ST-M004-03,PM10,69.51,ug/m3,,100,18.736566,79.52156,2026-08-15T14:00:00,DEMO_MONITORING_FEED,COMPLIANT,0,DEMO_CONFIGURATION,"Configured thresholds are synthetic for software testing, not legal limits"
ENV-0000939,M004,ENV-ST-M004-03,SO2,15.99,ug/m3,,80,18.729954,79.514623,2026-08-15T06:00:00,DEMO_MONITORING_FEED,COMPLIANT,0,DEMO_CONFIGURATION,"Configured thresholds are synthetic for software testing, not legal limits"
ENV-0000940,M004,ENV-ST-M004-02,NO2,27.68,ug/m3,,80,18.72372,79.513372,2026-08-15T22:00:00,DEMO_MONITORING_FEED,COMPLIANT,0,DEMO_CONFIGURATION,"Configured thresholds are synthetic for software testing, not legal limits"
ENV-0000941,M004,ENV-ST-M004-02,CO,0.52,mg/m3,,4,18.736767,79.517882,2026-08-15T22:00:00,DEMO_MONITORING_FEED,COMPLIANT,0,DEMO_CONFIGURATION,"Configured thresholds are synthetic for software testing, not legal limits"
ENV-0000942,M004,ENV-ST-M004-03,pH,7.49,pH,6.5,8.5,18.731366,79.51297,2026-08-15T22:00:00,DEMO_MONITORING_FEED,COMPLIANT,0,DEMO_CONFIGURATION,"Configured thresholds are synthetic for software testing, not legal limits"
ENV-0000943,M004,ENV-ST-M004-02,TSS,61.58,mg/L,,100,18.735132,79.519522,2026-08-15T06:00:00,DEMO_MONITORING_FEED,COMPLIANT,0,DEMO_CONFIGURATION,"Configured thresholds are synthetic for software testing, not legal limits"
ENV-0000944,M004,ENV-ST-M004-03,TDS,964.38,mg/L,,2100,18.730664,79.512082,2026-08-15T22:00:00,DEMO_MONITORING_FEED,COMPLIANT,0,DEMO_CONFIGURATION,"Configured thresholds are synthetic for software testing, not legal limits"
ENV-0000945,M004,ENV-ST-M004-02,COD,104.99,mg/L,,250,18.731712,79.511314,2026-08-15T14:00:00,DEMO_MONITORING_FEED,COMPLIANT,0,DEMO_CONFIGURATION,"Configured thresholds are synthetic for software testing, not legal limits"
ENV-0000946,M004,ENV-ST-M004-01,BOD,11.16,mg/L,,30,18.738198,79.522114,2026-08-15T22:00:00,DEMO_MONITORING_FEED,COMPLIANT,0,DEMO_CONFIGURATION,"Configured thresholds are synthetic for software testing, not legal limits"
ENV-0000947,M004,ENV-ST-M004-02,Oil_Grease,2.81,mg/L,,10,18.721117,79.520514,2026-08-15T22:00:00,DEMO_MONITORING_FEED,COMPLIANT,0,DEMO_CONFIGURATION,"Configured thresholds are synthetic for software testing, not legal limits"
ENV-0000948,M004,ENV-ST-M004-02,Noise,70.31,dB(A),,85,18.730856,79.521794,2026-08-15T22:00:00,DEMO_MONITORING_FEED,COMPLIANT,0,DEMO_CONFIGURATION,"Configured thresholds are synthetic for software testing, not legal limits"
ENV-0000949,M004,ENV-ST-M004-02,PM2.5,33.82,ug/m3,,60,18.735142,79.528169,2026-08-12T14:00:00,DEMO_MONITORING_FEED,COMPLIANT,0,DEMO_CONFIGURATION,"Configured thresholds are synthetic for software testing, not legal limits"
ENV-0000950,M004,ENV-ST-M004-03,PM10,81.98,ug/m3,,100,18.735411,79.522851,2026-08-12T22:00:00,DEMO_MONITORING_FEED,COMPLIANT,0,DEMO_CONFIGURATION,"Configured thresholds are synthetic for software testing, not legal limits"
ENV-0000951,M004,ENV-ST-M004-02,SO2,34.89,ug/m3,,80,18.722812,79.511858,2026-08-12T06:00:00,DEMO_MONITORING_FEED,COMPLIANT,0,DEMO_CONFIGURATION,"Configured thresholds are synthetic for software testing, not legal limits"
ENV-0000952,M004,ENV-ST-M004-01,NO2,39.67,ug/m3,,80,18.726075,79.523085,2026-08-12T14:00:00,DEMO_MONITORING_FEED,COMPLIANT,0,DEMO_CONFIGURATION,"Configured thresholds are synthetic for software testing, not legal limits"
ENV-0000953,M004,ENV-ST-M004-01,CO,0.81,mg/m3,,4,18.73848,79.523324,2026-08-12T22:00:00,DEMO_MONITORING_FEED,COMPLIANT,0,DEMO_CONFIGURATION,"Configured thresholds are synthetic for software testing, not legal limits"
ENV-0000954,M004,ENV-ST-M004-03,pH,7.47,pH,6.5,8.5,18.739877,79.510188,2026-08-12T06:00:00,DEMO_MONITORING_FEED,COMPLIANT,0,DEMO_CONFIGURATION,"Configured thresholds are synthetic for software testing, not legal limits"
ENV-0000955,M004,ENV-ST-M004-01,TSS,38.79,mg/L,,100,18.739737,79.525295,2026-08-12T22:00:00,DEMO_MONITORING_FEED,COMPLIANT,0,DEMO_CONFIGURATION,"Configured thresholds are synthetic for software testing, not legal limits"
ENV-0000956,M004,ENV-ST-M004-02,TDS,803.93,mg/L,,2100,18.728076,79.527441,2026-08-12T14:00:00,DEMO_MONITORING_FEED,COMPLIANT,0,DEMO_CONFIGURATION,"Configured thresholds are synthetic for software testing, not legal limits"
ENV-0000957,M004,ENV-ST-M004-03,COD,99.25,mg/L,,250,18.735191,79.522505,2026-08-12T14:00:00,DEMO_MONITORING_FEED,COMPLIANT,0,DEMO_CONFIGURATION,"Configured thresholds are synthetic for software testing, not legal limits"
ENV-0000958,M004,ENV-ST-M004-01,BOD,8.73,mg/L,,30,18.725391,79.528406,2026-08-12T06:00:00,DEMO_MONITORING_FEED,COMPLIANT,0,DEMO_CONFIGURATION,"Configured thresholds are synthetic for software testing, not legal limits"
ENV-0000959,M004,ENV-ST-M004-01,Oil_Grease,3.87,mg/L,,10,18.730414,79.519977,2026-08-12T06:00:00,DEMO_MONITORING_FEED,COMPLIANT,0,DEMO_CONFIGURATION,"Configured thresholds are synthetic for software testing, not legal limits"
ENV-0000960,M004,ENV-ST-M004-01,Noise,61.61,dB(A),,85,18.725252,79.523853,2026-08-12T22:00:00,DEMO_MONITORING_FEED,COMPLIANT,0,DEMO_CONFIGURATION,"Configured thresholds are synthetic for software testing, not legal limits"
ENV-0000961,M004,ENV-ST-M004-02,PM2.5,48.47,ug/m3,,60,18.730037,79.523763,2026-08-09T22:00:00,DEMO_MONITORING_FEED,COMPLIANT,0,DEMO_CONFIGURATION,"Configured thresholds are synthetic for software testing, not legal limits"
ENV-0000962,M004,ENV-ST-M004-02,PM10,55.83,ug/m3,,100,18.7342,79.526228,2026-08-09T14:00:00,DEMO_MONITORING_FEED,COMPLIANT,0,DEMO_CONFIGURATION,"Configured thresholds are synthetic for software testing, not legal limits"
ENV-0000963,M004,ENV-ST-M004-02,SO2,19.41,ug/m3,,80,18.726224,79.525306,2026-08-09T22:00:00,DEMO_MONITORING_FEED,COMPLIANT,0,DEMO_CONFIGURATION,"Configured thresholds are synthetic for software testing, not legal limits"
ENV-0000964,M004,ENV-ST-M004-03,NO2,33.23,ug/m3,,80,18.722109,79.513958,2026-08-09T14:00:00,DEMO_MONITORING_FEED,COMPLIANT,0,DEMO_CONFIGURATION,"Configured thresholds are synthetic for software testing, not legal limits"
ENV-0000965,M004,ENV-ST-M004-03,CO,0.91,mg/m3,,4,18.732093,79.516744,2026-08-09T22:00:00,DEMO_MONITORING_FEED,COMPLIANT,0,DEMO_CONFIGURATION,"Configured thresholds are synthetic for software testing, not legal limits"
ENV-0000966,M004,ENV-ST-M004-01,pH,7.4,pH,6.5,8.5,18.739544,79.5244,2026-08-09T22:00:00,DEMO_MONITORING_FEED,COMPLIANT,0,DEMO_CONFIGURATION,"Configured thresholds are synthetic for software testing, not legal limits"
ENV-0000967,M004,ENV-ST-M004-03,TSS,72.14,mg/L,,100,18.723932,79.51635,2026-08-09T14:00:00,DEMO_MONITORING_FEED,COMPLIANT,0,DEMO_CONFIGURATION,"Configured thresholds are synthetic for software testing, not legal limits"
ENV-0000968,M004,ENV-ST-M004-02,TDS,676.28,mg/L,,2100,18.725,79.528096,2026-08-09T22:00:00,DEMO_MONITORING_FEED,COMPLIANT,0,DEMO_CONFIGURATION,"Configured thresholds are synthetic for software testing, not legal limits"
ENV-0000969,M004,ENV-ST-M004-02,COD,145.14,mg/L,,250,18.72423,79.520697,2026-08-09T06:00:00,DEMO_MONITORING_FEED,COMPLIANT,0,DEMO_CONFIGURATION,"Configured thresholds are synthetic for software testing, not legal limits"
ENV-0000970,M004,ENV-ST-M004-02,BOD,13.54,mg/L,,30,18.725896,79.522029,2026-08-09T22:00:00,DEMO_MONITORING_FEED,COMPLIANT,0,DEMO_CONFIGURATION,"Configured thresholds are synthetic for software testing, not legal limits"
ENV-0000971,M004,ENV-ST-M004-03,Oil_Grease,3.44,mg/L,,10,18.729309,79.522654,2026-08-09T06:00:00,DEMO_MONITORING_FEED,COMPLIANT,0,DEMO_CONFIGURATION,"Configured thresholds are synthetic for software testing, not legal limits"
ENV-0000972,M004,ENV-ST-M004-03,Noise,60.62,dB(A),,85,18.721001,79.515559,2026-08-09T06:00:00,DEMO_MONITORING_FEED,COMPLIANT,0,DEMO_CONFIGURATION,"Configured thresholds are synthetic for software testing, not legal limits"
ENV-0000973,M004,ENV-ST-M004-01,PM2.5,35.3,ug/m3,,60,18.725881,79.518923,2026-08-06T22:00:00,DEMO_MONITORING_FEED,COMPLIANT,0,DEMO_CONFIGURATION,"Configured thresholds are synthetic for software testing, not legal limits"
ENV-0000974,M004,ENV-ST-M004-01,PM10,56.8,ug/m3,,100,18.731693,79.522339,2026-08-06T22:00:00,DEMO_MONITORING_FEED,COMPLIANT,0,DEMO_CONFIGURATION,"Configured thresholds are synthetic for software testing, not legal limits"
ENV-0000975,M004,ENV-ST-M004-01,SO2,29.29,ug/m3,,80,18.732385,79.51524,2026-08-06T22:00:00,DEMO_MONITORING_FEED,COMPLIANT,0,DEMO_CONFIGURATION,"Configured thresholds are synthetic for software testing, not legal limits"
ENV-0000976,M004,ENV-ST-M004-02,NO2,40.58,ug/m3,,80,18.732985,79.514446,2026-08-06T06:00:00,DEMO_MONITORING_FEED,COMPLIANT,0,DEMO_CONFIGURATION,"Configured thresholds are synthetic for software testing, not legal limits"
ENV-0000977,M004,ENV-ST-M004-03,CO,0.64,mg/m3,,4,18.735746,79.52548,2026-08-06T22:00:00,DEMO_MONITORING_FEED,COMPLIANT,0,DEMO_CONFIGURATION,"Configured thresholds are synthetic for software testing, not legal limits"
ENV-0000978,M004,ENV-ST-M004-01,pH,8.02,pH,6.5,8.5,18.733608,79.510265,2026-08-06T14:00:00,DEMO_MONITORING_FEED,COMPLIANT,0,DEMO_CONFIGURATION,"Configured thresholds are synthetic for software testing, not legal limits"
ENV-0000979,M004,ENV-ST-M004-01,TSS,47.81,mg/L,,100,18.733246,79.526226,2026-08-06T22:00:00,DEMO_MONITORING_FEED,COMPLIANT,0,DEMO_CONFIGURATION,"Configured thresholds are synthetic for software testing, not legal limits"
ENV-0000980,M004,ENV-ST-M004-03,TDS,714.65,mg/L,,2100,18.727001,79.512616,2026-08-06T22:00:00,DEMO_MONITORING_FEED,COMPLIANT,0,DEMO_CONFIGURATION,"Configured thresholds are synthetic for software testing, not legal limits"
ENV-0000981,M004,ENV-ST-M004-02,COD,134.17,mg/L,,250,18.733345,79.516595,2026-08-06T06:00:00,DEMO_MONITORING_FEED,COMPLIANT,0,DEMO_CONFIGURATION,"Configured thresholds are synthetic for software testing, not legal limits"
ENV-0000982,M004,ENV-ST-M004-01,BOD,12.41,mg/L,,30,18.733826,79.510544,2026-08-06T14:00:00,DEMO_MONITORING_FEED,COMPLIANT,0,DEMO_CONFIGURATION,"Configured thresholds are synthetic for software testing, not legal limits"
ENV-0000983,M004,ENV-ST-M004-03,Oil_Grease,1.78,mg/L,,10,18.734826,79.520155,2026-08-06T22:00:00,DEMO_MONITORING_FEED,COMPLIANT,0,DEMO_CONFIGURATION,"Configured thresholds are synthetic for software testing, not legal limits"
ENV-0000984,M004,ENV-ST-M004-03,Noise,69.07,dB(A),,85,18.725491,79.515958,2026-08-06T06:00:00,DEMO_MONITORING_FEED,COMPLIANT,0,DEMO_CONFIGURATION,"Configured thresholds are synthetic for software testing, not legal limits"
ENV-0000985,M004,ENV-ST-M004-01,PM2.5,38.38,ug/m3,,60,18.72725,79.521056,2026-08-03T06:00:00,DEMO_MONITORING_FEED,COMPLIANT,0,DEMO_CONFIGURATION,"Configured thresholds are synthetic for software testing, not legal limits"
ENV-0000986,M004,ENV-ST-M004-01,PM10,69.77,ug/m3,,100,18.734279,79.523023,2026-08-03T06:00:00,DEMO_MONITORING_FEED,COMPLIANT,0,DEMO_CONFIGURATION,"Configured thresholds are synthetic for software testing, not legal limits"
ENV-0000987,M004,ENV-ST-M004-02,SO2,31.94,ug/m3,,80,18.728304,79.517713,2026-08-03T22:00:00,DEMO_MONITORING_FEED,COMPLIANT,0,DEMO_CONFIGURATION,"Configured thresholds are synthetic for software testing, not legal limits"
ENV-0000988,M004,ENV-ST-M004-01,NO2,40.37,ug/m3,,80,18.733794,79.516326,2026-08-03T14:00:00,DEMO_MONITORING_FEED,COMPLIANT,0,DEMO_CONFIGURATION,"Configured thresholds are synthetic for software testing, not legal limits"
ENV-0000989,M004,ENV-ST-M004-03,CO,1.36,mg/m3,,4,18.728488,79.525687,2026-08-03T14:00:00,DEMO_MONITORING_FEED,COMPLIANT,0,DEMO_CONFIGURATION,"Configured thresholds are synthetic for software testing, not legal limits"
ENV-0000990,M004,ENV-ST-M004-01,pH,6.94,pH,6.5,8.5,18.725144,79.52848,2026-08-03T06:00:00,DEMO_MONITORING_FEED,COMPLIANT,0,DEMO_CONFIGURATION,"Configured thresholds are synthetic for software testing, not legal limits"
ENV-0000991,M004,ENV-ST-M004-01,TSS,74.21,mg/L,,100,18.732484,79.512163,2026-08-03T14:00:00,DEMO_MONITORING_FEED,COMPLIANT,0,DEMO_CONFIGURATION,"Configured thresholds are synthetic for software testing, not legal limits"
ENV-0000992,M004,ENV-ST-M004-03,TDS,868.03,mg/L,,2100,18.721662,79.527024,2026-08-03T22:00:00,DEMO_MONITORING_FEED,COMPLIANT,0,DEMO_CONFIGURATION,"Configured thresholds are synthetic for software testing, not legal limits"
ENV-0000993,M004,ENV-ST-M004-02,COD,151.25,mg/L,,250,18.734694,79.518211,2026-08-03T14:00:00,DEMO_MONITORING_FEED,COMPLIANT,0,DEMO_CONFIGURATION,"Configured thresholds are synthetic for software testing, not legal limits"
ENV-0000994,M004,ENV-ST-M004-02,BOD,11.6,mg/L,,30,18.731853,79.515319,2026-08-03T22:00:00,DEMO_MONITORING_FEED,COMPLIANT,0,DEMO_CONFIGURATION,"Configured thresholds are synthetic for software testing, not legal limits"
ENV-0000995,M004,ENV-ST-M004-03,Oil_Grease,2.5,mg/L,,10,18.720804,79.518568,2026-08-03T14:00:00,DEMO_MONITORING_FEED,COMPLIANT,0,DEMO_CONFIGURATION,"Configured thresholds are synthetic for software testing, not legal limits"
ENV-0000996,M004,ENV-ST-M004-03,Noise,70.55,dB(A),,85,18.725091,79.529511,2026-08-03T22:00:00,DEMO_MONITORING_FEED,COMPLIANT,0,DEMO_CONFIGURATION,"Configured thresholds are synthetic for software testing, not legal limits"
ENV-0000997,M004,ENV-ST-M004-01,PM2.5,24.07,ug/m3,,60,18.720673,79.511358,2026-07-31T14:00:00,DEMO_MONITORING_FEED,COMPLIANT,0,DEMO_CONFIGURATION,"Configured thresholds are synthetic for software testing, not legal limits"
ENV-0000998,M004,ENV-ST-M004-03,PM10,63.12,ug/m3,,100,18.739173,79.51579,2026-07-31T22:00:00,DEMO_MONITORING_FEED,COMPLIANT,0,DEMO_CONFIGURATION,"Configured thresholds are synthetic for software testing, not legal limits"
ENV-0000999,M004,ENV-ST-M004-01,SO2,20.68,ug/m3,,80,18.739169,79.512626,2026-07-31T14:00:00,DEMO_MONITORING_FEED,COMPLIANT,0,DEMO_CONFIGURATION,"Configured thresholds are synthetic for software testing, not legal limits"
ENV-0001000,M004,ENV-ST-M004-03,NO2,33.86,ug/m3,,80,18.738906,79.529682,2026-07-31T14:00:00,DEMO_MONITORING_FEED,COMPLIANT,0,DEMO_CONFIGURATION,"Configured thresholds are synthetic for software testing, not legal limits"
ENV-0001001,M004,ENV-ST-M004-01,CO,0.99,mg/m3,,4,18.728132,79.524057,2026-07-31T06:00:00,DEMO_MONITORING_FEED,COMPLIANT,0,DEMO_CONFIGURATION,"Configured thresholds are synthetic for software testing, not legal limits"
ENV-0001002,M004,ENV-ST-M004-03,pH,7.55,pH,6.5,8.5,18.734308,79.511951,2026-07-31T22:00:00,DEMO_MONITORING_FEED,COMPLIANT,0,DEMO_CONFIGURATION,"Configured thresholds are synthetic for software testing, not legal limits"
ENV-0001003,M004,ENV-ST-M004-01,TSS,45.28,mg/L,,100,18.733623,79.521576,2026-07-31T06:00:00,DEMO_MONITORING_FEED,COMPLIANT,0,DEMO_CONFIGURATION,"Configured thresholds are synthetic for software testing, not legal limits"
ENV-0001004,M004,ENV-ST-M004-01,TDS,898.39,mg/L,,2100,18.721203,79.512191,2026-07-31T22:00:00,DEMO_MONITORING_FEED,COMPLIANT,0,DEMO_CONFIGURATION,"Configured thresholds are synthetic for software testing, not legal limits"
ENV-0001005,M004,ENV-ST-M004-03,COD,92.22,mg/L,,250,18.723447,79.522484,2026-07-31T06:00:00,DEMO_MONITORING_FEED,COMPLIANT,0,DEMO_CONFIGURATION,"Configured thresholds are synthetic for software testing, not legal limits"
ENV-0001006,M004,ENV-ST-M004-01,BOD,18.59,mg/L,,30,18.732319,79.513816,2026-07-31T06:00:00,DEMO_MONITORING_FEED,COMPLIANT,0,DEMO_CONFIGURATION,"Configured thresholds are synthetic for software testing, not legal limits"
ENV-0001007,M004,ENV-ST-M004-02,Oil_Grease,3.88,mg/L,,10,18.735703,79.526048,2026-07-31T22:00:00,DEMO_MONITORING_FEED,COMPLIANT,0,DEMO_CONFIGURATION,"Configured thresholds are synthetic for software testing, not legal limits"
ENV-0001008,M004,ENV-ST-M004-03,Noise,61.91,dB(A),,85,18.732277,79.513362,2026-07-31T22:00:00,DEMO_MONITORING_FEED,COMPLIANT,0,DEMO_CONFIGURATION,"Configured thresholds are synthetic for software testing, not legal limits"
ENV-0001009,M004,ENV-ST-M004-02,PM2.5,38.49,ug/m3,,60,18.724254,79.51569,2026-07-28T14:00:00,DEMO_MONITORING_FEED,COMPLIANT,0,DEMO_CONFIGURATION,"Configured thresholds are synthetic for software testing, not legal limits"
ENV-0001010,M004,ENV-ST-M004-01,PM10,64.89,ug/m3,,100,18.7335,79.516192,2026-07-28T06:00:00,DEMO_MONITORING_FEED,COMPLIANT,0,DEMO_CONFIGURATION,"Configured thresholds are synthetic for software testing, not legal limits"
ENV-0001011,M004,ENV-ST-M004-03,SO2,35.73,ug/m3,,80,18.737162,79.525551,2026-07-28T14:00:00,DEMO_MONITORING_FEED,COMPLIANT,0,DEMO_CONFIGURATION,"Configured thresholds are synthetic for software testing, not legal limits"
ENV-0001012,M004,ENV-ST-M004-01,NO2,39.89,ug/m3,,80,18.735855,79.519467,2026-07-28T06:00:00,DEMO_MONITORING_FEED,COMPLIANT,0,DEMO_CONFIGURATION,"Configured thresholds are synthetic for software testing, not legal limits"
ENV-0001013,M004,ENV-ST-M004-03,CO,1.38,mg/m3,,4,18.738183,79.522175,2026-07-28T06:00:00,DEMO_MONITORING_FEED,COMPLIANT,0,DEMO_CONFIGURATION,"Configured thresholds are synthetic for software testing, not legal limits"
ENV-0001014,M004,ENV-ST-M004-03,pH,7.01,pH,6.5,8.5,18.722008,79.527994,2026-07-28T14:00:00,DEMO_MONITORING_FEED,COMPLIANT,0,DEMO_CONFIGURATION,"Configured thresholds are synthetic for software testing, not legal limits"
ENV-0001015,M004,ENV-ST-M004-03,TSS,56.43,mg/L,,100,18.733991,79.518438,2026-07-28T06:00:00,DEMO_MONITORING_FEED,COMPLIANT,0,DEMO_CONFIGURATION,"Configured thresholds are synthetic for software testing, not legal limits"
ENV-0001016,M004,ENV-ST-M004-01,TDS,366.37,mg/L,,2100,18.73955,79.527352,2026-07-28T14:00:00,DEMO_MONITORING_FEED,COMPLIANT,0,DEMO_CONFIGURATION,"Configured thresholds are synthetic for software testing, not legal limits"
ENV-0001017,M004,ENV-ST-M004-01,COD,75.71,mg/L,,250,18.73867,79.516505,2026-07-28T22:00:00,DEMO_MONITORING_FEED,COMPLIANT,0,DEMO_CONFIGURATION,"Configured thresholds are synthetic for software testing, not legal limits"
ENV-0001018,M004,ENV-ST-M004-02,BOD,14.09,mg/L,,30,18.723388,79.516409,2026-07-28T06:00:00,DEMO_MONITORING_FEED,COMPLIANT,0,DEMO_CONFIGURATION,"Configured thresholds are synthetic for software testing, not legal limits"
ENV-0001019,M004,ENV-ST-M004-01,Oil_Grease,2.41,mg/L,,10,18.728183,79.520546,2026-07-28T06:00:00,DEMO_MONITORING_FEED,COMPLIANT,0,DEMO_CONFIGURATION,"Configured thresholds are synthetic for software testing, not legal limits"
ENV-0001020,M004,ENV-ST-M004-02,Noise,73.16,dB(A),,85,18.730029,79.524724,2026-07-28T22:00:00,DEMO_MONITORING_FEED,COMPLIANT,0,DEMO_CONFIGURATION,"Configured thresholds are synthetic for software testing, not legal limits"
ENV-0001021,M004,ENV-ST-M004-03,PM2.5,28.27,ug/m3,,60,18.728007,79.521937,2026-07-25T22:00:00,DEMO_MONITORING_FEED,COMPLIANT,0,DEMO_CONFIGURATION,"Configured thresholds are synthetic for software testing, not legal limits"
ENV-0001022,M004,ENV-ST-M004-02,PM10,58.79,ug/m3,,100,18.725721,79.51765,2026-07-25T22:00:00,DEMO_MONITORING_FEED,COMPLIANT,0,DEMO_CONFIGURATION,"Configured thresholds are synthetic for software testing, not legal limits"
ENV-0001023,M004,ENV-ST-M004-02,SO2,46.62,ug/m3,,80,18.737082,79.516423,2026-07-25T22:00:00,DEMO_MONITORING_FEED,COMPLIANT,0,DEMO_CONFIGURATION,"Configured thresholds are synthetic for software testing, not legal limits"
ENV-0001024,M004,ENV-ST-M004-01,NO2,33.15,ug/m3,,80,18.738719,79.516611,2026-07-25T14:00:00,DEMO_MONITORING_FEED,COMPLIANT,0,DEMO_CONFIGURATION,"Configured thresholds are synthetic for software testing, not legal limits"
ENV-0001025,M004,ENV-ST-M004-03,CO,0.84,mg/m3,,4,18.721525,79.519849,2026-07-25T06:00:00,DEMO_MONITORING_FEED,COMPLIANT,0,DEMO_CONFIGURATION,"Configured thresholds are synthetic for software testing, not legal limits"
ENV-0001026,M004,ENV-ST-M004-03,pH,6.86,pH,6.5,8.5,18.730803,79.524309,2026-07-25T14:00:00,DEMO_MONITORING_FEED,COMPLIANT,0,DEMO_CONFIGURATION,"Configured thresholds are synthetic for software testing, not legal limits"
ENV-0001027,M004,ENV-ST-M004-03,TSS,49.86,mg/L,,100,18.732505,79.513304,2026-07-25T14:00:00,DEMO_MONITORING_FEED,COMPLIANT,0,DEMO_CONFIGURATION,"Configured thresholds are synthetic for software testing, not legal limits"
ENV-0001028,M004,ENV-ST-M004-02,TDS,728.79,mg/L,,2100,18.722994,79.52587,2026-07-25T06:00:00,DEMO_MONITORING_FEED,COMPLIANT,0,DEMO_CONFIGURATION,"Configured thresholds are synthetic for software testing, not legal limits"
ENV-0001029,M004,ENV-ST-M004-02,COD,97.87,mg/L,,250,18.726987,79.52569,2026-07-25T06:00:00,DEMO_MONITORING_FEED,COMPLIANT,0,DEMO_CONFIGURATION,"Configured thresholds are synthetic for software testing, not legal limits"
ENV-0001030,M004,ENV-ST-M004-02,BOD,18.21,mg/L,,30,18.721322,79.526427,2026-07-25T06:00:00,DEMO_MONITORING_FEED,COMPLIANT,0,DEMO_CONFIGURATION,"Configured thresholds are synthetic for software testing, not legal limits"
ENV-0001031,M004,ENV-ST-M004-02,Oil_Grease,3.4,mg/L,,10,18.723342,79.516816,2026-07-25T14:00:00,DEMO_MONITORING_FEED,COMPLIANT,0,DEMO_CONFIGURATION,"Configured thresholds are synthetic for software testing, not legal limits"
ENV-0001032,M004,ENV-ST-M004-01,Noise,65.99,dB(A),,85,18.726244,79.524612,2026-07-25T14:00:00,DEMO_MONITORING_FEED,COMPLIANT,0,DEMO_CONFIGURATION,"Configured thresholds are synthetic for software testing, not legal limits"
ENV-0001033,M004,ENV-ST-M004-02,PM2.5,40.98,ug/m3,,60,18.734816,79.527273,2026-07-22T06:00:00,DEMO_MONITORING_FEED,COMPLIANT,0,DEMO_CONFIGURATION,"Configured thresholds are synthetic for software testing, not legal limits"
ENV-0001034,M004,ENV-ST-M004-01,PM10,63.92,ug/m3,,100,18.739999,79.529195,2026-07-22T22:00:00,DEMO_MONITORING_FEED,COMPLIANT,0,DEMO_CONFIGURATION,"Configured thresholds are synthetic for software testing, not legal limits"
ENV-0001035,M004,ENV-ST-M004-01,SO2,36.6,ug/m3,,80,18.722264,79.511223,2026-07-22T22:00:00,DEMO_MONITORING_FEED,COMPLIANT,0,DEMO_CONFIGURATION,"Configured thresholds are synthetic for software testing, not legal limits"
ENV-0001036,M004,ENV-ST-M004-03,NO2,36.86,ug/m3,,80,18.722451,79.520312,2026-07-22T14:00:00,DEMO_MONITORING_FEED,COMPLIANT,0,DEMO_CONFIGURATION,"Configured thresholds are synthetic for software testing, not legal limits"
ENV-0001037,M004,ENV-ST-M004-01,CO,0.66,mg/m3,,4,18.73268,79.52417,2026-07-22T14:00:00,DEMO_MONITORING_FEED,COMPLIANT,0,DEMO_CONFIGURATION,"Configured thresholds are synthetic for software testing, not legal limits"
ENV-0001038,M004,ENV-ST-M004-02,pH,8.18,pH,6.5,8.5,18.728267,79.519375,2026-07-22T14:00:00,DEMO_MONITORING_FEED,COMPLIANT,0,DEMO_CONFIGURATION,"Configured thresholds are synthetic for software testing, not legal limits"
ENV-0001039,M004,ENV-ST-M004-01,TSS,49.24,mg/L,,100,18.723203,79.511864,2026-07-22T14:00:00,DEMO_MONITORING_FEED,COMPLIANT,0,DEMO_CONFIGURATION,"Configured thresholds are synthetic for software testing, not legal limits"
ENV-0001040,M004,ENV-ST-M004-01,TDS,780.02,mg/L,,2100,18.729337,79.528907,2026-07-22T14:00:00,DEMO_MONITORING_FEED,COMPLIANT,0,DEMO_CONFIGURATION,"Configured thresholds are synthetic for software testing, not legal limits"
ENV-0001041,M004,ENV-ST-M004-02,COD,142.32,mg/L,,250,18.734999,79.524545,2026-07-22T14:00:00,DEMO_MONITORING_FEED,COMPLIANT,0,DEMO_CONFIGURATION,"Configured thresholds are synthetic for software testing, not legal limits"
ENV-0001042,M004,ENV-ST-M004-01,BOD,16.35,mg/L,,30,18.7224,79.523593,2026-07-22T22:00:00,DEMO_MONITORING_FEED,COMPLIANT,0,DEMO_CONFIGURATION,"Configured thresholds are synthetic for software testing, not legal limits"
ENV-0001043,M004,ENV-ST-M004-02,Oil_Grease,3.06,mg/L,,10,18.733584,79.5129,2026-07-22T22:00:00,DEMO_MONITORING_FEED,COMPLIANT,0,DEMO_CONFIGURATION,"Configured thresholds are synthetic for software testing, not legal limits"
ENV-0001044,M004,ENV-ST-M004-02,Noise,71.21,dB(A),,85,18.721158,79.510937,2026-07-22T14:00:00,DEMO_MONITORING_FEED,COMPLIANT,0,DEMO_CONFIGURATION,"Configured thresholds are synthetic for software testing, not legal limits"
ENV-0001045,M004,ENV-ST-M004-01,PM2.5,28.36,ug/m3,,60,18.72016,79.520548,2026-07-19T06:00:00,DEMO_MONITORING_FEED,COMPLIANT,0,DEMO_CONFIGURATION,"Configured thresholds are synthetic for software testing, not legal limits"
ENV-0001046,M004,ENV-ST-M004-02,PM10,82.8,ug/m3,,100,18.720771,79.51901,2026-07-19T22:00:00,DEMO_MONITORING_FEED,COMPLIANT,0,DEMO_CONFIGURATION,"Configured thresholds are synthetic for software testing, not legal limits"
ENV-0001047,M004,ENV-ST-M004-01,SO2,37.46,ug/m3,,80,18.732494,79.511691,2026-07-19T06:00:00,DEMO_MONITORING_FEED,COMPLIANT,0,DEMO_CONFIGURATION,"Configured thresholds are synthetic for software testing, not legal limits"
ENV-0001048,M004,ENV-ST-M004-01,NO2,38.22,ug/m3,,80,18.72221,79.51238,2026-07-19T22:00:00,DEMO_MONITORING_FEED,COMPLIANT,0,DEMO_CONFIGURATION,"Configured thresholds are synthetic for software testing, not legal limits"
ENV-0001049,M004,ENV-ST-M004-02,CO,1.31,mg/m3,,4,18.72468,79.526219,2026-07-19T22:00:00,DEMO_MONITORING_FEED,COMPLIANT,0,DEMO_CONFIGURATION,"Configured thresholds are synthetic for software testing, not legal limits"
ENV-0001050,M004,ENV-ST-M004-01,pH,7.16,pH,6.5,8.5,18.730423,79.515921,2026-07-19T22:00:00,DEMO_MONITORING_FEED,COMPLIANT,0,DEMO_CONFIGURATION,"Configured thresholds are synthetic for software testing, not legal limits"
ENV-0001051,M004,ENV-ST-M004-01,TSS,38.38,mg/L,,100,18.736661,79.519359,2026-07-19T14:00:00,DEMO_MONITORING_FEED,COMPLIANT,0,DEMO_CONFIGURATION,"Configured thresholds are synthetic for software testing, not legal limits"
ENV-0001052,M004,ENV-ST-M004-02,TDS,369.35,mg/L,,2100,18.726438,79.517501,2026-07-19T14:00:00,DEMO_MONITORING_FEED,COMPLIANT,0,DEMO_CONFIGURATION,"Configured thresholds are synthetic for software testing, not legal limits"
ENV-0001053,M004,ENV-ST-M004-03,COD,81.01,mg/L,,250,18.730126,79.515263,2026-07-19T22:00:00,DEMO_MONITORING_FEED,COMPLIANT,0,DEMO_CONFIGURATION,"Configured thresholds are synthetic for software testing, not legal limits"
ENV-0001054,M004,ENV-ST-M004-03,BOD,19.92,mg/L,,30,18.724021,79.510317,2026-07-19T22:00:00,DEMO_MONITORING_FEED,COMPLIANT,0,DEMO_CONFIGURATION,"Configured thresholds are synthetic for software testing, not legal limits"
ENV-0001055,M004,ENV-ST-M004-01,Oil_Grease,3.81,mg/L,,10,18.722261,79.516114,2026-07-19T06:00:00,DEMO_MONITORING_FEED,COMPLIANT,0,DEMO_CONFIGURATION,"Configured thresholds are synthetic for software testing, not legal limits"
ENV-0001056,M004,ENV-ST-M004-03,Noise,58.36,dB(A),,85,18.738962,79.518712,2026-07-19T22:00:00,DEMO_MONITORING_FEED,COMPLIANT,0,DEMO_CONFIGURATION,"Configured thresholds are synthetic for software testing, not legal limits"
ENV-0001057,M004,ENV-ST-M004-03,PM2.5,33.97,ug/m3,,60,18.730523,79.515554,2026-07-16T06:00:00,DEMO_MONITORING_FEED,COMPLIANT,0,DEMO_CONFIGURATION,"Configured thresholds are synthetic for software testing, not legal limits"
ENV-0001058,M004,ENV-ST-M004-03,PM10,62.75,ug/m3,,100,18.737571,79.527928,2026-07-16T14:00:00,DEMO_MONITORING_FEED,COMPLIANT,0,DEMO_CONFIGURATION,"Configured thresholds are synthetic for software testing, not legal limits"
ENV-0001059,M004,ENV-ST-M004-02,SO2,14.58,ug/m3,,80,18.737476,79.511029,2026-07-16T22:00:00,DEMO_MONITORING_FEED,COMPLIANT,0,DEMO_CONFIGURATION,"Configured thresholds are synthetic for software testing, not legal limits"
ENV-0001060,M004,ENV-ST-M004-02,NO2,35.75,ug/m3,,80,18.721947,79.520469,2026-07-16T06:00:00,DEMO_MONITORING_FEED,COMPLIANT,0,DEMO_CONFIGURATION,"Configured thresholds are synthetic for software testing, not legal limits"
ENV-0001061,M004,ENV-ST-M004-02,CO,1.01,mg/m3,,4,18.731621,79.510711,2026-07-16T06:00:00,DEMO_MONITORING_FEED,COMPLIANT,0,DEMO_CONFIGURATION,"Configured thresholds are synthetic for software testing, not legal limits"
ENV-0001062,M004,ENV-ST-M004-01,pH,6.42,pH,6.5,8.5,18.725294,79.515725,2026-07-16T22:00:00,DEMO_MONITORING_FEED,EXCEEDED,4.0,DEMO_CONFIGURATION,"Configured thresholds are synthetic for software testing, not legal limits"
ENV-0001063,M004,ENV-ST-M004-02,TSS,57.16,mg/L,,100,18.7298,79.514392,2026-07-16T14:00:00,DEMO_MONITORING_FEED,COMPLIANT,0,DEMO_CONFIGURATION,"Configured thresholds are synthetic for software testing, not legal limits"
ENV-0001064,M004,ENV-ST-M004-02,TDS,878.8,mg/L,,2100,18.733805,79.51314,2026-07-16T14:00:00,DEMO_MONITORING_FEED,COMPLIANT,0,DEMO_CONFIGURATION,"Configured thresholds are synthetic for software testing, not legal limits"
ENV-0001065,M004,ENV-ST-M004-03,COD,74.57,mg/L,,250,18.731029,79.519636,2026-07-16T22:00:00,DEMO_MONITORING_FEED,COMPLIANT,0,DEMO_CONFIGURATION,"Configured thresholds are synthetic for software testing, not legal limits"
ENV-0001066,M004,ENV-ST-M004-03,BOD,9.89,mg/L,,30,18.734765,79.514299,2026-07-16T06:00:00,DEMO_MONITORING_FEED,COMPLIANT,0,DEMO_CONFIGURATION,"Configured thresholds are synthetic for software testing, not legal limits"
ENV-0001067,M004,ENV-ST-M004-02,Oil_Grease,3.84,mg/L,,10,18.720931,79.519824,2026-07-16T14:00:00,DEMO_MONITORING_FEED,COMPLIANT,0,DEMO_CONFIGURATION,"Configured thresholds are synthetic for software testing, not legal limits"
ENV-0001068,M004,ENV-ST-M004-02,Noise,62.17,dB(A),,85,18.728413,79.526169,2026-07-16T14:00:00,DEMO_MONITORING_FEED,COMPLIANT,0,DEMO_CONFIGURATION,"Configured thresholds are synthetic for software testing, not legal limits"
ENV-0001069,M004,ENV-ST-M004-03,PM2.5,25.29,ug/m3,,60,18.727206,79.517909,2026-07-13T06:00:00,DEMO_MONITORING_FEED,COMPLIANT,0,DEMO_CONFIGURATION,"Configured thresholds are synthetic for software testing, not legal limits"
ENV-0001070,M004,ENV-ST-M004-01,PM10,53.96,ug/m3,,100,18.729709,79.516174,2026-07-13T22:00:00,DEMO_MONITORING_FEED,COMPLIANT,0,DEMO_CONFIGURATION,"Configured thresholds are synthetic for software testing, not legal limits"
ENV-0001071,M004,ENV-ST-M004-02,SO2,37.72,ug/m3,,80,18.734482,79.512818,2026-07-13T06:00:00,DEMO_MONITORING_FEED,COMPLIANT,0,DEMO_CONFIGURATION,"Configured thresholds are synthetic for software testing, not legal limits"
ENV-0001072,M004,ENV-ST-M004-01,NO2,37.55,ug/m3,,80,18.723035,79.525717,2026-07-13T06:00:00,DEMO_MONITORING_FEED,COMPLIANT,0,DEMO_CONFIGURATION,"Configured thresholds are synthetic for software testing, not legal limits"
ENV-0001073,M004,ENV-ST-M004-03,CO,0.88,mg/m3,,4,18.737097,79.527394,2026-07-13T22:00:00,DEMO_MONITORING_FEED,COMPLIANT,0,DEMO_CONFIGURATION,"Configured thresholds are synthetic for software testing, not legal limits"
ENV-0001074,M004,ENV-ST-M004-01,pH,6.69,pH,6.5,8.5,18.723821,79.52898,2026-07-13T14:00:00,DEMO_MONITORING_FEED,COMPLIANT,0,DEMO_CONFIGURATION,"Configured thresholds are synthetic for software testing, not legal limits"
ENV-0001075,M004,ENV-ST-M004-02,TSS,44.24,mg/L,,100,18.734437,79.529631,2026-07-13T06:00:00,DEMO_MONITORING_FEED,COMPLIANT,0,DEMO_CONFIGURATION,"Configured thresholds are synthetic for software testing, not legal limits"
ENV-0001076,M004,ENV-ST-M004-01,TDS,810.66,mg/L,,2100,18.72819,79.524226,2026-07-13T22:00:00,DEMO_MONITORING_FEED,COMPLIANT,0,DEMO_CONFIGURATION,"Configured thresholds are synthetic for software testing, not legal limits"
ENV-0001077,M004,ENV-ST-M004-02,COD,98.94,mg/L,,250,18.728309,79.522811,2026-07-13T22:00:00,DEMO_MONITORING_FEED,COMPLIANT,0,DEMO_CONFIGURATION,"Configured thresholds are synthetic for software testing, not legal limits"
ENV-0001078,M004,ENV-ST-M004-02,BOD,13.17,mg/L,,30,18.724511,79.512025,2026-07-13T06:00:00,DEMO_MONITORING_FEED,COMPLIANT,0,DEMO_CONFIGURATION,"Configured thresholds are synthetic for software testing, not legal limits"
ENV-0001079,M004,ENV-ST-M004-01,Oil_Grease,5.47,mg/L,,10,18.730956,79.512758,2026-07-13T06:00:00,DEMO_MONITORING_FEED,COMPLIANT,0,DEMO_CONFIGURATION,"Configured thresholds are synthetic for software testing, not legal limits"
ENV-0001080,M004,ENV-ST-M004-02,Noise,87.68,dB(A),,85,18.721596,79.52253,2026-07-13T22:00:00,DEMO_MONITORING_FEED,EXCEEDED,3.2,DEMO_CONFIGURATION,"Configured thresholds are synthetic for software testing, not legal limits"
ENV-0001081,M004,ENV-ST-M004-01,PM2.5,49.29,ug/m3,,60,18.720891,79.520084,2026-07-10T22:00:00,DEMO_MONITORING_FEED,COMPLIANT,0,DEMO_CONFIGURATION,"Configured thresholds are synthetic for software testing, not legal limits"
ENV-0001082,M004,ENV-ST-M004-03,PM10,76.29,ug/m3,,100,18.733205,79.510904,2026-07-10T14:00:00,DEMO_MONITORING_FEED,COMPLIANT,0,DEMO_CONFIGURATION,"Configured thresholds are synthetic for software testing, not legal limits"
ENV-0001083,M004,ENV-ST-M004-01,SO2,22.29,ug/m3,,80,18.738675,79.515646,2026-07-10T22:00:00,DEMO_MONITORING_FEED,COMPLIANT,0,DEMO_CONFIGURATION,"Configured thresholds are synthetic for software testing, not legal limits"
ENV-0001084,M004,ENV-ST-M004-02,NO2,28.4,ug/m3,,80,18.727896,79.511019,2026-07-10T22:00:00,DEMO_MONITORING_FEED,COMPLIANT,0,DEMO_CONFIGURATION,"Configured thresholds are synthetic for software testing, not legal limits"
ENV-0001085,M004,ENV-ST-M004-03,CO,0.96,mg/m3,,4,18.736127,79.529801,2026-07-10T14:00:00,DEMO_MONITORING_FEED,COMPLIANT,0,DEMO_CONFIGURATION,"Configured thresholds are synthetic for software testing, not legal limits"
ENV-0001086,M004,ENV-ST-M004-01,pH,6.53,pH,6.5,8.5,18.731849,79.51718,2026-07-10T06:00:00,DEMO_MONITORING_FEED,COMPLIANT,0,DEMO_CONFIGURATION,"Configured thresholds are synthetic for software testing, not legal limits"
ENV-0001087,M004,ENV-ST-M004-01,TSS,47.64,mg/L,,100,18.725818,79.515924,2026-07-10T22:00:00,DEMO_MONITORING_FEED,COMPLIANT,0,DEMO_CONFIGURATION,"Configured thresholds are synthetic for software testing, not legal limits"
ENV-0001088,M004,ENV-ST-M004-01,TDS,383.19,mg/L,,2100,18.739276,79.51982,2026-07-10T06:00:00,DEMO_MONITORING_FEED,COMPLIANT,0,DEMO_CONFIGURATION,"Configured thresholds are synthetic for software testing, not legal limits"
ENV-0001089,M004,ENV-ST-M004-03,COD,102.61,mg/L,,250,18.732809,79.510225,2026-07-10T14:00:00,DEMO_MONITORING_FEED,COMPLIANT,0,DEMO_CONFIGURATION,"Configured thresholds are synthetic for software testing, not legal limits"
ENV-0001090,M004,ENV-ST-M004-01,BOD,13.74,mg/L,,30,18.720323,79.510429,2026-07-10T22:00:00,DEMO_MONITORING_FEED,COMPLIANT,0,DEMO_CONFIGURATION,"Configured thresholds are synthetic for software testing, not legal limits"
ENV-0001091,M004,ENV-ST-M004-02,Oil_Grease,0.96,mg/L,,10,18.721131,79.524953,2026-07-10T06:00:00,DEMO_MONITORING_FEED,COMPLIANT,0,DEMO_CONFIGURATION,"Configured thresholds are synthetic for software testing, not legal limits"
ENV-0001092,M004,ENV-ST-M004-02,Noise,75.98,dB(A),,85,18.73279,79.516735,2026-07-10T22:00:00,DEMO_MONITORING_FEED,COMPLIANT,0,DEMO_CONFIGURATION,"Configured thresholds are synthetic for software testing, not legal limits"
ENV-0001093,M004,ENV-ST-M004-01,PM2.5,31.73,ug/m3,,60,18.731295,79.521972,2026-07-07T14:00:00,DEMO_MONITORING_FEED,COMPLIANT,0,DEMO_CONFIGURATION,"Configured thresholds are synthetic for software testing, not legal limits"
ENV-0001094,M004,ENV-ST-M004-01,PM10,82.33,ug/m3,,100,18.721129,79.51767,2026-07-07T06:00:00,DEMO_MONITORING_FEED,COMPLIANT,0,DEMO_CONFIGURATION,"Configured thresholds are synthetic for software testing, not legal limits"
ENV-0001095,M004,ENV-ST-M004-03,SO2,24.95,ug/m3,,80,18.739659,79.519386,2026-07-07T14:00:00,DEMO_MONITORING_FEED,COMPLIANT,0,DEMO_CONFIGURATION,"Configured thresholds are synthetic for software testing, not legal limits"
ENV-0001096,M004,ENV-ST-M004-03,NO2,45.01,ug/m3,,80,18.725779,79.518777,2026-07-07T06:00:00,DEMO_MONITORING_FEED,COMPLIANT,0,DEMO_CONFIGURATION,"Configured thresholds are synthetic for software testing, not legal limits"
ENV-0001097,M004,ENV-ST-M004-03,CO,0.7,mg/m3,,4,18.723429,79.518399,2026-07-07T06:00:00,DEMO_MONITORING_FEED,COMPLIANT,0,DEMO_CONFIGURATION,"Configured thresholds are synthetic for software testing, not legal limits"
ENV-0001098,M004,ENV-ST-M004-03,pH,6.65,pH,6.5,8.5,18.730817,79.52176,2026-07-07T06:00:00,DEMO_MONITORING_FEED,COMPLIANT,0,DEMO_CONFIGURATION,"Configured thresholds are synthetic for software testing, not legal limits"
ENV-0001099,M004,ENV-ST-M004-02,TSS,63.54,mg/L,,100,18.738431,79.524737,2026-07-07T14:00:00,DEMO_MONITORING_FEED,COMPLIANT,0,DEMO_CONFIGURATION,"Configured thresholds are synthetic for software testing, not legal limits"
ENV-0001100,M004,ENV-ST-M004-03,TDS,1078.33,mg/L,,2100,18.728647,79.514906,2026-07-07T22:00:00,DEMO_MONITORING_FEED,COMPLIANT,0,DEMO_CONFIGURATION,"Configured thresholds are synthetic for software testing, not legal limits"
ENV-0001101,M004,ENV-ST-M004-01,COD,105.31,mg/L,,250,18.723203,79.527408,2026-07-07T06:00:00,DEMO_MONITORING_FEED,COMPLIANT,0,DEMO_CONFIGURATION,"Configured thresholds are synthetic for software testing, not legal limits"
ENV-0001102,M004,ENV-ST-M004-01,BOD,16.11,mg/L,,30,18.736834,79.51562,2026-07-07T14:00:00,DEMO_MONITORING_FEED,COMPLIANT,0,DEMO_CONFIGURATION,"Configured thresholds are synthetic for software testing, not legal limits"
ENV-0001103,M004,ENV-ST-M004-03,Oil_Grease,5.28,mg/L,,10,18.72384,79.527116,2026-07-07T06:00:00,DEMO_MONITORING_FEED,COMPLIANT,0,DEMO_CONFIGURATION,"Configured thresholds are synthetic for software testing, not legal limits"
ENV-0001104,M004,ENV-ST-M004-01,Noise,47.46,dB(A),,85,18.721156,79.516571,2026-07-07T22:00:00,DEMO_MONITORING_FEED,COMPLIANT,0,DEMO_CONFIGURATION,"Configured thresholds are synthetic for software testing, not legal limits"
ENV-0001105,M004,ENV-ST-M004-01,PM2.5,32.94,ug/m3,,60,18.733789,79.517439,2026-07-04T06:00:00,DEMO_MONITORING_FEED,COMPLIANT,0,DEMO_CONFIGURATION,"Configured thresholds are synthetic for software testing, not legal limits"
ENV-0001106,M004,ENV-ST-M004-02,PM10,66.28,ug/m3,,100,18.738495,79.5236,2026-07-04T06:00:00,DEMO_MONITORING_FEED,COMPLIANT,0,DEMO_CONFIGURATION,"Configured thresholds are synthetic for software testing, not legal limits"
ENV-0001107,M004,ENV-ST-M004-02,SO2,30.4,ug/m3,,80,18.732898,79.513546,2026-07-04T22:00:00,DEMO_MONITORING_FEED,COMPLIANT,0,DEMO_CONFIGURATION,"Configured thresholds are synthetic for software testing, not legal limits"
ENV-0001108,M004,ENV-ST-M004-02,NO2,21.14,ug/m3,,80,18.727429,79.528673,2026-07-04T22:00:00,DEMO_MONITORING_FEED,COMPLIANT,0,DEMO_CONFIGURATION,"Configured thresholds are synthetic for software testing, not legal limits"
ENV-0001109,M004,ENV-ST-M004-01,CO,0.85,mg/m3,,4,18.737097,79.514064,2026-07-04T06:00:00,DEMO_MONITORING_FEED,COMPLIANT,0,DEMO_CONFIGURATION,"Configured thresholds are synthetic for software testing, not legal limits"
ENV-0001110,M004,ENV-ST-M004-03,pH,6.22,pH,6.5,8.5,18.7316,79.511044,2026-07-04T06:00:00,DEMO_MONITORING_FEED,EXCEEDED,14.0,DEMO_CONFIGURATION,"Configured thresholds are synthetic for software testing, not legal limits"
ENV-0001111,M004,ENV-ST-M004-03,TSS,62.65,mg/L,,100,18.732708,79.527589,2026-07-04T06:00:00,DEMO_MONITORING_FEED,COMPLIANT,0,DEMO_CONFIGURATION,"Configured thresholds are synthetic for software testing, not legal limits"
ENV-0001112,M004,ENV-ST-M004-03,TDS,827.8,mg/L,,2100,18.728437,79.52872,2026-07-04T14:00:00,DEMO_MONITORING_FEED,COMPLIANT,0,DEMO_CONFIGURATION,"Configured thresholds are synthetic for software testing, not legal limits"
ENV-0001113,M004,ENV-ST-M004-01,COD,132.84,mg/L,,250,18.726692,79.517308,2026-07-04T22:00:00,DEMO_MONITORING_FEED,COMPLIANT,0,DEMO_CONFIGURATION,"Configured thresholds are synthetic for software testing, not legal limits"
ENV-0001114,M004,ENV-ST-M004-03,BOD,10.4,mg/L,,30,18.733246,79.524172,2026-07-04T06:00:00,DEMO_MONITORING_FEED,COMPLIANT,0,DEMO_CONFIGURATION,"Configured thresholds are synthetic for software testing, not legal limits"
ENV-0001115,M004,ENV-ST-M004-02,Oil_Grease,6.19,mg/L,,10,18.730971,79.516631,2026-07-04T22:00:00,DEMO_MONITORING_FEED,COMPLIANT,0,DEMO_CONFIGURATION,"Configured thresholds are synthetic for software testing, not legal limits"
ENV-0001116,M004,ENV-ST-M004-02,Noise,66.36,dB(A),,85,18.723947,79.513348,2026-07-04T14:00:00,DEMO_MONITORING_FEED,COMPLIANT,0,DEMO_CONFIGURATION,"Configured thresholds are synthetic for software testing, not legal limits"
ENV-0001117,M004,ENV-ST-M004-03,PM2.5,44.94,ug/m3,,60,18.734527,79.528905,2026-07-01T14:00:00,DEMO_MONITORING_FEED,COMPLIANT,0,DEMO_CONFIGURATION,"Configured thresholds are synthetic for software testing, not legal limits"
ENV-0001118,M004,ENV-ST-M004-02,PM10,72.35,ug/m3,,100,18.726641,79.51047,2026-07-01T22:00:00,DEMO_MONITORING_FEED,COMPLIANT,0,DEMO_CONFIGURATION,"Configured thresholds are synthetic for software testing, not legal limits"
ENV-0001119,M004,ENV-ST-M004-01,SO2,33.01,ug/m3,,80,18.726859,79.528166,2026-07-01T14:00:00,DEMO_MONITORING_FEED,COMPLIANT,0,DEMO_CONFIGURATION,"Configured thresholds are synthetic for software testing, not legal limits"
ENV-0001120,M004,ENV-ST-M004-03,NO2,32.69,ug/m3,,80,18.735917,79.510403,2026-07-01T06:00:00,DEMO_MONITORING_FEED,COMPLIANT,0,DEMO_CONFIGURATION,"Configured thresholds are synthetic for software testing, not legal limits"
ENV-0001121,M004,ENV-ST-M004-03,CO,0.37,mg/m3,,4,18.732831,79.512898,2026-07-01T14:00:00,DEMO_MONITORING_FEED,COMPLIANT,0,DEMO_CONFIGURATION,"Configured thresholds are synthetic for software testing, not legal limits"
ENV-0001122,M004,ENV-ST-M004-03,pH,7.32,pH,6.5,8.5,18.731854,79.526452,2026-07-01T22:00:00,DEMO_MONITORING_FEED,COMPLIANT,0,DEMO_CONFIGURATION,"Configured thresholds are synthetic for software testing, not legal limits"
ENV-0001123,M004,ENV-ST-M004-03,TSS,53.35,mg/L,,100,18.735175,79.526297,2026-07-01T22:00:00,DEMO_MONITORING_FEED,COMPLIANT,0,DEMO_CONFIGURATION,"Configured thresholds are synthetic for software testing, not legal limits"
ENV-0001124,M004,ENV-ST-M004-02,TDS,1055.0,mg/L,,2100,18.72628,79.517946,2026-07-01T14:00:00,DEMO_MONITORING_FEED,COMPLIANT,0,DEMO_CONFIGURATION,"Configured thresholds are synthetic for software testing, not legal limits"
ENV-0001125,M004,ENV-ST-M004-03,COD,91.73,mg/L,,250,18.720799,79.518157,2026-07-01T14:00:00,DEMO_MONITORING_FEED,COMPLIANT,0,DEMO_CONFIGURATION,"Configured thresholds are synthetic for software testing, not legal limits"
ENV-0001126,M004,ENV-ST-M004-03,BOD,18.87,mg/L,,30,18.731376,79.527472,2026-07-01T14:00:00,DEMO_MONITORING_FEED,COMPLIANT,0,DEMO_CONFIGURATION,"Configured thresholds are synthetic for software testing, not legal limits"
ENV-0001127,M004,ENV-ST-M004-01,Oil_Grease,5.42,mg/L,,10,18.723912,79.510692,2026-07-01T06:00:00,DEMO_MONITORING_FEED,COMPLIANT,0,DEMO_CONFIGURATION,"Configured thresholds are synthetic for software testing, not legal limits"
ENV-0001128,M004,ENV-ST-M004-02,Noise,74.81,dB(A),,85,18.731729,79.513342,2026-07-01T14:00:00,DEMO_MONITORING_FEED,COMPLIANT,0,DEMO_CONFIGURATION,"Configured thresholds are synthetic for software testing, not legal limits"
ENV-0001129,M004,ENV-ST-M004-02,PM2.5,29.92,ug/m3,,60,18.724839,79.519276,2026-06-28T22:00:00,DEMO_MONITORING_FEED,COMPLIANT,0,DEMO_CONFIGURATION,"Configured thresholds are synthetic for software testing, not legal limits"
ENV-0001130,M004,ENV-ST-M004-03,PM10,75.54,ug/m3,,100,18.735581,79.526831,2026-06-28T06:00:00,DEMO_MONITORING_FEED,COMPLIANT,0,DEMO_CONFIGURATION,"Configured thresholds are synthetic for software testing, not legal limits"
ENV-0001131,M004,ENV-ST-M004-01,SO2,36.14,ug/m3,,80,18.739782,79.52083,2026-06-28T06:00:00,DEMO_MONITORING_FEED,COMPLIANT,0,DEMO_CONFIGURATION,"Configured thresholds are synthetic for software testing, not legal limits"
ENV-0001132,M004,ENV-ST-M004-03,NO2,24.49,ug/m3,,80,18.732709,79.52591,2026-06-28T06:00:00,DEMO_MONITORING_FEED,COMPLIANT,0,DEMO_CONFIGURATION,"Configured thresholds are synthetic for software testing, not legal limits"
ENV-0001133,M004,ENV-ST-M004-02,CO,0.68,mg/m3,,4,18.720961,79.515286,2026-06-28T06:00:00,DEMO_MONITORING_FEED,COMPLIANT,0,DEMO_CONFIGURATION,"Configured thresholds are synthetic for software testing, not legal limits"
ENV-0001134,M004,ENV-ST-M004-01,pH,6.74,pH,6.5,8.5,18.729236,79.525182,2026-06-28T14:00:00,DEMO_MONITORING_FEED,COMPLIANT,0,DEMO_CONFIGURATION,"Configured thresholds are synthetic for software testing, not legal limits"
ENV-0001135,M004,ENV-ST-M004-02,TSS,43.45,mg/L,,100,18.731126,79.5268,2026-06-28T06:00:00,DEMO_MONITORING_FEED,COMPLIANT,0,DEMO_CONFIGURATION,"Configured thresholds are synthetic for software testing, not legal limits"
ENV-0001136,M004,ENV-ST-M004-01,TDS,721.55,mg/L,,2100,18.72558,79.523518,2026-06-28T14:00:00,DEMO_MONITORING_FEED,COMPLIANT,0,DEMO_CONFIGURATION,"Configured thresholds are synthetic for software testing, not legal limits"
ENV-0001137,M004,ENV-ST-M004-02,COD,63.59,mg/L,,250,18.730012,79.512621,2026-06-28T14:00:00,DEMO_MONITORING_FEED,COMPLIANT,0,DEMO_CONFIGURATION,"Configured thresholds are synthetic for software testing, not legal limits"
ENV-0001138,M004,ENV-ST-M004-01,BOD,7.4,mg/L,,30,18.739165,79.510966,2026-06-28T06:00:00,DEMO_MONITORING_FEED,COMPLIANT,0,DEMO_CONFIGURATION,"Configured thresholds are synthetic for software testing, not legal limits"
ENV-0001139,M004,ENV-ST-M004-01,Oil_Grease,1.76,mg/L,,10,18.739089,79.52221,2026-06-28T06:00:00,DEMO_MONITORING_FEED,COMPLIANT,0,DEMO_CONFIGURATION,"Configured thresholds are synthetic for software testing, not legal limits"
ENV-0001140,M004,ENV-ST-M004-01,Noise,64.5,dB(A),,85,18.733396,79.524576,2026-06-28T06:00:00,DEMO_MONITORING_FEED,COMPLIANT,0,DEMO_CONFIGURATION,"Configured thresholds are synthetic for software testing, not legal limits"
ENV-0001141,M004,ENV-ST-M004-02,PM2.5,44.06,ug/m3,,60,18.729395,79.51145,2026-06-25T06:00:00,DEMO_MONITORING_FEED,COMPLIANT,0,DEMO_CONFIGURATION,"Configured thresholds are synthetic for software testing, not legal limits"
ENV-0001142,M004,ENV-ST-M004-01,PM10,74.53,ug/m3,,100,18.73506,79.522144,2026-06-25T06:00:00,DEMO_MONITORING_FEED,COMPLIANT,0,DEMO_CONFIGURATION,"Configured thresholds are synthetic for software testing, not legal limits"
ENV-0001143,M004,ENV-ST-M004-01,SO2,22.23,ug/m3,,80,18.729128,79.529622,2026-06-25T06:00:00,DEMO_MONITORING_FEED,COMPLIANT,0,DEMO_CONFIGURATION,"Configured thresholds are synthetic for software testing, not legal limits"
ENV-0001144,M004,ENV-ST-M004-03,NO2,41.56,ug/m3,,80,18.733683,79.526819,2026-06-25T22:00:00,DEMO_MONITORING_FEED,COMPLIANT,0,DEMO_CONFIGURATION,"Configured thresholds are synthetic for software testing, not legal limits"
ENV-0001145,M004,ENV-ST-M004-02,CO,1.52,mg/m3,,4,18.731803,79.523219,2026-06-25T06:00:00,DEMO_MONITORING_FEED,COMPLIANT,0,DEMO_CONFIGURATION,"Configured thresholds are synthetic for software testing, not legal limits"
ENV-0001146,M004,ENV-ST-M004-03,pH,6.57,pH,6.5,8.5,18.721694,79.520229,2026-06-25T06:00:00,DEMO_MONITORING_FEED,COMPLIANT,0,DEMO_CONFIGURATION,"Configured thresholds are synthetic for software testing, not legal limits"
ENV-0001147,M004,ENV-ST-M004-01,TSS,77.88,mg/L,,100,18.733746,79.526964,2026-06-25T14:00:00,DEMO_MONITORING_FEED,COMPLIANT,0,DEMO_CONFIGURATION,"Configured thresholds are synthetic for software testing, not legal limits"
ENV-0001148,M004,ENV-ST-M004-02,TDS,1187.73,mg/L,,2100,18.728961,79.527555,2026-06-25T14:00:00,DEMO_MONITORING_FEED,COMPLIANT,0,DEMO_CONFIGURATION,"Configured thresholds are synthetic for software testing, not legal limits"
ENV-0001149,M004,ENV-ST-M004-02,COD,104.73,mg/L,,250,18.736492,79.518175,2026-06-25T22:00:00,DEMO_MONITORING_FEED,COMPLIANT,0,DEMO_CONFIGURATION,"Configured thresholds are synthetic for software testing, not legal limits"
ENV-0001150,M004,ENV-ST-M004-01,BOD,16.8,mg/L,,30,18.724094,79.529331,2026-06-25T22:00:00,DEMO_MONITORING_FEED,COMPLIANT,0,DEMO_CONFIGURATION,"Configured thresholds are synthetic for software testing, not legal limits"
ENV-0001151,M004,ENV-ST-M004-01,Oil_Grease,2.13,mg/L,,10,18.726607,79.519996,2026-06-25T14:00:00,DEMO_MONITORING_FEED,COMPLIANT,0,DEMO_CONFIGURATION,"Configured thresholds are synthetic for software testing, not legal limits"
ENV-0001152,M004,ENV-ST-M004-01,Noise,72.4,dB(A),,85,18.733117,79.520893,2026-06-25T22:00:00,DEMO_MONITORING_FEED,COMPLIANT,0,DEMO_CONFIGURATION,"Configured thresholds are synthetic for software testing, not legal limits"
ENV-0001153,M005,ENV-ST-M005-03,PM2.5,25.64,ug/m3,,60,24.178128,82.680716,2026-09-02T06:00:00,DEMO_MONITORING_FEED,COMPLIANT,0,DEMO_CONFIGURATION,"Configured thresholds are synthetic for software testing, not legal limits"
ENV-0001154,M005,ENV-ST-M005-03,PM10,57.42,ug/m3,,100,24.166221,82.675833,2026-09-02T06:00:00,DEMO_MONITORING_FEED,COMPLIANT,0,DEMO_CONFIGURATION,"Configured thresholds are synthetic for software testing, not legal limits"
ENV-0001155,M005,ENV-ST-M005-03,SO2,25.14,ug/m3,,80,24.173503,82.683905,2026-09-02T22:00:00,DEMO_MONITORING_FEED,COMPLIANT,0,DEMO_CONFIGURATION,"Configured thresholds are synthetic for software testing, not legal limits"
ENV-0001156,M005,ENV-ST-M005-02,NO2,24.85,ug/m3,,80,24.169908,82.670385,2026-09-02T14:00:00,DEMO_MONITORING_FEED,COMPLIANT,0,DEMO_CONFIGURATION,"Configured thresholds are synthetic for software testing, not legal limits"
ENV-0001157,M005,ENV-ST-M005-03,CO,0,mg/m3,,4,24.162241,82.680633,2026-09-02T06:00:00,DEMO_MONITORING_FEED,COMPLIANT,0,DEMO_CONFIGURATION,"Configured thresholds are synthetic for software testing, not legal limits"
ENV-0001158,M005,ENV-ST-M005-01,pH,7.29,pH,6.5,8.5,24.160642,82.675367,2026-09-02T06:00:00,DEMO_MONITORING_FEED,COMPLIANT,0,DEMO_CONFIGURATION,"Configured thresholds are synthetic for software testing, not legal limits"
ENV-0001159,M005,ENV-ST-M005-03,TSS,42.97,mg/L,,100,24.176692,82.676066,2026-09-02T22:00:00,DEMO_MONITORING_FEED,COMPLIANT,0,DEMO_CONFIGURATION,"Configured thresholds are synthetic for software testing, not legal limits"
ENV-0001160,M005,ENV-ST-M005-02,TDS,618.75,mg/L,,2100,24.17675,82.674678,2026-09-02T06:00:00,DEMO_MONITORING_FEED,COMPLIANT,0,DEMO_CONFIGURATION,"Configured thresholds are synthetic for software testing, not legal limits"
ENV-0001161,M005,ENV-ST-M005-01,COD,113.88,mg/L,,250,24.173492,82.675516,2026-09-02T14:00:00,DEMO_MONITORING_FEED,COMPLIANT,0,DEMO_CONFIGURATION,"Configured thresholds are synthetic for software testing, not legal limits"
ENV-0001162,M005,ENV-ST-M005-01,BOD,11.22,mg/L,,30,24.162947,82.676078,2026-09-02T22:00:00,DEMO_MONITORING_FEED,COMPLIANT,0,DEMO_CONFIGURATION,"Configured thresholds are synthetic for software testing, not legal limits"
ENV-0001163,M005,ENV-ST-M005-02,Oil_Grease,2.35,mg/L,,10,24.170613,82.688751,2026-09-02T14:00:00,DEMO_MONITORING_FEED,COMPLIANT,0,DEMO_CONFIGURATION,"Configured thresholds are synthetic for software testing, not legal limits"
ENV-0001164,M005,ENV-ST-M005-01,Noise,47.65,dB(A),,85,24.16025,82.675209,2026-09-02T14:00:00,DEMO_MONITORING_FEED,COMPLIANT,0,DEMO_CONFIGURATION,"Configured thresholds are synthetic for software testing, not legal limits"
ENV-0001165,M005,ENV-ST-M005-01,PM2.5,30.77,ug/m3,,60,24.162418,82.670783,2026-08-30T22:00:00,DEMO_MONITORING_FEED,COMPLIANT,0,DEMO_CONFIGURATION,"Configured thresholds are synthetic for software testing, not legal limits"
ENV-0001166,M005,ENV-ST-M005-01,PM10,66.52,ug/m3,,100,24.17441,82.680452,2026-08-30T22:00:00,DEMO_MONITORING_FEED,COMPLIANT,0,DEMO_CONFIGURATION,"Configured thresholds are synthetic for software testing, not legal limits"
ENV-0001167,M005,ENV-ST-M005-02,SO2,23.04,ug/m3,,80,24.160433,82.677861,2026-08-30T22:00:00,DEMO_MONITORING_FEED,COMPLIANT,0,DEMO_CONFIGURATION,"Configured thresholds are synthetic for software testing, not legal limits"
ENV-0001168,M005,ENV-ST-M005-03,NO2,25.72,ug/m3,,80,24.177752,82.679827,2026-08-30T14:00:00,DEMO_MONITORING_FEED,COMPLIANT,0,DEMO_CONFIGURATION,"Configured thresholds are synthetic for software testing, not legal limits"
ENV-0001169,M005,ENV-ST-M005-01,CO,1.88,mg/m3,,4,24.172549,82.684733,2026-08-30T22:00:00,DEMO_MONITORING_FEED,COMPLIANT,0,DEMO_CONFIGURATION,"Configured thresholds are synthetic for software testing, not legal limits"
ENV-0001170,M005,ENV-ST-M005-02,pH,7.67,pH,6.5,8.5,24.172468,82.676672,2026-08-30T06:00:00,DEMO_MONITORING_FEED,COMPLIANT,0,DEMO_CONFIGURATION,"Configured thresholds are synthetic for software testing, not legal limits"
ENV-0001171,M005,ENV-ST-M005-02,TSS,34.61,mg/L,,100,24.174909,82.685127,2026-08-30T06:00:00,DEMO_MONITORING_FEED,COMPLIANT,0,DEMO_CONFIGURATION,"Configured thresholds are synthetic for software testing, not legal limits"
ENV-0001172,M005,ENV-ST-M005-01,TDS,334.21,mg/L,,2100,24.172522,82.674064,2026-08-30T14:00:00,DEMO_MONITORING_FEED,COMPLIANT,0,DEMO_CONFIGURATION,"Configured thresholds are synthetic for software testing, not legal limits"
ENV-0001173,M005,ENV-ST-M005-01,COD,100.25,mg/L,,250,24.161981,82.684884,2026-08-30T06:00:00,DEMO_MONITORING_FEED,COMPLIANT,0,DEMO_CONFIGURATION,"Configured thresholds are synthetic for software testing, not legal limits"
ENV-0001174,M005,ENV-ST-M005-02,BOD,7.96,mg/L,,30,24.177567,82.681303,2026-08-30T22:00:00,DEMO_MONITORING_FEED,COMPLIANT,0,DEMO_CONFIGURATION,"Configured thresholds are synthetic for software testing, not legal limits"
ENV-0001175,M005,ENV-ST-M005-02,Oil_Grease,0.46,mg/L,,10,24.168811,82.672453,2026-08-30T22:00:00,DEMO_MONITORING_FEED,COMPLIANT,0,DEMO_CONFIGURATION,"Configured thresholds are synthetic for software testing, not legal limits"
ENV-0001176,M005,ENV-ST-M005-02,Noise,57.45,dB(A),,85,24.171077,82.678114,2026-08-30T14:00:00,DEMO_MONITORING_FEED,COMPLIANT,0,DEMO_CONFIGURATION,"Configured thresholds are synthetic for software testing, not legal limits"
ENV-0001177,M005,ENV-ST-M005-02,PM2.5,19.41,ug/m3,,60,24.170894,82.680538,2026-08-27T06:00:00,DEMO_MONITORING_FEED,COMPLIANT,0,DEMO_CONFIGURATION,"Configured thresholds are synthetic for software testing, not legal limits"
ENV-0001178,M005,ENV-ST-M005-03,PM10,31.56,ug/m3,,100,24.174257,82.688155,2026-08-27T22:00:00,DEMO_MONITORING_FEED,COMPLIANT,0,DEMO_CONFIGURATION,"Configured thresholds are synthetic for software testing, not legal limits"
ENV-0001179,M005,ENV-ST-M005-01,SO2,22.37,ug/m3,,80,24.161551,82.681224,2026-08-27T14:00:00,DEMO_MONITORING_FEED,COMPLIANT,0,DEMO_CONFIGURATION,"Configured thresholds are synthetic for software testing, not legal limits"
ENV-0001180,M005,ENV-ST-M005-03,NO2,20.98,ug/m3,,80,24.165815,82.684253,2026-08-27T06:00:00,DEMO_MONITORING_FEED,COMPLIANT,0,DEMO_CONFIGURATION,"Configured thresholds are synthetic for software testing, not legal limits"
ENV-0001181,M005,ENV-ST-M005-01,CO,0.81,mg/m3,,4,24.179762,82.689452,2026-08-27T22:00:00,DEMO_MONITORING_FEED,COMPLIANT,0,DEMO_CONFIGURATION,"Configured thresholds are synthetic for software testing, not legal limits"
ENV-0001182,M005,ENV-ST-M005-01,pH,6.96,pH,6.5,8.5,24.167115,82.689397,2026-08-27T14:00:00,DEMO_MONITORING_FEED,COMPLIANT,0,DEMO_CONFIGURATION,"Configured thresholds are synthetic for software testing, not legal limits"
ENV-0001183,M005,ENV-ST-M005-03,TSS,39.15,mg/L,,100,24.164349,82.678939,2026-08-27T22:00:00,DEMO_MONITORING_FEED,COMPLIANT,0,DEMO_CONFIGURATION,"Configured thresholds are synthetic for software testing, not legal limits"
ENV-0001184,M005,ENV-ST-M005-02,TDS,341.67,mg/L,,2100,24.163044,82.678373,2026-08-27T14:00:00,DEMO_MONITORING_FEED,COMPLIANT,0,DEMO_CONFIGURATION,"Configured thresholds are synthetic for software testing, not legal limits"
ENV-0001185,M005,ENV-ST-M005-01,COD,85.22,mg/L,,250,24.166237,82.680241,2026-08-27T06:00:00,DEMO_MONITORING_FEED,COMPLIANT,0,DEMO_CONFIGURATION,"Configured thresholds are synthetic for software testing, not legal limits"
ENV-0001186,M005,ENV-ST-M005-03,BOD,12.09,mg/L,,30,24.175614,82.670131,2026-08-27T22:00:00,DEMO_MONITORING_FEED,COMPLIANT,0,DEMO_CONFIGURATION,"Configured thresholds are synthetic for software testing, not legal limits"
ENV-0001187,M005,ENV-ST-M005-02,Oil_Grease,1.73,mg/L,,10,24.169192,82.671196,2026-08-27T22:00:00,DEMO_MONITORING_FEED,COMPLIANT,0,DEMO_CONFIGURATION,"Configured thresholds are synthetic for software testing, not legal limits"
ENV-0001188,M005,ENV-ST-M005-01,Noise,56.49,dB(A),,85,24.172056,82.683049,2026-08-27T14:00:00,DEMO_MONITORING_FEED,COMPLIANT,0,DEMO_CONFIGURATION,"Configured thresholds are synthetic for software testing, not legal limits"
ENV-0001189,M005,ENV-ST-M005-02,PM2.5,36.69,ug/m3,,60,24.161908,82.680789,2026-08-24T22:00:00,DEMO_MONITORING_FEED,COMPLIANT,0,DEMO_CONFIGURATION,"Configured thresholds are synthetic for software testing, not legal limits"
ENV-0001190,M005,ENV-ST-M005-03,PM10,52.32,ug/m3,,100,24.164452,82.674692,2026-08-24T14:00:00,DEMO_MONITORING_FEED,COMPLIANT,0,DEMO_CONFIGURATION,"Configured thresholds are synthetic for software testing, not legal limits"
ENV-0001191,M005,ENV-ST-M005-03,SO2,28.42,ug/m3,,80,24.178169,82.671507,2026-08-24T06:00:00,DEMO_MONITORING_FEED,COMPLIANT,0,DEMO_CONFIGURATION,"Configured thresholds are synthetic for software testing, not legal limits"
ENV-0001192,M005,ENV-ST-M005-03,NO2,30.99,ug/m3,,80,24.168776,82.678096,2026-08-24T14:00:00,DEMO_MONITORING_FEED,COMPLIANT,0,DEMO_CONFIGURATION,"Configured thresholds are synthetic for software testing, not legal limits"
ENV-0001193,M005,ENV-ST-M005-03,CO,0.9,mg/m3,,4,24.166132,82.679922,2026-08-24T14:00:00,DEMO_MONITORING_FEED,COMPLIANT,0,DEMO_CONFIGURATION,"Configured thresholds are synthetic for software testing, not legal limits"
ENV-0001194,M005,ENV-ST-M005-02,pH,7.57,pH,6.5,8.5,24.164973,82.687375,2026-08-24T06:00:00,DEMO_MONITORING_FEED,COMPLIANT,0,DEMO_CONFIGURATION,"Configured thresholds are synthetic for software testing, not legal limits"
ENV-0001195,M005,ENV-ST-M005-02,TSS,57.69,mg/L,,100,24.178237,82.688183,2026-08-24T14:00:00,DEMO_MONITORING_FEED,COMPLIANT,0,DEMO_CONFIGURATION,"Configured thresholds are synthetic for software testing, not legal limits"
ENV-0001196,M005,ENV-ST-M005-01,TDS,710.14,mg/L,,2100,24.17832,82.670176,2026-08-24T22:00:00,DEMO_MONITORING_FEED,COMPLIANT,0,DEMO_CONFIGURATION,"Configured thresholds are synthetic for software testing, not legal limits"
ENV-0001197,M005,ENV-ST-M005-02,COD,113.5,mg/L,,250,24.165464,82.671301,2026-08-24T06:00:00,DEMO_MONITORING_FEED,COMPLIANT,0,DEMO_CONFIGURATION,"Configured thresholds are synthetic for software testing, not legal limits"
ENV-0001198,M005,ENV-ST-M005-01,BOD,10.44,mg/L,,30,24.178917,82.676089,2026-08-24T14:00:00,DEMO_MONITORING_FEED,COMPLIANT,0,DEMO_CONFIGURATION,"Configured thresholds are synthetic for software testing, not legal limits"
ENV-0001199,M005,ENV-ST-M005-01,Oil_Grease,1.37,mg/L,,10,24.173131,82.689819,2026-08-24T06:00:00,DEMO_MONITORING_FEED,COMPLIANT,0,DEMO_CONFIGURATION,"Configured thresholds are synthetic for software testing, not legal limits"
ENV-0001200,M005,ENV-ST-M005-03,Noise,58.42,dB(A),,85,24.166933,82.683974,2026-08-24T22:00:00,DEMO_MONITORING_FEED,COMPLIANT,0,DEMO_CONFIGURATION,"Configured thresholds are synthetic for software testing, not legal limits"
ENV-0001201,M005,ENV-ST-M005-03,PM2.5,31.39,ug/m3,,60,24.173193,82.685278,2026-08-21T14:00:00,DEMO_MONITORING_FEED,COMPLIANT,0,DEMO_CONFIGURATION,"Configured thresholds are synthetic for software testing, not legal limits"
ENV-0001202,M005,ENV-ST-M005-03,PM10,57.0,ug/m3,,100,24.178237,82.67641,2026-08-21T06:00:00,DEMO_MONITORING_FEED,COMPLIANT,0,DEMO_CONFIGURATION,"Configured thresholds are synthetic for software testing, not legal limits"
ENV-0001203,M005,ENV-ST-M005-01,SO2,21.94,ug/m3,,80,24.167158,82.685846,2026-08-21T22:00:00,DEMO_MONITORING_FEED,COMPLIANT,0,DEMO_CONFIGURATION,"Configured thresholds are synthetic for software testing, not legal limits"
ENV-0001204,M005,ENV-ST-M005-03,NO2,32.32,ug/m3,,80,24.163863,82.687826,2026-08-21T14:00:00,DEMO_MONITORING_FEED,COMPLIANT,0,DEMO_CONFIGURATION,"Configured thresholds are synthetic for software testing, not legal limits"
ENV-0001205,M005,ENV-ST-M005-01,CO,0.83,mg/m3,,4,24.167009,82.675816,2026-08-21T14:00:00,DEMO_MONITORING_FEED,COMPLIANT,0,DEMO_CONFIGURATION,"Configured thresholds are synthetic for software testing, not legal limits"
ENV-0001206,M005,ENV-ST-M005-03,pH,7.54,pH,6.5,8.5,24.17715,82.684257,2026-08-21T22:00:00,DEMO_MONITORING_FEED,COMPLIANT,0,DEMO_CONFIGURATION,"Configured thresholds are synthetic for software testing, not legal limits"
ENV-0001207,M005,ENV-ST-M005-02,TSS,54.85,mg/L,,100,24.175166,82.684931,2026-08-21T22:00:00,DEMO_MONITORING_FEED,COMPLIANT,0,DEMO_CONFIGURATION,"Configured thresholds are synthetic for software testing, not legal limits"
ENV-0001208,M005,ENV-ST-M005-02,TDS,1010.07,mg/L,,2100,24.17284,82.684657,2026-08-21T06:00:00,DEMO_MONITORING_FEED,COMPLIANT,0,DEMO_CONFIGURATION,"Configured thresholds are synthetic for software testing, not legal limits"
ENV-0001209,M005,ENV-ST-M005-01,COD,77.55,mg/L,,250,24.170479,82.678505,2026-08-21T14:00:00,DEMO_MONITORING_FEED,COMPLIANT,0,DEMO_CONFIGURATION,"Configured thresholds are synthetic for software testing, not legal limits"
ENV-0001210,M005,ENV-ST-M005-01,BOD,12.33,mg/L,,30,24.164185,82.670635,2026-08-21T22:00:00,DEMO_MONITORING_FEED,COMPLIANT,0,DEMO_CONFIGURATION,"Configured thresholds are synthetic for software testing, not legal limits"
ENV-0001211,M005,ENV-ST-M005-03,Oil_Grease,2.74,mg/L,,10,24.178722,82.686019,2026-08-21T22:00:00,DEMO_MONITORING_FEED,COMPLIANT,0,DEMO_CONFIGURATION,"Configured thresholds are synthetic for software testing, not legal limits"
ENV-0001212,M005,ENV-ST-M005-03,Noise,57.25,dB(A),,85,24.170364,82.670711,2026-08-21T22:00:00,DEMO_MONITORING_FEED,COMPLIANT,0,DEMO_CONFIGURATION,"Configured thresholds are synthetic for software testing, not legal limits"
ENV-0001213,M005,ENV-ST-M005-03,PM2.5,28.47,ug/m3,,60,24.168593,82.675164,2026-08-18T22:00:00,DEMO_MONITORING_FEED,COMPLIANT,0,DEMO_CONFIGURATION,"Configured thresholds are synthetic for software testing, not legal limits"
ENV-0001214,M005,ENV-ST-M005-02,PM10,49.44,ug/m3,,100,24.171067,82.671081,2026-08-18T06:00:00,DEMO_MONITORING_FEED,COMPLIANT,0,DEMO_CONFIGURATION,"Configured thresholds are synthetic for software testing, not legal limits"
ENV-0001215,M005,ENV-ST-M005-01,SO2,28.77,ug/m3,,80,24.178226,82.678163,2026-08-18T22:00:00,DEMO_MONITORING_FEED,COMPLIANT,0,DEMO_CONFIGURATION,"Configured thresholds are synthetic for software testing, not legal limits"
ENV-0001216,M005,ENV-ST-M005-03,NO2,25.73,ug/m3,,80,24.16655,82.687295,2026-08-18T06:00:00,DEMO_MONITORING_FEED,COMPLIANT,0,DEMO_CONFIGURATION,"Configured thresholds are synthetic for software testing, not legal limits"
ENV-0001217,M005,ENV-ST-M005-01,CO,0.56,mg/m3,,4,24.171968,82.683121,2026-08-18T14:00:00,DEMO_MONITORING_FEED,COMPLIANT,0,DEMO_CONFIGURATION,"Configured thresholds are synthetic for software testing, not legal limits"
ENV-0001218,M005,ENV-ST-M005-03,pH,6.73,pH,6.5,8.5,24.166633,82.670616,2026-08-18T06:00:00,DEMO_MONITORING_FEED,COMPLIANT,0,DEMO_CONFIGURATION,"Configured thresholds are synthetic for software testing, not legal limits"
ENV-0001219,M005,ENV-ST-M005-02,TSS,54.06,mg/L,,100,24.161464,82.681802,2026-08-18T06:00:00,DEMO_MONITORING_FEED,COMPLIANT,0,DEMO_CONFIGURATION,"Configured thresholds are synthetic for software testing, not legal limits"
ENV-0001220,M005,ENV-ST-M005-03,TDS,540.47,mg/L,,2100,24.167939,82.680019,2026-08-18T22:00:00,DEMO_MONITORING_FEED,COMPLIANT,0,DEMO_CONFIGURATION,"Configured thresholds are synthetic for software testing, not legal limits"
ENV-0001221,M005,ENV-ST-M005-02,COD,54.07,mg/L,,250,24.1642,82.683589,2026-08-18T06:00:00,DEMO_MONITORING_FEED,COMPLIANT,0,DEMO_CONFIGURATION,"Configured thresholds are synthetic for software testing, not legal limits"
ENV-0001222,M005,ENV-ST-M005-01,BOD,11.58,mg/L,,30,24.172961,82.686936,2026-08-18T06:00:00,DEMO_MONITORING_FEED,COMPLIANT,0,DEMO_CONFIGURATION,"Configured thresholds are synthetic for software testing, not legal limits"
ENV-0001223,M005,ENV-ST-M005-02,Oil_Grease,2.91,mg/L,,10,24.16111,82.674518,2026-08-18T22:00:00,DEMO_MONITORING_FEED,COMPLIANT,0,DEMO_CONFIGURATION,"Configured thresholds are synthetic for software testing, not legal limits"
ENV-0001224,M005,ENV-ST-M005-03,Noise,47.0,dB(A),,85,24.179729,82.680569,2026-08-18T14:00:00,DEMO_MONITORING_FEED,COMPLIANT,0,DEMO_CONFIGURATION,"Configured thresholds are synthetic for software testing, not legal limits"
ENV-0001225,M005,ENV-ST-M005-01,PM2.5,29.27,ug/m3,,60,24.172669,82.6864,2026-08-15T06:00:00,DEMO_MONITORING_FEED,COMPLIANT,0,DEMO_CONFIGURATION,"Configured thresholds are synthetic for software testing, not legal limits"
ENV-0001226,M005,ENV-ST-M005-01,PM10,49.47,ug/m3,,100,24.168539,82.688295,2026-08-15T06:00:00,DEMO_MONITORING_FEED,COMPLIANT,0,DEMO_CONFIGURATION,"Configured thresholds are synthetic for software testing, not legal limits"
ENV-0001227,M005,ENV-ST-M005-03,SO2,18.97,ug/m3,,80,24.175778,82.687967,2026-08-15T14:00:00,DEMO_MONITORING_FEED,COMPLIANT,0,DEMO_CONFIGURATION,"Configured thresholds are synthetic for software testing, not legal limits"
ENV-0001228,M005,ENV-ST-M005-02,NO2,33.37,ug/m3,,80,24.172937,82.67738,2026-08-15T14:00:00,DEMO_MONITORING_FEED,COMPLIANT,0,DEMO_CONFIGURATION,"Configured thresholds are synthetic for software testing, not legal limits"
ENV-0001229,M005,ENV-ST-M005-02,CO,0.47,mg/m3,,4,24.174348,82.688568,2026-08-15T06:00:00,DEMO_MONITORING_FEED,COMPLIANT,0,DEMO_CONFIGURATION,"Configured thresholds are synthetic for software testing, not legal limits"
ENV-0001230,M005,ENV-ST-M005-01,pH,7.0,pH,6.5,8.5,24.178706,82.679243,2026-08-15T14:00:00,DEMO_MONITORING_FEED,COMPLIANT,0,DEMO_CONFIGURATION,"Configured thresholds are synthetic for software testing, not legal limits"
ENV-0001231,M005,ENV-ST-M005-02,TSS,35.52,mg/L,,100,24.174541,82.678763,2026-08-15T14:00:00,DEMO_MONITORING_FEED,COMPLIANT,0,DEMO_CONFIGURATION,"Configured thresholds are synthetic for software testing, not legal limits"
ENV-0001232,M005,ENV-ST-M005-02,TDS,616.35,mg/L,,2100,24.17513,82.688129,2026-08-15T06:00:00,DEMO_MONITORING_FEED,COMPLIANT,0,DEMO_CONFIGURATION,"Configured thresholds are synthetic for software testing, not legal limits"
ENV-0001233,M005,ENV-ST-M005-02,COD,58.98,mg/L,,250,24.178874,82.67006,2026-08-15T14:00:00,DEMO_MONITORING_FEED,COMPLIANT,0,DEMO_CONFIGURATION,"Configured thresholds are synthetic for software testing, not legal limits"
ENV-0001234,M005,ENV-ST-M005-02,BOD,11.42,mg/L,,30,24.169652,82.682836,2026-08-15T14:00:00,DEMO_MONITORING_FEED,COMPLIANT,0,DEMO_CONFIGURATION,"Configured thresholds are synthetic for software testing, not legal limits"
ENV-0001235,M005,ENV-ST-M005-03,Oil_Grease,1.73,mg/L,,10,24.165736,82.68721,2026-08-15T22:00:00,DEMO_MONITORING_FEED,COMPLIANT,0,DEMO_CONFIGURATION,"Configured thresholds are synthetic for software testing, not legal limits"
ENV-0001236,M005,ENV-ST-M005-02,Noise,57.45,dB(A),,85,24.168457,82.677481,2026-08-15T22:00:00,DEMO_MONITORING_FEED,COMPLIANT,0,DEMO_CONFIGURATION,"Configured thresholds are synthetic for software testing, not legal limits"
ENV-0001237,M005,ENV-ST-M005-01,PM2.5,34.28,ug/m3,,60,24.177341,82.675681,2026-08-12T22:00:00,DEMO_MONITORING_FEED,COMPLIANT,0,DEMO_CONFIGURATION,"Configured thresholds are synthetic for software testing, not legal limits"
ENV-0001238,M005,ENV-ST-M005-03,PM10,60.52,ug/m3,,100,24.161084,82.681084,2026-08-12T06:00:00,DEMO_MONITORING_FEED,COMPLIANT,0,DEMO_CONFIGURATION,"Configured thresholds are synthetic for software testing, not legal limits"
ENV-0001239,M005,ENV-ST-M005-03,SO2,27.68,ug/m3,,80,24.167397,82.675364,2026-08-12T06:00:00,DEMO_MONITORING_FEED,COMPLIANT,0,DEMO_CONFIGURATION,"Configured thresholds are synthetic for software testing, not legal limits"
ENV-0001240,M005,ENV-ST-M005-03,NO2,40.89,ug/m3,,80,24.178151,82.674407,2026-08-12T22:00:00,DEMO_MONITORING_FEED,COMPLIANT,0,DEMO_CONFIGURATION,"Configured thresholds are synthetic for software testing, not legal limits"
ENV-0001241,M005,ENV-ST-M005-02,CO,0.47,mg/m3,,4,24.167438,82.677787,2026-08-12T06:00:00,DEMO_MONITORING_FEED,COMPLIANT,0,DEMO_CONFIGURATION,"Configured thresholds are synthetic for software testing, not legal limits"
ENV-0001242,M005,ENV-ST-M005-03,pH,6.77,pH,6.5,8.5,24.171753,82.68024,2026-08-12T22:00:00,DEMO_MONITORING_FEED,COMPLIANT,0,DEMO_CONFIGURATION,"Configured thresholds are synthetic for software testing, not legal limits"
ENV-0001243,M005,ENV-ST-M005-01,TSS,38.39,mg/L,,100,24.167998,82.686366,2026-08-12T22:00:00,DEMO_MONITORING_FEED,COMPLIANT,0,DEMO_CONFIGURATION,"Configured thresholds are synthetic for software testing, not legal limits"
ENV-0001244,M005,ENV-ST-M005-01,TDS,548.79,mg/L,,2100,24.160506,82.688736,2026-08-12T22:00:00,DEMO_MONITORING_FEED,COMPLIANT,0,DEMO_CONFIGURATION,"Configured thresholds are synthetic for software testing, not legal limits"
ENV-0001245,M005,ENV-ST-M005-01,COD,120.2,mg/L,,250,24.1608,82.67972,2026-08-12T14:00:00,DEMO_MONITORING_FEED,COMPLIANT,0,DEMO_CONFIGURATION,"Configured thresholds are synthetic for software testing, not legal limits"
ENV-0001246,M005,ENV-ST-M005-02,BOD,9.99,mg/L,,30,24.172359,82.679324,2026-08-12T06:00:00,DEMO_MONITORING_FEED,COMPLIANT,0,DEMO_CONFIGURATION,"Configured thresholds are synthetic for software testing, not legal limits"
ENV-0001247,M005,ENV-ST-M005-01,Oil_Grease,2.26,mg/L,,10,24.163232,82.685165,2026-08-12T22:00:00,DEMO_MONITORING_FEED,COMPLIANT,0,DEMO_CONFIGURATION,"Configured thresholds are synthetic for software testing, not legal limits"
ENV-0001248,M005,ENV-ST-M005-02,Noise,46.58,dB(A),,85,24.164752,82.672472,2026-08-12T06:00:00,DEMO_MONITORING_FEED,COMPLIANT,0,DEMO_CONFIGURATION,"Configured thresholds are synthetic for software testing, not legal limits"
ENV-0001249,M005,ENV-ST-M005-02,PM2.5,31.36,ug/m3,,60,24.168418,82.687501,2026-08-09T06:00:00,DEMO_MONITORING_FEED,COMPLIANT,0,DEMO_CONFIGURATION,"Configured thresholds are synthetic for software testing, not legal limits"
ENV-0001250,M005,ENV-ST-M005-03,PM10,54.94,ug/m3,,100,24.168338,82.676191,2026-08-09T22:00:00,DEMO_MONITORING_FEED,COMPLIANT,0,DEMO_CONFIGURATION,"Configured thresholds are synthetic for software testing, not legal limits"
ENV-0001251,M005,ENV-ST-M005-01,SO2,14.89,ug/m3,,80,24.169535,82.680561,2026-08-09T14:00:00,DEMO_MONITORING_FEED,COMPLIANT,0,DEMO_CONFIGURATION,"Configured thresholds are synthetic for software testing, not legal limits"
ENV-0001252,M005,ENV-ST-M005-01,NO2,24.18,ug/m3,,80,24.170016,82.672882,2026-08-09T22:00:00,DEMO_MONITORING_FEED,COMPLIANT,0,DEMO_CONFIGURATION,"Configured thresholds are synthetic for software testing, not legal limits"
ENV-0001253,M005,ENV-ST-M005-03,CO,0.97,mg/m3,,4,24.167153,82.685567,2026-08-09T14:00:00,DEMO_MONITORING_FEED,COMPLIANT,0,DEMO_CONFIGURATION,"Configured thresholds are synthetic for software testing, not legal limits"
ENV-0001254,M005,ENV-ST-M005-01,pH,7.22,pH,6.5,8.5,24.17414,82.685139,2026-08-09T06:00:00,DEMO_MONITORING_FEED,COMPLIANT,0,DEMO_CONFIGURATION,"Configured thresholds are synthetic for software testing, not legal limits"
ENV-0001255,M005,ENV-ST-M005-01,TSS,34.47,mg/L,,100,24.174843,82.672801,2026-08-09T22:00:00,DEMO_MONITORING_FEED,COMPLIANT,0,DEMO_CONFIGURATION,"Configured thresholds are synthetic for software testing, not legal limits"
ENV-0001256,M005,ENV-ST-M005-02,TDS,658.57,mg/L,,2100,24.162798,82.686974,2026-08-09T22:00:00,DEMO_MONITORING_FEED,COMPLIANT,0,DEMO_CONFIGURATION,"Configured thresholds are synthetic for software testing, not legal limits"
ENV-0001257,M005,ENV-ST-M005-03,COD,92.43,mg/L,,250,24.16841,82.671667,2026-08-09T06:00:00,DEMO_MONITORING_FEED,COMPLIANT,0,DEMO_CONFIGURATION,"Configured thresholds are synthetic for software testing, not legal limits"
ENV-0001258,M005,ENV-ST-M005-03,BOD,14.67,mg/L,,30,24.166698,82.686801,2026-08-09T06:00:00,DEMO_MONITORING_FEED,COMPLIANT,0,DEMO_CONFIGURATION,"Configured thresholds are synthetic for software testing, not legal limits"
ENV-0001259,M005,ENV-ST-M005-02,Oil_Grease,2.33,mg/L,,10,24.171909,82.681579,2026-08-09T14:00:00,DEMO_MONITORING_FEED,COMPLIANT,0,DEMO_CONFIGURATION,"Configured thresholds are synthetic for software testing, not legal limits"
ENV-0001260,M005,ENV-ST-M005-01,Noise,50.6,dB(A),,85,24.173286,82.675569,2026-08-09T06:00:00,DEMO_MONITORING_FEED,COMPLIANT,0,DEMO_CONFIGURATION,"Configured thresholds are synthetic for software testing, not legal limits"
ENV-0001261,M005,ENV-ST-M005-03,PM2.5,33.35,ug/m3,,60,24.161931,82.677374,2026-08-06T22:00:00,DEMO_MONITORING_FEED,COMPLIANT,0,DEMO_CONFIGURATION,"Configured thresholds are synthetic for software testing, not legal limits"
ENV-0001262,M005,ENV-ST-M005-03,PM10,58.09,ug/m3,,100,24.174282,82.678278,2026-08-06T14:00:00,DEMO_MONITORING_FEED,COMPLIANT,0,DEMO_CONFIGURATION,"Configured thresholds are synthetic for software testing, not legal limits"
ENV-0001263,M005,ENV-ST-M005-02,SO2,15.72,ug/m3,,80,24.171005,82.674217,2026-08-06T22:00:00,DEMO_MONITORING_FEED,COMPLIANT,0,DEMO_CONFIGURATION,"Configured thresholds are synthetic for software testing, not legal limits"
ENV-0001264,M005,ENV-ST-M005-01,NO2,31.57,ug/m3,,80,24.171052,82.685544,2026-08-06T14:00:00,DEMO_MONITORING_FEED,COMPLIANT,0,DEMO_CONFIGURATION,"Configured thresholds are synthetic for software testing, not legal limits"
ENV-0001265,M005,ENV-ST-M005-02,CO,0.54,mg/m3,,4,24.178046,82.67994,2026-08-06T06:00:00,DEMO_MONITORING_FEED,COMPLIANT,0,DEMO_CONFIGURATION,"Configured thresholds are synthetic for software testing, not legal limits"
ENV-0001266,M005,ENV-ST-M005-01,pH,7.22,pH,6.5,8.5,24.177403,82.685456,2026-08-06T22:00:00,DEMO_MONITORING_FEED,COMPLIANT,0,DEMO_CONFIGURATION,"Configured thresholds are synthetic for software testing, not legal limits"
ENV-0001267,M005,ENV-ST-M005-03,TSS,41.13,mg/L,,100,24.166451,82.670998,2026-08-06T14:00:00,DEMO_MONITORING_FEED,COMPLIANT,0,DEMO_CONFIGURATION,"Configured thresholds are synthetic for software testing, not legal limits"
ENV-0001268,M005,ENV-ST-M005-01,TDS,901.44,mg/L,,2100,24.163343,82.670374,2026-08-06T06:00:00,DEMO_MONITORING_FEED,COMPLIANT,0,DEMO_CONFIGURATION,"Configured thresholds are synthetic for software testing, not legal limits"
ENV-0001269,M005,ENV-ST-M005-02,COD,113.65,mg/L,,250,24.177845,82.686613,2026-08-06T14:00:00,DEMO_MONITORING_FEED,COMPLIANT,0,DEMO_CONFIGURATION,"Configured thresholds are synthetic for software testing, not legal limits"
ENV-0001270,M005,ENV-ST-M005-01,BOD,11.72,mg/L,,30,24.169336,82.681781,2026-08-06T22:00:00,DEMO_MONITORING_FEED,COMPLIANT,0,DEMO_CONFIGURATION,"Configured thresholds are synthetic for software testing, not legal limits"
ENV-0001271,M005,ENV-ST-M005-03,Oil_Grease,4.28,mg/L,,10,24.162974,82.685509,2026-08-06T06:00:00,DEMO_MONITORING_FEED,COMPLIANT,0,DEMO_CONFIGURATION,"Configured thresholds are synthetic for software testing, not legal limits"
ENV-0001272,M005,ENV-ST-M005-01,Noise,45.87,dB(A),,85,24.160973,82.676336,2026-08-06T06:00:00,DEMO_MONITORING_FEED,COMPLIANT,0,DEMO_CONFIGURATION,"Configured thresholds are synthetic for software testing, not legal limits"
ENV-0001273,M005,ENV-ST-M005-02,PM2.5,29.08,ug/m3,,60,24.161891,82.674437,2026-08-03T06:00:00,DEMO_MONITORING_FEED,COMPLIANT,0,DEMO_CONFIGURATION,"Configured thresholds are synthetic for software testing, not legal limits"
ENV-0001274,M005,ENV-ST-M005-03,PM10,61.4,ug/m3,,100,24.16884,82.673435,2026-08-03T14:00:00,DEMO_MONITORING_FEED,COMPLIANT,0,DEMO_CONFIGURATION,"Configured thresholds are synthetic for software testing, not legal limits"
ENV-0001275,M005,ENV-ST-M005-03,SO2,24.78,ug/m3,,80,24.173729,82.683361,2026-08-03T14:00:00,DEMO_MONITORING_FEED,COMPLIANT,0,DEMO_CONFIGURATION,"Configured thresholds are synthetic for software testing, not legal limits"
ENV-0001276,M005,ENV-ST-M005-01,NO2,13.49,ug/m3,,80,24.160273,82.677348,2026-08-03T22:00:00,DEMO_MONITORING_FEED,COMPLIANT,0,DEMO_CONFIGURATION,"Configured thresholds are synthetic for software testing, not legal limits"
ENV-0001277,M005,ENV-ST-M005-02,CO,0.65,mg/m3,,4,24.160627,82.68153,2026-08-03T14:00:00,DEMO_MONITORING_FEED,COMPLIANT,0,DEMO_CONFIGURATION,"Configured thresholds are synthetic for software testing, not legal limits"
ENV-0001278,M005,ENV-ST-M005-01,pH,6.89,pH,6.5,8.5,24.179245,82.673531,2026-08-03T22:00:00,DEMO_MONITORING_FEED,COMPLIANT,0,DEMO_CONFIGURATION,"Configured thresholds are synthetic for software testing, not legal limits"
ENV-0001279,M005,ENV-ST-M005-03,TSS,37.64,mg/L,,100,24.179371,82.688412,2026-08-03T22:00:00,DEMO_MONITORING_FEED,COMPLIANT,0,DEMO_CONFIGURATION,"Configured thresholds are synthetic for software testing, not legal limits"
ENV-0001280,M005,ENV-ST-M005-01,TDS,495.91,mg/L,,2100,24.171509,82.674203,2026-08-03T06:00:00,DEMO_MONITORING_FEED,COMPLIANT,0,DEMO_CONFIGURATION,"Configured thresholds are synthetic for software testing, not legal limits"
ENV-0001281,M005,ENV-ST-M005-03,COD,124.99,mg/L,,250,24.163273,82.671278,2026-08-03T22:00:00,DEMO_MONITORING_FEED,COMPLIANT,0,DEMO_CONFIGURATION,"Configured thresholds are synthetic for software testing, not legal limits"
ENV-0001282,M005,ENV-ST-M005-02,BOD,10.53,mg/L,,30,24.178446,82.68722,2026-08-03T06:00:00,DEMO_MONITORING_FEED,COMPLIANT,0,DEMO_CONFIGURATION,"Configured thresholds are synthetic for software testing, not legal limits"
ENV-0001283,M005,ENV-ST-M005-01,Oil_Grease,2.53,mg/L,,10,24.160791,82.677914,2026-08-03T22:00:00,DEMO_MONITORING_FEED,COMPLIANT,0,DEMO_CONFIGURATION,"Configured thresholds are synthetic for software testing, not legal limits"
ENV-0001284,M005,ENV-ST-M005-03,Noise,54.45,dB(A),,85,24.172009,82.671853,2026-08-03T22:00:00,DEMO_MONITORING_FEED,COMPLIANT,0,DEMO_CONFIGURATION,"Configured thresholds are synthetic for software testing, not legal limits"
ENV-0001285,M005,ENV-ST-M005-03,PM2.5,25.2,ug/m3,,60,24.178032,82.683484,2026-07-31T14:00:00,DEMO_MONITORING_FEED,COMPLIANT,0,DEMO_CONFIGURATION,"Configured thresholds are synthetic for software testing, not legal limits"
ENV-0001286,M005,ENV-ST-M005-03,PM10,64.58,ug/m3,,100,24.171963,82.67237,2026-07-31T14:00:00,DEMO_MONITORING_FEED,COMPLIANT,0,DEMO_CONFIGURATION,"Configured thresholds are synthetic for software testing, not legal limits"
ENV-0001287,M005,ENV-ST-M005-01,SO2,35.48,ug/m3,,80,24.17995,82.68893,2026-07-31T14:00:00,DEMO_MONITORING_FEED,COMPLIANT,0,DEMO_CONFIGURATION,"Configured thresholds are synthetic for software testing, not legal limits"
ENV-0001288,M005,ENV-ST-M005-01,NO2,37.46,ug/m3,,80,24.179665,82.677826,2026-07-31T14:00:00,DEMO_MONITORING_FEED,COMPLIANT,0,DEMO_CONFIGURATION,"Configured thresholds are synthetic for software testing, not legal limits"
ENV-0001289,M005,ENV-ST-M005-03,CO,0.96,mg/m3,,4,24.172731,82.673209,2026-07-31T22:00:00,DEMO_MONITORING_FEED,COMPLIANT,0,DEMO_CONFIGURATION,"Configured thresholds are synthetic for software testing, not legal limits"
ENV-0001290,M005,ENV-ST-M005-01,pH,7.19,pH,6.5,8.5,24.177205,82.686971,2026-07-31T14:00:00,DEMO_MONITORING_FEED,COMPLIANT,0,DEMO_CONFIGURATION,"Configured thresholds are synthetic for software testing, not legal limits"
ENV-0001291,M005,ENV-ST-M005-01,TSS,41.44,mg/L,,100,24.174565,82.68223,2026-07-31T06:00:00,DEMO_MONITORING_FEED,COMPLIANT,0,DEMO_CONFIGURATION,"Configured thresholds are synthetic for software testing, not legal limits"
ENV-0001292,M005,ENV-ST-M005-01,TDS,583.83,mg/L,,2100,24.170944,82.685177,2026-07-31T06:00:00,DEMO_MONITORING_FEED,COMPLIANT,0,DEMO_CONFIGURATION,"Configured thresholds are synthetic for software testing, not legal limits"
ENV-0001293,M005,ENV-ST-M005-01,COD,112.32,mg/L,,250,24.168537,82.681425,2026-07-31T06:00:00,DEMO_MONITORING_FEED,COMPLIANT,0,DEMO_CONFIGURATION,"Configured thresholds are synthetic for software testing, not legal limits"
ENV-0001294,M005,ENV-ST-M005-01,BOD,12.95,mg/L,,30,24.163535,82.67405,2026-07-31T22:00:00,DEMO_MONITORING_FEED,COMPLIANT,0,DEMO_CONFIGURATION,"Configured thresholds are synthetic for software testing, not legal limits"
ENV-0001295,M005,ENV-ST-M005-01,Oil_Grease,3.25,mg/L,,10,24.163733,82.675275,2026-07-31T22:00:00,DEMO_MONITORING_FEED,COMPLIANT,0,DEMO_CONFIGURATION,"Configured thresholds are synthetic for software testing, not legal limits"
ENV-0001296,M005,ENV-ST-M005-01,Noise,48.09,dB(A),,85,24.167224,82.685161,2026-07-31T14:00:00,DEMO_MONITORING_FEED,COMPLIANT,0,DEMO_CONFIGURATION,"Configured thresholds are synthetic for software testing, not legal limits"
ENV-0001297,M005,ENV-ST-M005-03,PM2.5,33.69,ug/m3,,60,24.173436,82.680652,2026-07-28T06:00:00,DEMO_MONITORING_FEED,COMPLIANT,0,DEMO_CONFIGURATION,"Configured thresholds are synthetic for software testing, not legal limits"
ENV-0001298,M005,ENV-ST-M005-03,PM10,48.31,ug/m3,,100,24.171302,82.67344,2026-07-28T06:00:00,DEMO_MONITORING_FEED,COMPLIANT,0,DEMO_CONFIGURATION,"Configured thresholds are synthetic for software testing, not legal limits"
ENV-0001299,M005,ENV-ST-M005-03,SO2,28.58,ug/m3,,80,24.178614,82.684882,2026-07-28T22:00:00,DEMO_MONITORING_FEED,COMPLIANT,0,DEMO_CONFIGURATION,"Configured thresholds are synthetic for software testing, not legal limits"
ENV-0001300,M005,ENV-ST-M005-03,NO2,26.92,ug/m3,,80,24.164791,82.688979,2026-07-28T22:00:00,DEMO_MONITORING_FEED,COMPLIANT,0,DEMO_CONFIGURATION,"Configured thresholds are synthetic for software testing, not legal limits"
ENV-0001301,M005,ENV-ST-M005-03,CO,0.39,mg/m3,,4,24.170922,82.682489,2026-07-28T22:00:00,DEMO_MONITORING_FEED,COMPLIANT,0,DEMO_CONFIGURATION,"Configured thresholds are synthetic for software testing, not legal limits"
ENV-0001302,M005,ENV-ST-M005-03,pH,6.56,pH,6.5,8.5,24.179809,82.674282,2026-07-28T14:00:00,DEMO_MONITORING_FEED,COMPLIANT,0,DEMO_CONFIGURATION,"Configured thresholds are synthetic for software testing, not legal limits"
ENV-0001303,M005,ENV-ST-M005-03,TSS,55.59,mg/L,,100,24.165105,82.670117,2026-07-28T14:00:00,DEMO_MONITORING_FEED,COMPLIANT,0,DEMO_CONFIGURATION,"Configured thresholds are synthetic for software testing, not legal limits"
ENV-0001304,M005,ENV-ST-M005-02,TDS,540.42,mg/L,,2100,24.164971,82.67131,2026-07-28T22:00:00,DEMO_MONITORING_FEED,COMPLIANT,0,DEMO_CONFIGURATION,"Configured thresholds are synthetic for software testing, not legal limits"
ENV-0001305,M005,ENV-ST-M005-02,COD,136.94,mg/L,,250,24.179621,82.670699,2026-07-28T06:00:00,DEMO_MONITORING_FEED,COMPLIANT,0,DEMO_CONFIGURATION,"Configured thresholds are synthetic for software testing, not legal limits"
ENV-0001306,M005,ENV-ST-M005-01,BOD,14.95,mg/L,,30,24.166279,82.674365,2026-07-28T22:00:00,DEMO_MONITORING_FEED,COMPLIANT,0,DEMO_CONFIGURATION,"Configured thresholds are synthetic for software testing, not legal limits"
ENV-0001307,M005,ENV-ST-M005-02,Oil_Grease,3.15,mg/L,,10,24.163833,82.678984,2026-07-28T14:00:00,DEMO_MONITORING_FEED,COMPLIANT,0,DEMO_CONFIGURATION,"Configured thresholds are synthetic for software testing, not legal limits"
ENV-0001308,M005,ENV-ST-M005-01,Noise,47.14,dB(A),,85,24.176727,82.679083,2026-07-28T22:00:00,DEMO_MONITORING_FEED,COMPLIANT,0,DEMO_CONFIGURATION,"Configured thresholds are synthetic for software testing, not legal limits"
ENV-0001309,M005,ENV-ST-M005-02,PM2.5,25.49,ug/m3,,60,24.176083,82.677035,2026-07-25T14:00:00,DEMO_MONITORING_FEED,COMPLIANT,0,DEMO_CONFIGURATION,"Configured thresholds are synthetic for software testing, not legal limits"
ENV-0001310,M005,ENV-ST-M005-01,PM10,51.38,ug/m3,,100,24.168848,82.672368,2026-07-25T22:00:00,DEMO_MONITORING_FEED,COMPLIANT,0,DEMO_CONFIGURATION,"Configured thresholds are synthetic for software testing, not legal limits"
ENV-0001311,M005,ENV-ST-M005-03,SO2,24.22,ug/m3,,80,24.176027,82.686385,2026-07-25T22:00:00,DEMO_MONITORING_FEED,COMPLIANT,0,DEMO_CONFIGURATION,"Configured thresholds are synthetic for software testing, not legal limits"
ENV-0001312,M005,ENV-ST-M005-01,NO2,18.68,ug/m3,,80,24.162776,82.681021,2026-07-25T22:00:00,DEMO_MONITORING_FEED,COMPLIANT,0,DEMO_CONFIGURATION,"Configured thresholds are synthetic for software testing, not legal limits"
ENV-0001313,M005,ENV-ST-M005-03,CO,0.71,mg/m3,,4,24.165435,82.670478,2026-07-25T22:00:00,DEMO_MONITORING_FEED,COMPLIANT,0,DEMO_CONFIGURATION,"Configured thresholds are synthetic for software testing, not legal limits"
ENV-0001314,M005,ENV-ST-M005-01,pH,7.24,pH,6.5,8.5,24.164223,82.681556,2026-07-25T06:00:00,DEMO_MONITORING_FEED,COMPLIANT,0,DEMO_CONFIGURATION,"Configured thresholds are synthetic for software testing, not legal limits"
ENV-0001315,M005,ENV-ST-M005-01,TSS,39.39,mg/L,,100,24.173558,82.682486,2026-07-25T22:00:00,DEMO_MONITORING_FEED,COMPLIANT,0,DEMO_CONFIGURATION,"Configured thresholds are synthetic for software testing, not legal limits"
ENV-0001316,M005,ENV-ST-M005-02,TDS,712.91,mg/L,,2100,24.173009,82.682257,2026-07-25T14:00:00,DEMO_MONITORING_FEED,COMPLIANT,0,DEMO_CONFIGURATION,"Configured thresholds are synthetic for software testing, not legal limits"
ENV-0001317,M005,ENV-ST-M005-01,COD,92.74,mg/L,,250,24.174564,82.68541,2026-07-25T14:00:00,DEMO_MONITORING_FEED,COMPLIANT,0,DEMO_CONFIGURATION,"Configured thresholds are synthetic for software testing, not legal limits"
ENV-0001318,M005,ENV-ST-M005-01,BOD,9.62,mg/L,,30,24.16653,82.68109,2026-07-25T14:00:00,DEMO_MONITORING_FEED,COMPLIANT,0,DEMO_CONFIGURATION,"Configured thresholds are synthetic for software testing, not legal limits"
ENV-0001319,M005,ENV-ST-M005-02,Oil_Grease,2.28,mg/L,,10,24.169549,82.676247,2026-07-25T22:00:00,DEMO_MONITORING_FEED,COMPLIANT,0,DEMO_CONFIGURATION,"Configured thresholds are synthetic for software testing, not legal limits"
ENV-0001320,M005,ENV-ST-M005-02,Noise,47.87,dB(A),,85,24.178896,82.676805,2026-07-25T14:00:00,DEMO_MONITORING_FEED,COMPLIANT,0,DEMO_CONFIGURATION,"Configured thresholds are synthetic for software testing, not legal limits"
ENV-0001321,M005,ENV-ST-M005-02,PM2.5,19.01,ug/m3,,60,24.170656,82.688696,2026-07-22T14:00:00,DEMO_MONITORING_FEED,COMPLIANT,0,DEMO_CONFIGURATION,"Configured thresholds are synthetic for software testing, not legal limits"
ENV-0001322,M005,ENV-ST-M005-02,PM10,57.78,ug/m3,,100,24.162538,82.671506,2026-07-22T22:00:00,DEMO_MONITORING_FEED,COMPLIANT,0,DEMO_CONFIGURATION,"Configured thresholds are synthetic for software testing, not legal limits"
ENV-0001323,M005,ENV-ST-M005-02,SO2,24.16,ug/m3,,80,24.160191,82.673174,2026-07-22T06:00:00,DEMO_MONITORING_FEED,COMPLIANT,0,DEMO_CONFIGURATION,"Configured thresholds are synthetic for software testing, not legal limits"
ENV-0001324,M005,ENV-ST-M005-02,NO2,29.16,ug/m3,,80,24.170207,82.675845,2026-07-22T06:00:00,DEMO_MONITORING_FEED,COMPLIANT,0,DEMO_CONFIGURATION,"Configured thresholds are synthetic for software testing, not legal limits"
ENV-0001325,M005,ENV-ST-M005-01,CO,0.96,mg/m3,,4,24.165557,82.679512,2026-07-22T22:00:00,DEMO_MONITORING_FEED,COMPLIANT,0,DEMO_CONFIGURATION,"Configured thresholds are synthetic for software testing, not legal limits"
ENV-0001326,M005,ENV-ST-M005-03,pH,7.38,pH,6.5,8.5,24.163301,82.688336,2026-07-22T14:00:00,DEMO_MONITORING_FEED,COMPLIANT,0,DEMO_CONFIGURATION,"Configured thresholds are synthetic for software testing, not legal limits"
ENV-0001327,M005,ENV-ST-M005-02,TSS,37.02,mg/L,,100,24.166931,82.683988,2026-07-22T14:00:00,DEMO_MONITORING_FEED,COMPLIANT,0,DEMO_CONFIGURATION,"Configured thresholds are synthetic for software testing, not legal limits"
ENV-0001328,M005,ENV-ST-M005-01,TDS,613.61,mg/L,,2100,24.1787,82.682448,2026-07-22T06:00:00,DEMO_MONITORING_FEED,COMPLIANT,0,DEMO_CONFIGURATION,"Configured thresholds are synthetic for software testing, not legal limits"
ENV-0001329,M005,ENV-ST-M005-01,COD,102.38,mg/L,,250,24.176565,82.677032,2026-07-22T14:00:00,DEMO_MONITORING_FEED,COMPLIANT,0,DEMO_CONFIGURATION,"Configured thresholds are synthetic for software testing, not legal limits"
ENV-0001330,M005,ENV-ST-M005-02,BOD,9.6,mg/L,,30,24.163932,82.689368,2026-07-22T22:00:00,DEMO_MONITORING_FEED,COMPLIANT,0,DEMO_CONFIGURATION,"Configured thresholds are synthetic for software testing, not legal limits"
ENV-0001331,M005,ENV-ST-M005-02,Oil_Grease,3.24,mg/L,,10,24.165642,82.682379,2026-07-22T22:00:00,DEMO_MONITORING_FEED,COMPLIANT,0,DEMO_CONFIGURATION,"Configured thresholds are synthetic for software testing, not legal limits"
ENV-0001332,M005,ENV-ST-M005-01,Noise,58.2,dB(A),,85,24.176156,82.683661,2026-07-22T22:00:00,DEMO_MONITORING_FEED,COMPLIANT,0,DEMO_CONFIGURATION,"Configured thresholds are synthetic for software testing, not legal limits"
ENV-0001333,M005,ENV-ST-M005-01,PM2.5,23.68,ug/m3,,60,24.169196,82.687324,2026-07-19T06:00:00,DEMO_MONITORING_FEED,COMPLIANT,0,DEMO_CONFIGURATION,"Configured thresholds are synthetic for software testing, not legal limits"
ENV-0001334,M005,ENV-ST-M005-02,PM10,56.72,ug/m3,,100,24.17239,82.683009,2026-07-19T06:00:00,DEMO_MONITORING_FEED,COMPLIANT,0,DEMO_CONFIGURATION,"Configured thresholds are synthetic for software testing, not legal limits"
ENV-0001335,M005,ENV-ST-M005-03,SO2,32.06,ug/m3,,80,24.178609,82.688366,2026-07-19T06:00:00,DEMO_MONITORING_FEED,COMPLIANT,0,DEMO_CONFIGURATION,"Configured thresholds are synthetic for software testing, not legal limits"
ENV-0001336,M005,ENV-ST-M005-02,NO2,22.79,ug/m3,,80,24.176536,82.683087,2026-07-19T22:00:00,DEMO_MONITORING_FEED,COMPLIANT,0,DEMO_CONFIGURATION,"Configured thresholds are synthetic for software testing, not legal limits"
ENV-0001337,M005,ENV-ST-M005-03,CO,0.96,mg/m3,,4,24.17071,82.682951,2026-07-19T22:00:00,DEMO_MONITORING_FEED,COMPLIANT,0,DEMO_CONFIGURATION,"Configured thresholds are synthetic for software testing, not legal limits"
ENV-0001338,M005,ENV-ST-M005-01,pH,7.33,pH,6.5,8.5,24.165685,82.685325,2026-07-19T14:00:00,DEMO_MONITORING_FEED,COMPLIANT,0,DEMO_CONFIGURATION,"Configured thresholds are synthetic for software testing, not legal limits"
ENV-0001339,M005,ENV-ST-M005-01,TSS,40.11,mg/L,,100,24.175503,82.687988,2026-07-19T14:00:00,DEMO_MONITORING_FEED,COMPLIANT,0,DEMO_CONFIGURATION,"Configured thresholds are synthetic for software testing, not legal limits"
ENV-0001340,M005,ENV-ST-M005-03,TDS,623.11,mg/L,,2100,24.162727,82.673402,2026-07-19T22:00:00,DEMO_MONITORING_FEED,COMPLIANT,0,DEMO_CONFIGURATION,"Configured thresholds are synthetic for software testing, not legal limits"
ENV-0001341,M005,ENV-ST-M005-03,COD,59.65,mg/L,,250,24.160228,82.685434,2026-07-19T14:00:00,DEMO_MONITORING_FEED,COMPLIANT,0,DEMO_CONFIGURATION,"Configured thresholds are synthetic for software testing, not legal limits"
ENV-0001342,M005,ENV-ST-M005-03,BOD,15.29,mg/L,,30,24.17197,82.686731,2026-07-19T22:00:00,DEMO_MONITORING_FEED,COMPLIANT,0,DEMO_CONFIGURATION,"Configured thresholds are synthetic for software testing, not legal limits"
ENV-0001343,M005,ENV-ST-M005-03,Oil_Grease,3.48,mg/L,,10,24.161616,82.681374,2026-07-19T06:00:00,DEMO_MONITORING_FEED,COMPLIANT,0,DEMO_CONFIGURATION,"Configured thresholds are synthetic for software testing, not legal limits"
ENV-0001344,M005,ENV-ST-M005-01,Noise,49.14,dB(A),,85,24.162588,82.679779,2026-07-19T14:00:00,DEMO_MONITORING_FEED,COMPLIANT,0,DEMO_CONFIGURATION,"Configured thresholds are synthetic for software testing, not legal limits"
ENV-0001345,M005,ENV-ST-M005-02,PM2.5,23.02,ug/m3,,60,24.160702,82.673769,2026-07-16T14:00:00,DEMO_MONITORING_FEED,COMPLIANT,0,DEMO_CONFIGURATION,"Configured thresholds are synthetic for software testing, not legal limits"
ENV-0001346,M005,ENV-ST-M005-01,PM10,55.55,ug/m3,,100,24.170291,82.670295,2026-07-16T06:00:00,DEMO_MONITORING_FEED,COMPLIANT,0,DEMO_CONFIGURATION,"Configured thresholds are synthetic for software testing, not legal limits"
ENV-0001347,M005,ENV-ST-M005-02,SO2,14.14,ug/m3,,80,24.161572,82.680358,2026-07-16T06:00:00,DEMO_MONITORING_FEED,COMPLIANT,0,DEMO_CONFIGURATION,"Configured thresholds are synthetic for software testing, not legal limits"
ENV-0001348,M005,ENV-ST-M005-01,NO2,36.72,ug/m3,,80,24.160356,82.676622,2026-07-16T22:00:00,DEMO_MONITORING_FEED,COMPLIANT,0,DEMO_CONFIGURATION,"Configured thresholds are synthetic for software testing, not legal limits"
ENV-0001349,M005,ENV-ST-M005-01,CO,0.88,mg/m3,,4,24.16346,82.676956,2026-07-16T14:00:00,DEMO_MONITORING_FEED,COMPLIANT,0,DEMO_CONFIGURATION,"Configured thresholds are synthetic for software testing, not legal limits"
ENV-0001350,M005,ENV-ST-M005-03,pH,7.84,pH,6.5,8.5,24.166958,82.68596,2026-07-16T06:00:00,DEMO_MONITORING_FEED,COMPLIANT,0,DEMO_CONFIGURATION,"Configured thresholds are synthetic for software testing, not legal limits"
ENV-0001351,M005,ENV-ST-M005-02,TSS,58.77,mg/L,,100,24.164294,82.679342,2026-07-16T14:00:00,DEMO_MONITORING_FEED,COMPLIANT,0,DEMO_CONFIGURATION,"Configured thresholds are synthetic for software testing, not legal limits"
ENV-0001352,M005,ENV-ST-M005-03,TDS,496.71,mg/L,,2100,24.168294,82.676082,2026-07-16T22:00:00,DEMO_MONITORING_FEED,COMPLIANT,0,DEMO_CONFIGURATION,"Configured thresholds are synthetic for software testing, not legal limits"
ENV-0001353,M005,ENV-ST-M005-03,COD,74.69,mg/L,,250,24.171867,82.674888,2026-07-16T06:00:00,DEMO_MONITORING_FEED,COMPLIANT,0,DEMO_CONFIGURATION,"Configured thresholds are synthetic for software testing, not legal limits"
ENV-0001354,M005,ENV-ST-M005-01,BOD,12.12,mg/L,,30,24.165119,82.678076,2026-07-16T14:00:00,DEMO_MONITORING_FEED,COMPLIANT,0,DEMO_CONFIGURATION,"Configured thresholds are synthetic for software testing, not legal limits"
ENV-0001355,M005,ENV-ST-M005-01,Oil_Grease,2.97,mg/L,,10,24.175165,82.684966,2026-07-16T14:00:00,DEMO_MONITORING_FEED,COMPLIANT,0,DEMO_CONFIGURATION,"Configured thresholds are synthetic for software testing, not legal limits"
ENV-0001356,M005,ENV-ST-M005-03,Noise,41.9,dB(A),,85,24.175439,82.678942,2026-07-16T22:00:00,DEMO_MONITORING_FEED,COMPLIANT,0,DEMO_CONFIGURATION,"Configured thresholds are synthetic for software testing, not legal limits"
ENV-0001357,M005,ENV-ST-M005-01,PM2.5,21.53,ug/m3,,60,24.160548,82.671289,2026-07-13T22:00:00,DEMO_MONITORING_FEED,COMPLIANT,0,DEMO_CONFIGURATION,"Configured thresholds are synthetic for software testing, not legal limits"
ENV-0001358,M005,ENV-ST-M005-02,PM10,42.06,ug/m3,,100,24.161256,82.678784,2026-07-13T06:00:00,DEMO_MONITORING_FEED,COMPLIANT,0,DEMO_CONFIGURATION,"Configured thresholds are synthetic for software testing, not legal limits"
ENV-0001359,M005,ENV-ST-M005-01,SO2,25.06,ug/m3,,80,24.173592,82.687806,2026-07-13T06:00:00,DEMO_MONITORING_FEED,COMPLIANT,0,DEMO_CONFIGURATION,"Configured thresholds are synthetic for software testing, not legal limits"
ENV-0001360,M005,ENV-ST-M005-01,NO2,32.51,ug/m3,,80,24.168108,82.676623,2026-07-13T14:00:00,DEMO_MONITORING_FEED,COMPLIANT,0,DEMO_CONFIGURATION,"Configured thresholds are synthetic for software testing, not legal limits"
ENV-0001361,M005,ENV-ST-M005-01,CO,1.24,mg/m3,,4,24.16511,82.677817,2026-07-13T22:00:00,DEMO_MONITORING_FEED,COMPLIANT,0,DEMO_CONFIGURATION,"Configured thresholds are synthetic for software testing, not legal limits"
ENV-0001362,M005,ENV-ST-M005-03,pH,7.42,pH,6.5,8.5,24.164049,82.686764,2026-07-13T06:00:00,DEMO_MONITORING_FEED,COMPLIANT,0,DEMO_CONFIGURATION,"Configured thresholds are synthetic for software testing, not legal limits"
ENV-0001363,M005,ENV-ST-M005-01,TSS,38.6,mg/L,,100,24.162327,82.673945,2026-07-13T22:00:00,DEMO_MONITORING_FEED,COMPLIANT,0,DEMO_CONFIGURATION,"Configured thresholds are synthetic for software testing, not legal limits"
ENV-0001364,M005,ENV-ST-M005-02,TDS,503.15,mg/L,,2100,24.167681,82.68417,2026-07-13T22:00:00,DEMO_MONITORING_FEED,COMPLIANT,0,DEMO_CONFIGURATION,"Configured thresholds are synthetic for software testing, not legal limits"
ENV-0001365,M005,ENV-ST-M005-03,COD,67.81,mg/L,,250,24.169596,82.687903,2026-07-13T14:00:00,DEMO_MONITORING_FEED,COMPLIANT,0,DEMO_CONFIGURATION,"Configured thresholds are synthetic for software testing, not legal limits"
ENV-0001366,M005,ENV-ST-M005-03,BOD,9.69,mg/L,,30,24.164811,82.679869,2026-07-13T22:00:00,DEMO_MONITORING_FEED,COMPLIANT,0,DEMO_CONFIGURATION,"Configured thresholds are synthetic for software testing, not legal limits"
ENV-0001367,M005,ENV-ST-M005-01,Oil_Grease,3.14,mg/L,,10,24.175795,82.686171,2026-07-13T06:00:00,DEMO_MONITORING_FEED,COMPLIANT,0,DEMO_CONFIGURATION,"Configured thresholds are synthetic for software testing, not legal limits"
ENV-0001368,M005,ENV-ST-M005-01,Noise,58.02,dB(A),,85,24.163419,82.675469,2026-07-13T14:00:00,DEMO_MONITORING_FEED,COMPLIANT,0,DEMO_CONFIGURATION,"Configured thresholds are synthetic for software testing, not legal limits"
ENV-0001369,M005,ENV-ST-M005-01,PM2.5,32.54,ug/m3,,60,24.171972,82.676722,2026-07-10T06:00:00,DEMO_MONITORING_FEED,COMPLIANT,0,DEMO_CONFIGURATION,"Configured thresholds are synthetic for software testing, not legal limits"
ENV-0001370,M005,ENV-ST-M005-03,PM10,53.29,ug/m3,,100,24.168333,82.673274,2026-07-10T22:00:00,DEMO_MONITORING_FEED,COMPLIANT,0,DEMO_CONFIGURATION,"Configured thresholds are synthetic for software testing, not legal limits"
ENV-0001371,M005,ENV-ST-M005-01,SO2,19.09,ug/m3,,80,24.163491,82.689716,2026-07-10T22:00:00,DEMO_MONITORING_FEED,COMPLIANT,0,DEMO_CONFIGURATION,"Configured thresholds are synthetic for software testing, not legal limits"
ENV-0001372,M005,ENV-ST-M005-02,NO2,21.63,ug/m3,,80,24.177167,82.677288,2026-07-10T06:00:00,DEMO_MONITORING_FEED,COMPLIANT,0,DEMO_CONFIGURATION,"Configured thresholds are synthetic for software testing, not legal limits"
ENV-0001373,M005,ENV-ST-M005-02,CO,1.36,mg/m3,,4,24.171141,82.681439,2026-07-10T22:00:00,DEMO_MONITORING_FEED,COMPLIANT,0,DEMO_CONFIGURATION,"Configured thresholds are synthetic for software testing, not legal limits"
ENV-0001374,M005,ENV-ST-M005-01,pH,7.05,pH,6.5,8.5,24.170543,82.674343,2026-07-10T14:00:00,DEMO_MONITORING_FEED,COMPLIANT,0,DEMO_CONFIGURATION,"Configured thresholds are synthetic for software testing, not legal limits"
ENV-0001375,M005,ENV-ST-M005-01,TSS,41.73,mg/L,,100,24.164043,82.688157,2026-07-10T14:00:00,DEMO_MONITORING_FEED,COMPLIANT,0,DEMO_CONFIGURATION,"Configured thresholds are synthetic for software testing, not legal limits"
ENV-0001376,M005,ENV-ST-M005-03,TDS,601.5,mg/L,,2100,24.169351,82.684447,2026-07-10T22:00:00,DEMO_MONITORING_FEED,COMPLIANT,0,DEMO_CONFIGURATION,"Configured thresholds are synthetic for software testing, not legal limits"
ENV-0001377,M005,ENV-ST-M005-02,COD,115.21,mg/L,,250,24.178473,82.685448,2026-07-10T06:00:00,DEMO_MONITORING_FEED,COMPLIANT,0,DEMO_CONFIGURATION,"Configured thresholds are synthetic for software testing, not legal limits"
ENV-0001378,M005,ENV-ST-M005-01,BOD,13.26,mg/L,,30,24.176396,82.689728,2026-07-10T14:00:00,DEMO_MONITORING_FEED,COMPLIANT,0,DEMO_CONFIGURATION,"Configured thresholds are synthetic for software testing, not legal limits"
ENV-0001379,M005,ENV-ST-M005-03,Oil_Grease,2.61,mg/L,,10,24.171376,82.671182,2026-07-10T14:00:00,DEMO_MONITORING_FEED,COMPLIANT,0,DEMO_CONFIGURATION,"Configured thresholds are synthetic for software testing, not legal limits"
ENV-0001380,M005,ENV-ST-M005-03,Noise,54.36,dB(A),,85,24.170674,82.689396,2026-07-10T22:00:00,DEMO_MONITORING_FEED,COMPLIANT,0,DEMO_CONFIGURATION,"Configured thresholds are synthetic for software testing, not legal limits"
ENV-0001381,M005,ENV-ST-M005-01,PM2.5,18.57,ug/m3,,60,24.176835,82.680771,2026-07-07T06:00:00,DEMO_MONITORING_FEED,COMPLIANT,0,DEMO_CONFIGURATION,"Configured thresholds are synthetic for software testing, not legal limits"
ENV-0001382,M005,ENV-ST-M005-02,PM10,54.25,ug/m3,,100,24.161726,82.683951,2026-07-07T22:00:00,DEMO_MONITORING_FEED,COMPLIANT,0,DEMO_CONFIGURATION,"Configured thresholds are synthetic for software testing, not legal limits"
ENV-0001383,M005,ENV-ST-M005-03,SO2,28.03,ug/m3,,80,24.17122,82.682362,2026-07-07T22:00:00,DEMO_MONITORING_FEED,COMPLIANT,0,DEMO_CONFIGURATION,"Configured thresholds are synthetic for software testing, not legal limits"
ENV-0001384,M005,ENV-ST-M005-02,NO2,23.89,ug/m3,,80,24.177653,82.672521,2026-07-07T22:00:00,DEMO_MONITORING_FEED,COMPLIANT,0,DEMO_CONFIGURATION,"Configured thresholds are synthetic for software testing, not legal limits"
ENV-0001385,M005,ENV-ST-M005-02,CO,1.4,mg/m3,,4,24.170663,82.674351,2026-07-07T14:00:00,DEMO_MONITORING_FEED,COMPLIANT,0,DEMO_CONFIGURATION,"Configured thresholds are synthetic for software testing, not legal limits"
ENV-0001386,M005,ENV-ST-M005-01,pH,7.06,pH,6.5,8.5,24.165755,82.689938,2026-07-07T06:00:00,DEMO_MONITORING_FEED,COMPLIANT,0,DEMO_CONFIGURATION,"Configured thresholds are synthetic for software testing, not legal limits"
ENV-0001387,M005,ENV-ST-M005-02,TSS,31.72,mg/L,,100,24.169757,82.675579,2026-07-07T06:00:00,DEMO_MONITORING_FEED,COMPLIANT,0,DEMO_CONFIGURATION,"Configured thresholds are synthetic for software testing, not legal limits"
ENV-0001388,M005,ENV-ST-M005-01,TDS,684.29,mg/L,,2100,24.176957,82.688078,2026-07-07T14:00:00,DEMO_MONITORING_FEED,COMPLIANT,0,DEMO_CONFIGURATION,"Configured thresholds are synthetic for software testing, not legal limits"
ENV-0001389,M005,ENV-ST-M005-02,COD,103.24,mg/L,,250,24.177285,82.670261,2026-07-07T14:00:00,DEMO_MONITORING_FEED,COMPLIANT,0,DEMO_CONFIGURATION,"Configured thresholds are synthetic for software testing, not legal limits"
ENV-0001390,M005,ENV-ST-M005-01,BOD,7.97,mg/L,,30,24.176381,82.671626,2026-07-07T14:00:00,DEMO_MONITORING_FEED,COMPLIANT,0,DEMO_CONFIGURATION,"Configured thresholds are synthetic for software testing, not legal limits"
ENV-0001391,M005,ENV-ST-M005-03,Oil_Grease,1.71,mg/L,,10,24.176329,82.68939,2026-07-07T14:00:00,DEMO_MONITORING_FEED,COMPLIANT,0,DEMO_CONFIGURATION,"Configured thresholds are synthetic for software testing, not legal limits"
ENV-0001392,M005,ENV-ST-M005-03,Noise,68.08,dB(A),,85,24.171494,82.680131,2026-07-07T14:00:00,DEMO_MONITORING_FEED,COMPLIANT,0,DEMO_CONFIGURATION,"Configured thresholds are synthetic for software testing, not legal limits"
ENV-0001393,M005,ENV-ST-M005-03,PM2.5,26.6,ug/m3,,60,24.172192,82.682931,2026-07-04T14:00:00,DEMO_MONITORING_FEED,COMPLIANT,0,DEMO_CONFIGURATION,"Configured thresholds are synthetic for software testing, not legal limits"
ENV-0001394,M005,ENV-ST-M005-01,PM10,50.82,ug/m3,,100,24.166109,82.687219,2026-07-04T22:00:00,DEMO_MONITORING_FEED,COMPLIANT,0,DEMO_CONFIGURATION,"Configured thresholds are synthetic for software testing, not legal limits"
ENV-0001395,M005,ENV-ST-M005-03,SO2,27.69,ug/m3,,80,24.178545,82.671898,2026-07-04T06:00:00,DEMO_MONITORING_FEED,COMPLIANT,0,DEMO_CONFIGURATION,"Configured thresholds are synthetic for software testing, not legal limits"
ENV-0001396,M005,ENV-ST-M005-03,NO2,33.07,ug/m3,,80,24.179447,82.683278,2026-07-04T22:00:00,DEMO_MONITORING_FEED,COMPLIANT,0,DEMO_CONFIGURATION,"Configured thresholds are synthetic for software testing, not legal limits"
ENV-0001397,M005,ENV-ST-M005-02,CO,0.3,mg/m3,,4,24.178904,82.688397,2026-07-04T06:00:00,DEMO_MONITORING_FEED,COMPLIANT,0,DEMO_CONFIGURATION,"Configured thresholds are synthetic for software testing, not legal limits"
ENV-0001398,M005,ENV-ST-M005-02,pH,6.9,pH,6.5,8.5,24.16592,82.673132,2026-07-04T14:00:00,DEMO_MONITORING_FEED,COMPLIANT,0,DEMO_CONFIGURATION,"Configured thresholds are synthetic for software testing, not legal limits"
ENV-0001399,M005,ENV-ST-M005-03,TSS,41.6,mg/L,,100,24.162945,82.689412,2026-07-04T22:00:00,DEMO_MONITORING_FEED,COMPLIANT,0,DEMO_CONFIGURATION,"Configured thresholds are synthetic for software testing, not legal limits"
ENV-0001400,M005,ENV-ST-M005-03,TDS,731.72,mg/L,,2100,24.165498,82.684076,2026-07-04T06:00:00,DEMO_MONITORING_FEED,COMPLIANT,0,DEMO_CONFIGURATION,"Configured thresholds are synthetic for software testing, not legal limits"
ENV-0001401,M005,ENV-ST-M005-01,COD,67.83,mg/L,,250,24.162037,82.68986,2026-07-04T06:00:00,DEMO_MONITORING_FEED,COMPLIANT,0,DEMO_CONFIGURATION,"Configured thresholds are synthetic for software testing, not legal limits"
ENV-0001402,M005,ENV-ST-M005-01,BOD,11.42,mg/L,,30,24.172292,82.677007,2026-07-04T22:00:00,DEMO_MONITORING_FEED,COMPLIANT,0,DEMO_CONFIGURATION,"Configured thresholds are synthetic for software testing, not legal limits"
ENV-0001403,M005,ENV-ST-M005-01,Oil_Grease,1.0,mg/L,,10,24.174116,82.686797,2026-07-04T22:00:00,DEMO_MONITORING_FEED,COMPLIANT,0,DEMO_CONFIGURATION,"Configured thresholds are synthetic for software testing, not legal limits"
ENV-0001404,M005,ENV-ST-M005-02,Noise,38.88,dB(A),,85,24.170973,82.687608,2026-07-04T06:00:00,DEMO_MONITORING_FEED,COMPLIANT,0,DEMO_CONFIGURATION,"Configured thresholds are synthetic for software testing, not legal limits"
ENV-0001405,M005,ENV-ST-M005-01,PM2.5,28.46,ug/m3,,60,24.162189,82.672534,2026-07-01T14:00:00,DEMO_MONITORING_FEED,COMPLIANT,0,DEMO_CONFIGURATION,"Configured thresholds are synthetic for software testing, not legal limits"
ENV-0001406,M005,ENV-ST-M005-01,PM10,54.86,ug/m3,,100,24.176999,82.675341,2026-07-01T22:00:00,DEMO_MONITORING_FEED,COMPLIANT,0,DEMO_CONFIGURATION,"Configured thresholds are synthetic for software testing, not legal limits"
ENV-0001407,M005,ENV-ST-M005-01,SO2,24.65,ug/m3,,80,24.171111,82.679283,2026-07-01T22:00:00,DEMO_MONITORING_FEED,COMPLIANT,0,DEMO_CONFIGURATION,"Configured thresholds are synthetic for software testing, not legal limits"
ENV-0001408,M005,ENV-ST-M005-01,NO2,19.98,ug/m3,,80,24.174431,82.674056,2026-07-01T06:00:00,DEMO_MONITORING_FEED,COMPLIANT,0,DEMO_CONFIGURATION,"Configured thresholds are synthetic for software testing, not legal limits"
ENV-0001409,M005,ENV-ST-M005-02,CO,1.03,mg/m3,,4,24.161156,82.679321,2026-07-01T14:00:00,DEMO_MONITORING_FEED,COMPLIANT,0,DEMO_CONFIGURATION,"Configured thresholds are synthetic for software testing, not legal limits"
ENV-0001410,M005,ENV-ST-M005-01,pH,7.32,pH,6.5,8.5,24.178401,82.675735,2026-07-01T14:00:00,DEMO_MONITORING_FEED,COMPLIANT,0,DEMO_CONFIGURATION,"Configured thresholds are synthetic for software testing, not legal limits"
ENV-0001411,M005,ENV-ST-M005-02,TSS,40.95,mg/L,,100,24.178381,82.689182,2026-07-01T06:00:00,DEMO_MONITORING_FEED,COMPLIANT,0,DEMO_CONFIGURATION,"Configured thresholds are synthetic for software testing, not legal limits"
ENV-0001412,M005,ENV-ST-M005-03,TDS,826.46,mg/L,,2100,24.172048,82.675295,2026-07-01T22:00:00,DEMO_MONITORING_FEED,COMPLIANT,0,DEMO_CONFIGURATION,"Configured thresholds are synthetic for software testing, not legal limits"
ENV-0001413,M005,ENV-ST-M005-03,COD,62.03,mg/L,,250,24.168024,82.682661,2026-07-01T06:00:00,DEMO_MONITORING_FEED,COMPLIANT,0,DEMO_CONFIGURATION,"Configured thresholds are synthetic for software testing, not legal limits"
ENV-0001414,M005,ENV-ST-M005-01,BOD,7.6,mg/L,,30,24.166159,82.677467,2026-07-01T14:00:00,DEMO_MONITORING_FEED,COMPLIANT,0,DEMO_CONFIGURATION,"Configured thresholds are synthetic for software testing, not legal limits"
ENV-0001415,M005,ENV-ST-M005-02,Oil_Grease,2.29,mg/L,,10,24.169794,82.674805,2026-07-01T06:00:00,DEMO_MONITORING_FEED,COMPLIANT,0,DEMO_CONFIGURATION,"Configured thresholds are synthetic for software testing, not legal limits"
ENV-0001416,M005,ENV-ST-M005-03,Noise,51.94,dB(A),,85,24.162168,82.675242,2026-07-01T22:00:00,DEMO_MONITORING_FEED,COMPLIANT,0,DEMO_CONFIGURATION,"Configured thresholds are synthetic for software testing, not legal limits"
ENV-0001417,M005,ENV-ST-M005-03,PM2.5,27.33,ug/m3,,60,24.162065,82.686321,2026-06-28T22:00:00,DEMO_MONITORING_FEED,COMPLIANT,0,DEMO_CONFIGURATION,"Configured thresholds are synthetic for software testing, not legal limits"
ENV-0001418,M005,ENV-ST-M005-03,PM10,51.99,ug/m3,,100,24.170169,82.670766,2026-06-28T22:00:00,DEMO_MONITORING_FEED,COMPLIANT,0,DEMO_CONFIGURATION,"Configured thresholds are synthetic for software testing, not legal limits"
ENV-0001419,M005,ENV-ST-M005-02,SO2,29.04,ug/m3,,80,24.161712,82.680422,2026-06-28T06:00:00,DEMO_MONITORING_FEED,COMPLIANT,0,DEMO_CONFIGURATION,"Configured thresholds are synthetic for software testing, not legal limits"
ENV-0001420,M005,ENV-ST-M005-01,NO2,25.44,ug/m3,,80,24.168577,82.689367,2026-06-28T14:00:00,DEMO_MONITORING_FEED,COMPLIANT,0,DEMO_CONFIGURATION,"Configured thresholds are synthetic for software testing, not legal limits"
ENV-0001421,M005,ENV-ST-M005-01,CO,0.53,mg/m3,,4,24.179226,82.688034,2026-06-28T06:00:00,DEMO_MONITORING_FEED,COMPLIANT,0,DEMO_CONFIGURATION,"Configured thresholds are synthetic for software testing, not legal limits"
ENV-0001422,M005,ENV-ST-M005-02,pH,7.23,pH,6.5,8.5,24.171524,82.689462,2026-06-28T06:00:00,DEMO_MONITORING_FEED,COMPLIANT,0,DEMO_CONFIGURATION,"Configured thresholds are synthetic for software testing, not legal limits"
ENV-0001423,M005,ENV-ST-M005-03,TSS,42.81,mg/L,,100,24.16737,82.689323,2026-06-28T06:00:00,DEMO_MONITORING_FEED,COMPLIANT,0,DEMO_CONFIGURATION,"Configured thresholds are synthetic for software testing, not legal limits"
ENV-0001424,M005,ENV-ST-M005-02,TDS,681.31,mg/L,,2100,24.176115,82.672986,2026-06-28T14:00:00,DEMO_MONITORING_FEED,COMPLIANT,0,DEMO_CONFIGURATION,"Configured thresholds are synthetic for software testing, not legal limits"
ENV-0001425,M005,ENV-ST-M005-02,COD,124.07,mg/L,,250,24.178259,82.6836,2026-06-28T06:00:00,DEMO_MONITORING_FEED,COMPLIANT,0,DEMO_CONFIGURATION,"Configured thresholds are synthetic for software testing, not legal limits"
ENV-0001426,M005,ENV-ST-M005-01,BOD,10.03,mg/L,,30,24.178033,82.671789,2026-06-28T22:00:00,DEMO_MONITORING_FEED,COMPLIANT,0,DEMO_CONFIGURATION,"Configured thresholds are synthetic for software testing, not legal limits"
ENV-0001427,M005,ENV-ST-M005-02,Oil_Grease,2.7,mg/L,,10,24.161538,82.68325,2026-06-28T06:00:00,DEMO_MONITORING_FEED,COMPLIANT,0,DEMO_CONFIGURATION,"Configured thresholds are synthetic for software testing, not legal limits"
ENV-0001428,M005,ENV-ST-M005-01,Noise,56.59,dB(A),,85,24.160901,82.684417,2026-06-28T22:00:00,DEMO_MONITORING_FEED,COMPLIANT,0,DEMO_CONFIGURATION,"Configured thresholds are synthetic for software testing, not legal limits"
ENV-0001429,M005,ENV-ST-M005-02,PM2.5,26.43,ug/m3,,60,24.168261,82.68209,2026-06-25T22:00:00,DEMO_MONITORING_FEED,COMPLIANT,0,DEMO_CONFIGURATION,"Configured thresholds are synthetic for software testing, not legal limits"
ENV-0001430,M005,ENV-ST-M005-02,PM10,49.16,ug/m3,,100,24.167147,82.685269,2026-06-25T14:00:00,DEMO_MONITORING_FEED,COMPLIANT,0,DEMO_CONFIGURATION,"Configured thresholds are synthetic for software testing, not legal limits"
ENV-0001431,M005,ENV-ST-M005-02,SO2,20.4,ug/m3,,80,24.164774,82.67143,2026-06-25T14:00:00,DEMO_MONITORING_FEED,COMPLIANT,0,DEMO_CONFIGURATION,"Configured thresholds are synthetic for software testing, not legal limits"
ENV-0001432,M005,ENV-ST-M005-01,NO2,21.78,ug/m3,,80,24.172824,82.671039,2026-06-25T06:00:00,DEMO_MONITORING_FEED,COMPLIANT,0,DEMO_CONFIGURATION,"Configured thresholds are synthetic for software testing, not legal limits"
ENV-0001433,M005,ENV-ST-M005-02,CO,0.26,mg/m3,,4,24.162573,82.673741,2026-06-25T22:00:00,DEMO_MONITORING_FEED,COMPLIANT,0,DEMO_CONFIGURATION,"Configured thresholds are synthetic for software testing, not legal limits"
ENV-0001434,M005,ENV-ST-M005-01,pH,7.07,pH,6.5,8.5,24.171619,82.67546,2026-06-25T22:00:00,DEMO_MONITORING_FEED,COMPLIANT,0,DEMO_CONFIGURATION,"Configured thresholds are synthetic for software testing, not legal limits"
ENV-0001435,M005,ENV-ST-M005-01,TSS,46.94,mg/L,,100,24.172056,82.677568,2026-06-25T22:00:00,DEMO_MONITORING_FEED,COMPLIANT,0,DEMO_CONFIGURATION,"Configured thresholds are synthetic for software testing, not legal limits"
ENV-0001436,M005,ENV-ST-M005-03,TDS,685.47,mg/L,,2100,24.177516,82.670766,2026-06-25T06:00:00,DEMO_MONITORING_FEED,COMPLIANT,0,DEMO_CONFIGURATION,"Configured thresholds are synthetic for software testing, not legal limits"
ENV-0001437,M005,ENV-ST-M005-01,COD,101.36,mg/L,,250,24.162217,82.67103,2026-06-25T14:00:00,DEMO_MONITORING_FEED,COMPLIANT,0,DEMO_CONFIGURATION,"Configured thresholds are synthetic for software testing, not legal limits"
ENV-0001438,M005,ENV-ST-M005-01,BOD,8.3,mg/L,,30,24.178375,82.670504,2026-06-25T14:00:00,DEMO_MONITORING_FEED,COMPLIANT,0,DEMO_CONFIGURATION,"Configured thresholds are synthetic for software testing, not legal limits"
ENV-0001439,M005,ENV-ST-M005-03,Oil_Grease,0.89,mg/L,,10,24.16523,82.688397,2026-06-25T14:00:00,DEMO_MONITORING_FEED,COMPLIANT,0,DEMO_CONFIGURATION,"Configured thresholds are synthetic for software testing, not legal limits"
ENV-0001440,M005,ENV-ST-M005-01,Noise,38.72,dB(A),,85,24.175363,82.684341,2026-06-25T14:00:00,DEMO_MONITORING_FEED,COMPLIANT,0,DEMO_CONFIGURATION,"Configured thresholds are synthetic for software testing, not legal limits"
ENV-0001441,M006,ENV-ST-M006-01,PM2.5,44.87,ug/m3,,60,20.011529,79.304997,2026-09-02T14:00:00,DEMO_MONITORING_FEED,COMPLIANT,0,DEMO_CONFIGURATION,"Configured thresholds are synthetic for software testing, not legal limits"
ENV-0001442,M006,ENV-ST-M006-02,PM10,93.98,ug/m3,,100,20.0173,79.299836,2026-09-02T06:00:00,DEMO_MONITORING_FEED,COMPLIANT,0,DEMO_CONFIGURATION,"Configured thresholds are synthetic for software testing, not legal limits"
ENV-0001443,M006,ENV-ST-M006-01,SO2,47.71,ug/m3,,80,20.003121,79.29593,2026-09-02T22:00:00,DEMO_MONITORING_FEED,COMPLIANT,0,DEMO_CONFIGURATION,"Configured thresholds are synthetic for software testing, not legal limits"
ENV-0001444,M006,ENV-ST-M006-01,NO2,29.65,ug/m3,,80,20.00603,79.30808,2026-09-02T22:00:00,DEMO_MONITORING_FEED,COMPLIANT,0,DEMO_CONFIGURATION,"Configured thresholds are synthetic for software testing, not legal limits"
ENV-0001445,M006,ENV-ST-M006-03,CO,0.84,mg/m3,,4,20.014487,79.29424,2026-09-02T22:00:00,DEMO_MONITORING_FEED,COMPLIANT,0,DEMO_CONFIGURATION,"Configured thresholds are synthetic for software testing, not legal limits"
ENV-0001446,M006,ENV-ST-M006-02,pH,7.43,pH,6.5,8.5,20.010732,79.295211,2026-09-02T06:00:00,DEMO_MONITORING_FEED,COMPLIANT,0,DEMO_CONFIGURATION,"Configured thresholds are synthetic for software testing, not legal limits"
ENV-0001447,M006,ENV-ST-M006-01,TSS,46.22,mg/L,,100,20.00965,79.293399,2026-09-02T22:00:00,DEMO_MONITORING_FEED,COMPLIANT,0,DEMO_CONFIGURATION,"Configured thresholds are synthetic for software testing, not legal limits"
ENV-0001448,M006,ENV-ST-M006-02,TDS,1233.73,mg/L,,2100,20.007122,79.292851,2026-09-02T14:00:00,DEMO_MONITORING_FEED,COMPLIANT,0,DEMO_CONFIGURATION,"Configured thresholds are synthetic for software testing, not legal limits"
ENV-0001449,M006,ENV-ST-M006-02,COD,133.78,mg/L,,250,20.01306,79.29903,2026-09-02T22:00:00,DEMO_MONITORING_FEED,COMPLIANT,0,DEMO_CONFIGURATION,"Configured thresholds are synthetic for software testing, not legal limits"
ENV-0001450,M006,ENV-ST-M006-02,BOD,17.98,mg/L,,30,20.006204,79.293387,2026-09-02T22:00:00,DEMO_MONITORING_FEED,COMPLIANT,0,DEMO_CONFIGURATION,"Configured thresholds are synthetic for software testing, not legal limits"
ENV-0001451,M006,ENV-ST-M006-03,Oil_Grease,3.03,mg/L,,10,20.014591,79.297741,2026-09-02T06:00:00,DEMO_MONITORING_FEED,COMPLIANT,0,DEMO_CONFIGURATION,"Configured thresholds are synthetic for software testing, not legal limits"
ENV-0001452,M006,ENV-ST-M006-02,Noise,77.68,dB(A),,85,20.014394,79.309506,2026-09-02T06:00:00,DEMO_MONITORING_FEED,COMPLIANT,0,DEMO_CONFIGURATION,"Configured thresholds are synthetic for software testing, not legal limits"
ENV-0001453,M006,ENV-ST-M006-01,PM2.5,43.27,ug/m3,,60,20.000455,79.290701,2026-08-30T22:00:00,DEMO_MONITORING_FEED,COMPLIANT,0,DEMO_CONFIGURATION,"Configured thresholds are synthetic for software testing, not legal limits"
ENV-0001454,M006,ENV-ST-M006-03,PM10,45.73,ug/m3,,100,20.006075,79.303433,2026-08-30T14:00:00,DEMO_MONITORING_FEED,COMPLIANT,0,DEMO_CONFIGURATION,"Configured thresholds are synthetic for software testing, not legal limits"
ENV-0001455,M006,ENV-ST-M006-01,SO2,28.06,ug/m3,,80,20.006463,79.308854,2026-08-30T14:00:00,DEMO_MONITORING_FEED,COMPLIANT,0,DEMO_CONFIGURATION,"Configured thresholds are synthetic for software testing, not legal limits"
ENV-0001456,M006,ENV-ST-M006-01,NO2,54.84,ug/m3,,80,20.003879,79.292553,2026-08-30T14:00:00,DEMO_MONITORING_FEED,COMPLIANT,0,DEMO_CONFIGURATION,"Configured thresholds are synthetic for software testing, not legal limits"
ENV-0001457,M006,ENV-ST-M006-02,CO,0.78,mg/m3,,4,20.019353,79.300815,2026-08-30T14:00:00,DEMO_MONITORING_FEED,COMPLIANT,0,DEMO_CONFIGURATION,"Configured thresholds are synthetic for software testing, not legal limits"
ENV-0001458,M006,ENV-ST-M006-02,pH,7.36,pH,6.5,8.5,20.012459,79.297027,2026-08-30T14:00:00,DEMO_MONITORING_FEED,COMPLIANT,0,DEMO_CONFIGURATION,"Configured thresholds are synthetic for software testing, not legal limits"
ENV-0001459,M006,ENV-ST-M006-01,TSS,59.99,mg/L,,100,20.003025,79.305286,2026-08-30T14:00:00,DEMO_MONITORING_FEED,COMPLIANT,0,DEMO_CONFIGURATION,"Configured thresholds are synthetic for software testing, not legal limits"
ENV-0001460,M006,ENV-ST-M006-01,TDS,729.66,mg/L,,2100,20.004577,79.292404,2026-08-30T06:00:00,DEMO_MONITORING_FEED,COMPLIANT,0,DEMO_CONFIGURATION,"Configured thresholds are synthetic for software testing, not legal limits"
ENV-0001461,M006,ENV-ST-M006-02,COD,119.64,mg/L,,250,20.009839,79.298938,2026-08-30T22:00:00,DEMO_MONITORING_FEED,COMPLIANT,0,DEMO_CONFIGURATION,"Configured thresholds are synthetic for software testing, not legal limits"
ENV-0001462,M006,ENV-ST-M006-03,BOD,12.48,mg/L,,30,20.013753,79.302655,2026-08-30T22:00:00,DEMO_MONITORING_FEED,COMPLIANT,0,DEMO_CONFIGURATION,"Configured thresholds are synthetic for software testing, not legal limits"
ENV-0001463,M006,ENV-ST-M006-03,Oil_Grease,4.11,mg/L,,10,20.013901,79.304489,2026-08-30T06:00:00,DEMO_MONITORING_FEED,COMPLIANT,0,DEMO_CONFIGURATION,"Configured thresholds are synthetic for software testing, not legal limits"
ENV-0001464,M006,ENV-ST-M006-01,Noise,71.9,dB(A),,85,20.019659,79.293599,2026-08-30T14:00:00,DEMO_MONITORING_FEED,COMPLIANT,0,DEMO_CONFIGURATION,"Configured thresholds are synthetic for software testing, not legal limits"
ENV-0001465,M006,ENV-ST-M006-01,PM2.5,51.72,ug/m3,,60,20.00241,79.303851,2026-08-27T06:00:00,DEMO_MONITORING_FEED,COMPLIANT,0,DEMO_CONFIGURATION,"Configured thresholds are synthetic for software testing, not legal limits"
ENV-0001466,M006,ENV-ST-M006-02,PM10,81.12,ug/m3,,100,20.005556,79.306685,2026-08-27T14:00:00,DEMO_MONITORING_FEED,COMPLIANT,0,DEMO_CONFIGURATION,"Configured thresholds are synthetic for software testing, not legal limits"
ENV-0001467,M006,ENV-ST-M006-01,SO2,72.01,ug/m3,,80,20.016232,79.307312,2026-08-27T06:00:00,DEMO_MONITORING_FEED,COMPLIANT,0,DEMO_CONFIGURATION,"Configured thresholds are synthetic for software testing, not legal limits"
ENV-0001468,M006,ENV-ST-M006-02,NO2,38.06,ug/m3,,80,20.00534,79.291639,2026-08-27T06:00:00,DEMO_MONITORING_FEED,COMPLIANT,0,DEMO_CONFIGURATION,"Configured thresholds are synthetic for software testing, not legal limits"
ENV-0001469,M006,ENV-ST-M006-01,CO,0.39,mg/m3,,4,20.001538,79.296431,2026-08-27T14:00:00,DEMO_MONITORING_FEED,COMPLIANT,0,DEMO_CONFIGURATION,"Configured thresholds are synthetic for software testing, not legal limits"
ENV-0001470,M006,ENV-ST-M006-03,pH,9.1,pH,6.5,8.5,20.018858,79.302995,2026-08-27T14:00:00,DEMO_MONITORING_FEED,EXCEEDED,30.0,DEMO_CONFIGURATION,"Configured thresholds are synthetic for software testing, not legal limits"
ENV-0001471,M006,ENV-ST-M006-01,TSS,60.15,mg/L,,100,20.016275,79.308412,2026-08-27T14:00:00,DEMO_MONITORING_FEED,COMPLIANT,0,DEMO_CONFIGURATION,"Configured thresholds are synthetic for software testing, not legal limits"
ENV-0001472,M006,ENV-ST-M006-02,TDS,972.31,mg/L,,2100,20.007976,79.291626,2026-08-27T14:00:00,DEMO_MONITORING_FEED,COMPLIANT,0,DEMO_CONFIGURATION,"Configured thresholds are synthetic for software testing, not legal limits"
ENV-0001473,M006,ENV-ST-M006-03,COD,161.27,mg/L,,250,20.00546,79.293805,2026-08-27T22:00:00,DEMO_MONITORING_FEED,COMPLIANT,0,DEMO_CONFIGURATION,"Configured thresholds are synthetic for software testing, not legal limits"
ENV-0001474,M006,ENV-ST-M006-03,BOD,12.06,mg/L,,30,20.013614,79.300598,2026-08-27T22:00:00,DEMO_MONITORING_FEED,COMPLIANT,0,DEMO_CONFIGURATION,"Configured thresholds are synthetic for software testing, not legal limits"
ENV-0001475,M006,ENV-ST-M006-02,Oil_Grease,3.93,mg/L,,10,20.018738,79.299493,2026-08-27T06:00:00,DEMO_MONITORING_FEED,COMPLIANT,0,DEMO_CONFIGURATION,"Configured thresholds are synthetic for software testing, not legal limits"
ENV-0001476,M006,ENV-ST-M006-01,Noise,64.28,dB(A),,85,20.01849,79.297706,2026-08-27T06:00:00,DEMO_MONITORING_FEED,COMPLIANT,0,DEMO_CONFIGURATION,"Configured thresholds are synthetic for software testing, not legal limits"
ENV-0001477,M006,ENV-ST-M006-02,PM2.5,46.85,ug/m3,,60,20.018768,79.299634,2026-08-24T06:00:00,DEMO_MONITORING_FEED,COMPLIANT,0,DEMO_CONFIGURATION,"Configured thresholds are synthetic for software testing, not legal limits"
ENV-0001478,M006,ENV-ST-M006-03,PM10,91.06,ug/m3,,100,20.002406,79.303788,2026-08-24T06:00:00,DEMO_MONITORING_FEED,COMPLIANT,0,DEMO_CONFIGURATION,"Configured thresholds are synthetic for software testing, not legal limits"
ENV-0001479,M006,ENV-ST-M006-03,SO2,27.88,ug/m3,,80,20.003079,79.300641,2026-08-24T22:00:00,DEMO_MONITORING_FEED,COMPLIANT,0,DEMO_CONFIGURATION,"Configured thresholds are synthetic for software testing, not legal limits"
ENV-0001480,M006,ENV-ST-M006-02,NO2,41.36,ug/m3,,80,20.017956,79.295674,2026-08-24T06:00:00,DEMO_MONITORING_FEED,COMPLIANT,0,DEMO_CONFIGURATION,"Configured thresholds are synthetic for software testing, not legal limits"
ENV-0001481,M006,ENV-ST-M006-01,CO,1.69,mg/m3,,4,20.008355,79.291843,2026-08-24T14:00:00,DEMO_MONITORING_FEED,COMPLIANT,0,DEMO_CONFIGURATION,"Configured thresholds are synthetic for software testing, not legal limits"
ENV-0001482,M006,ENV-ST-M006-02,pH,7.44,pH,6.5,8.5,20.010018,79.307782,2026-08-24T14:00:00,DEMO_MONITORING_FEED,COMPLIANT,0,DEMO_CONFIGURATION,"Configured thresholds are synthetic for software testing, not legal limits"
ENV-0001483,M006,ENV-ST-M006-01,TSS,65.01,mg/L,,100,20.001389,79.303068,2026-08-24T14:00:00,DEMO_MONITORING_FEED,COMPLIANT,0,DEMO_CONFIGURATION,"Configured thresholds are synthetic for software testing, not legal limits"
ENV-0001484,M006,ENV-ST-M006-02,TDS,592.37,mg/L,,2100,20.001366,79.301513,2026-08-24T22:00:00,DEMO_MONITORING_FEED,COMPLIANT,0,DEMO_CONFIGURATION,"Configured thresholds are synthetic for software testing, not legal limits"
ENV-0001485,M006,ENV-ST-M006-02,COD,106.57,mg/L,,250,20.005152,79.30515,2026-08-24T14:00:00,DEMO_MONITORING_FEED,COMPLIANT,0,DEMO_CONFIGURATION,"Configured thresholds are synthetic for software testing, not legal limits"
ENV-0001486,M006,ENV-ST-M006-03,BOD,8.48,mg/L,,30,20.005443,79.30918,2026-08-24T06:00:00,DEMO_MONITORING_FEED,COMPLIANT,0,DEMO_CONFIGURATION,"Configured thresholds are synthetic for software testing, not legal limits"
ENV-0001487,M006,ENV-ST-M006-03,Oil_Grease,4.49,mg/L,,10,20.011791,79.303586,2026-08-24T06:00:00,DEMO_MONITORING_FEED,COMPLIANT,0,DEMO_CONFIGURATION,"Configured thresholds are synthetic for software testing, not legal limits"
ENV-0001488,M006,ENV-ST-M006-01,Noise,86.34,dB(A),,85,20.003751,79.308448,2026-08-24T22:00:00,DEMO_MONITORING_FEED,EXCEEDED,1.6,DEMO_CONFIGURATION,"Configured thresholds are synthetic for software testing, not legal limits"
ENV-0001489,M006,ENV-ST-M006-01,PM2.5,50.12,ug/m3,,60,20.011274,79.309981,2026-08-21T22:00:00,DEMO_MONITORING_FEED,COMPLIANT,0,DEMO_CONFIGURATION,"Configured thresholds are synthetic for software testing, not legal limits"
ENV-0001490,M006,ENV-ST-M006-03,PM10,79.99,ug/m3,,100,20.004675,79.297077,2026-08-21T22:00:00,DEMO_MONITORING_FEED,COMPLIANT,0,DEMO_CONFIGURATION,"Configured thresholds are synthetic for software testing, not legal limits"
ENV-0001491,M006,ENV-ST-M006-03,SO2,24.42,ug/m3,,80,20.006,79.290605,2026-08-21T22:00:00,DEMO_MONITORING_FEED,COMPLIANT,0,DEMO_CONFIGURATION,"Configured thresholds are synthetic for software testing, not legal limits"
ENV-0001492,M006,ENV-ST-M006-02,NO2,34.07,ug/m3,,80,20.015544,79.295286,2026-08-21T06:00:00,DEMO_MONITORING_FEED,COMPLIANT,0,DEMO_CONFIGURATION,"Configured thresholds are synthetic for software testing, not legal limits"
ENV-0001493,M006,ENV-ST-M006-02,CO,1.45,mg/m3,,4,20.005462,79.300965,2026-08-21T14:00:00,DEMO_MONITORING_FEED,COMPLIANT,0,DEMO_CONFIGURATION,"Configured thresholds are synthetic for software testing, not legal limits"
ENV-0001494,M006,ENV-ST-M006-03,pH,7.93,pH,6.5,8.5,20.001547,79.292741,2026-08-21T22:00:00,DEMO_MONITORING_FEED,COMPLIANT,0,DEMO_CONFIGURATION,"Configured thresholds are synthetic for software testing, not legal limits"
ENV-0001495,M006,ENV-ST-M006-01,TSS,34.71,mg/L,,100,20.00502,79.293676,2026-08-21T14:00:00,DEMO_MONITORING_FEED,COMPLIANT,0,DEMO_CONFIGURATION,"Configured thresholds are synthetic for software testing, not legal limits"
ENV-0001496,M006,ENV-ST-M006-03,TDS,647.62,mg/L,,2100,20.016364,79.301534,2026-08-21T14:00:00,DEMO_MONITORING_FEED,COMPLIANT,0,DEMO_CONFIGURATION,"Configured thresholds are synthetic for software testing, not legal limits"
ENV-0001497,M006,ENV-ST-M006-02,COD,141.19,mg/L,,250,20.017063,79.302574,2026-08-21T06:00:00,DEMO_MONITORING_FEED,COMPLIANT,0,DEMO_CONFIGURATION,"Configured thresholds are synthetic for software testing, not legal limits"
ENV-0001498,M006,ENV-ST-M006-02,BOD,24.82,mg/L,,30,20.001638,79.290877,2026-08-21T14:00:00,DEMO_MONITORING_FEED,COMPLIANT,0,DEMO_CONFIGURATION,"Configured thresholds are synthetic for software testing, not legal limits"
ENV-0001499,M006,ENV-ST-M006-01,Oil_Grease,4.25,mg/L,,10,20.004762,79.296342,2026-08-21T14:00:00,DEMO_MONITORING_FEED,COMPLIANT,0,DEMO_CONFIGURATION,"Configured thresholds are synthetic for software testing, not legal limits"
ENV-0001500,M006,ENV-ST-M006-03,Noise,74.26,dB(A),,85,20.018815,79.297295,2026-08-21T22:00:00,DEMO_MONITORING_FEED,COMPLIANT,0,DEMO_CONFIGURATION,"Configured thresholds are synthetic for software testing, not legal limits"
ENV-0001501,M006,ENV-ST-M006-02,PM2.5,39.1,ug/m3,,60,20.009649,79.296002,2026-08-18T22:00:00,DEMO_MONITORING_FEED,COMPLIANT,0,DEMO_CONFIGURATION,"Configured thresholds are synthetic for software testing, not legal limits"
ENV-0001502,M006,ENV-ST-M006-03,PM10,61.97,ug/m3,,100,20.019087,79.299508,2026-08-18T06:00:00,DEMO_MONITORING_FEED,COMPLIANT,0,DEMO_CONFIGURATION,"Configured thresholds are synthetic for software testing, not legal limits"
ENV-0001503,M006,ENV-ST-M006-02,SO2,33.06,ug/m3,,80,20.009867,79.300072,2026-08-18T06:00:00,DEMO_MONITORING_FEED,COMPLIANT,0,DEMO_CONFIGURATION,"Configured thresholds are synthetic for software testing, not legal limits"
ENV-0001504,M006,ENV-ST-M006-03,NO2,39.92,ug/m3,,80,20.010709,79.303977,2026-08-18T06:00:00,DEMO_MONITORING_FEED,COMPLIANT,0,DEMO_CONFIGURATION,"Configured thresholds are synthetic for software testing, not legal limits"
ENV-0001505,M006,ENV-ST-M006-03,CO,1.74,mg/m3,,4,20.011064,79.307091,2026-08-18T22:00:00,DEMO_MONITORING_FEED,COMPLIANT,0,DEMO_CONFIGURATION,"Configured thresholds are synthetic for software testing, not legal limits"
ENV-0001506,M006,ENV-ST-M006-03,pH,6.66,pH,6.5,8.5,20.01495,79.299557,2026-08-18T14:00:00,DEMO_MONITORING_FEED,COMPLIANT,0,DEMO_CONFIGURATION,"Configured thresholds are synthetic for software testing, not legal limits"
ENV-0001507,M006,ENV-ST-M006-03,TSS,99.16,mg/L,,100,20.016621,79.291708,2026-08-18T06:00:00,DEMO_MONITORING_FEED,COMPLIANT,0,DEMO_CONFIGURATION,"Configured thresholds are synthetic for software testing, not legal limits"
ENV-0001508,M006,ENV-ST-M006-01,TDS,1013.55,mg/L,,2100,20.013552,79.308209,2026-08-18T22:00:00,DEMO_MONITORING_FEED,COMPLIANT,0,DEMO_CONFIGURATION,"Configured thresholds are synthetic for software testing, not legal limits"
ENV-0001509,M006,ENV-ST-M006-03,COD,105.89,mg/L,,250,20.000928,79.300271,2026-08-18T06:00:00,DEMO_MONITORING_FEED,COMPLIANT,0,DEMO_CONFIGURATION,"Configured thresholds are synthetic for software testing, not legal limits"
ENV-0001510,M006,ENV-ST-M006-01,BOD,15.99,mg/L,,30,20.002803,79.296058,2026-08-18T22:00:00,DEMO_MONITORING_FEED,COMPLIANT,0,DEMO_CONFIGURATION,"Configured thresholds are synthetic for software testing, not legal limits"
ENV-0001511,M006,ENV-ST-M006-03,Oil_Grease,4.63,mg/L,,10,20.011361,79.291291,2026-08-18T06:00:00,DEMO_MONITORING_FEED,COMPLIANT,0,DEMO_CONFIGURATION,"Configured thresholds are synthetic for software testing, not legal limits"
ENV-0001512,M006,ENV-ST-M006-02,Noise,80.42,dB(A),,85,20.004432,79.291724,2026-08-18T06:00:00,DEMO_MONITORING_FEED,COMPLIANT,0,DEMO_CONFIGURATION,"Configured thresholds are synthetic for software testing, not legal limits"
ENV-0001513,M006,ENV-ST-M006-02,PM2.5,30.18,ug/m3,,60,20.014318,79.297646,2026-08-15T06:00:00,DEMO_MONITORING_FEED,COMPLIANT,0,DEMO_CONFIGURATION,"Configured thresholds are synthetic for software testing, not legal limits"
ENV-0001514,M006,ENV-ST-M006-01,PM10,85.52,ug/m3,,100,20.007721,79.300612,2026-08-15T22:00:00,DEMO_MONITORING_FEED,COMPLIANT,0,DEMO_CONFIGURATION,"Configured thresholds are synthetic for software testing, not legal limits"
ENV-0001515,M006,ENV-ST-M006-03,SO2,27.3,ug/m3,,80,20.014551,79.300726,2026-08-15T06:00:00,DEMO_MONITORING_FEED,COMPLIANT,0,DEMO_CONFIGURATION,"Configured thresholds are synthetic for software testing, not legal limits"
ENV-0001516,M006,ENV-ST-M006-03,NO2,43.18,ug/m3,,80,20.006553,79.299342,2026-08-15T06:00:00,DEMO_MONITORING_FEED,COMPLIANT,0,DEMO_CONFIGURATION,"Configured thresholds are synthetic for software testing, not legal limits"
ENV-0001517,M006,ENV-ST-M006-03,CO,1.5,mg/m3,,4,20.004644,79.308357,2026-08-15T22:00:00,DEMO_MONITORING_FEED,COMPLIANT,0,DEMO_CONFIGURATION,"Configured thresholds are synthetic for software testing, not legal limits"
ENV-0001518,M006,ENV-ST-M006-01,pH,6.58,pH,6.5,8.5,20.014918,79.306425,2026-08-15T22:00:00,DEMO_MONITORING_FEED,COMPLIANT,0,DEMO_CONFIGURATION,"Configured thresholds are synthetic for software testing, not legal limits"
ENV-0001519,M006,ENV-ST-M006-01,TSS,98.08,mg/L,,100,20.01566,79.291333,2026-08-15T14:00:00,DEMO_MONITORING_FEED,COMPLIANT,0,DEMO_CONFIGURATION,"Configured thresholds are synthetic for software testing, not legal limits"
ENV-0001520,M006,ENV-ST-M006-02,TDS,715.25,mg/L,,2100,20.007766,79.29903,2026-08-15T14:00:00,DEMO_MONITORING_FEED,COMPLIANT,0,DEMO_CONFIGURATION,"Configured thresholds are synthetic for software testing, not legal limits"
ENV-0001521,M006,ENV-ST-M006-01,COD,109.87,mg/L,,250,20.007502,79.301199,2026-08-15T06:00:00,DEMO_MONITORING_FEED,COMPLIANT,0,DEMO_CONFIGURATION,"Configured thresholds are synthetic for software testing, not legal limits"
ENV-0001522,M006,ENV-ST-M006-03,BOD,21.08,mg/L,,30,20.003097,79.296961,2026-08-15T06:00:00,DEMO_MONITORING_FEED,COMPLIANT,0,DEMO_CONFIGURATION,"Configured thresholds are synthetic for software testing, not legal limits"
ENV-0001523,M006,ENV-ST-M006-03,Oil_Grease,4.66,mg/L,,10,20.000391,79.295964,2026-08-15T06:00:00,DEMO_MONITORING_FEED,COMPLIANT,0,DEMO_CONFIGURATION,"Configured thresholds are synthetic for software testing, not legal limits"
ENV-0001524,M006,ENV-ST-M006-03,Noise,91.21,dB(A),,85,20.001007,79.292791,2026-08-15T22:00:00,DEMO_MONITORING_FEED,EXCEEDED,7.3,DEMO_CONFIGURATION,"Configured thresholds are synthetic for software testing, not legal limits"
ENV-0001525,M006,ENV-ST-M006-01,PM2.5,47.99,ug/m3,,60,20.014728,79.303413,2026-08-12T22:00:00,DEMO_MONITORING_FEED,COMPLIANT,0,DEMO_CONFIGURATION,"Configured thresholds are synthetic for software testing, not legal limits"
ENV-0001526,M006,ENV-ST-M006-01,PM10,67.87,ug/m3,,100,20.018048,79.308112,2026-08-12T06:00:00,DEMO_MONITORING_FEED,COMPLIANT,0,DEMO_CONFIGURATION,"Configured thresholds are synthetic for software testing, not legal limits"
ENV-0001527,M006,ENV-ST-M006-03,SO2,36.03,ug/m3,,80,20.000879,79.299702,2026-08-12T06:00:00,DEMO_MONITORING_FEED,COMPLIANT,0,DEMO_CONFIGURATION,"Configured thresholds are synthetic for software testing, not legal limits"
ENV-0001528,M006,ENV-ST-M006-02,NO2,45.76,ug/m3,,80,20.002219,79.298163,2026-08-12T06:00:00,DEMO_MONITORING_FEED,COMPLIANT,0,DEMO_CONFIGURATION,"Configured thresholds are synthetic for software testing, not legal limits"
ENV-0001529,M006,ENV-ST-M006-01,CO,1.0,mg/m3,,4,20.003525,79.308261,2026-08-12T14:00:00,DEMO_MONITORING_FEED,COMPLIANT,0,DEMO_CONFIGURATION,"Configured thresholds are synthetic for software testing, not legal limits"
ENV-0001530,M006,ENV-ST-M006-01,pH,6.65,pH,6.5,8.5,20.016556,79.292564,2026-08-12T06:00:00,DEMO_MONITORING_FEED,COMPLIANT,0,DEMO_CONFIGURATION,"Configured thresholds are synthetic for software testing, not legal limits"
ENV-0001531,M006,ENV-ST-M006-03,TSS,48.74,mg/L,,100,20.008872,79.306919,2026-08-12T22:00:00,DEMO_MONITORING_FEED,COMPLIANT,0,DEMO_CONFIGURATION,"Configured thresholds are synthetic for software testing, not legal limits"
ENV-0001532,M006,ENV-ST-M006-03,TDS,938.52,mg/L,,2100,20.005191,79.290581,2026-08-12T14:00:00,DEMO_MONITORING_FEED,COMPLIANT,0,DEMO_CONFIGURATION,"Configured thresholds are synthetic for software testing, not legal limits"
ENV-0001533,M006,ENV-ST-M006-01,COD,94.37,mg/L,,250,20.014946,79.306273,2026-08-12T06:00:00,DEMO_MONITORING_FEED,COMPLIANT,0,DEMO_CONFIGURATION,"Configured thresholds are synthetic for software testing, not legal limits"
ENV-0001534,M006,ENV-ST-M006-01,BOD,26.75,mg/L,,30,20.003765,79.299905,2026-08-12T14:00:00,DEMO_MONITORING_FEED,COMPLIANT,0,DEMO_CONFIGURATION,"Configured thresholds are synthetic for software testing, not legal limits"
ENV-0001535,M006,ENV-ST-M006-01,Oil_Grease,5.91,mg/L,,10,20.017314,79.291397,2026-08-12T22:00:00,DEMO_MONITORING_FEED,COMPLIANT,0,DEMO_CONFIGURATION,"Configured thresholds are synthetic for software testing, not legal limits"
ENV-0001536,M006,ENV-ST-M006-02,Noise,68.16,dB(A),,85,20.013064,79.307179,2026-08-12T06:00:00,DEMO_MONITORING_FEED,COMPLIANT,0,DEMO_CONFIGURATION,"Configured thresholds are synthetic for software testing, not legal limits"
ENV-0001537,M006,ENV-ST-M006-03,PM2.5,44.63,ug/m3,,60,20.019632,79.296704,2026-08-09T22:00:00,DEMO_MONITORING_FEED,COMPLIANT,0,DEMO_CONFIGURATION,"Configured thresholds are synthetic for software testing, not legal limits"
ENV-0001538,M006,ENV-ST-M006-01,PM10,55.65,ug/m3,,100,20.001627,79.29378,2026-08-09T22:00:00,DEMO_MONITORING_FEED,COMPLIANT,0,DEMO_CONFIGURATION,"Configured thresholds are synthetic for software testing, not legal limits"
ENV-0001539,M006,ENV-ST-M006-02,SO2,34.66,ug/m3,,80,20.001089,79.304862,2026-08-09T22:00:00,DEMO_MONITORING_FEED,COMPLIANT,0,DEMO_CONFIGURATION,"Configured thresholds are synthetic for software testing, not legal limits"
ENV-0001540,M006,ENV-ST-M006-03,NO2,43.77,ug/m3,,80,20.011439,79.306807,2026-08-09T22:00:00,DEMO_MONITORING_FEED,COMPLIANT,0,DEMO_CONFIGURATION,"Configured thresholds are synthetic for software testing, not legal limits"
ENV-0001541,M006,ENV-ST-M006-02,CO,1.39,mg/m3,,4,20.019925,79.30371,2026-08-09T22:00:00,DEMO_MONITORING_FEED,COMPLIANT,0,DEMO_CONFIGURATION,"Configured thresholds are synthetic for software testing, not legal limits"
ENV-0001542,M006,ENV-ST-M006-03,pH,7.4,pH,6.5,8.5,20.003319,79.301258,2026-08-09T22:00:00,DEMO_MONITORING_FEED,COMPLIANT,0,DEMO_CONFIGURATION,"Configured thresholds are synthetic for software testing, not legal limits"
ENV-0001543,M006,ENV-ST-M006-02,TSS,58.18,mg/L,,100,20.006825,79.303758,2026-08-09T06:00:00,DEMO_MONITORING_FEED,COMPLIANT,0,DEMO_CONFIGURATION,"Configured thresholds are synthetic for software testing, not legal limits"
ENV-0001544,M006,ENV-ST-M006-02,TDS,473.9,mg/L,,2100,20.012948,79.29596,2026-08-09T06:00:00,DEMO_MONITORING_FEED,COMPLIANT,0,DEMO_CONFIGURATION,"Configured thresholds are synthetic for software testing, not legal limits"
ENV-0001545,M006,ENV-ST-M006-02,COD,155.14,mg/L,,250,20.004496,79.303116,2026-08-09T14:00:00,DEMO_MONITORING_FEED,COMPLIANT,0,DEMO_CONFIGURATION,"Configured thresholds are synthetic for software testing, not legal limits"
ENV-0001546,M006,ENV-ST-M006-02,BOD,13.76,mg/L,,30,20.004018,79.293192,2026-08-09T14:00:00,DEMO_MONITORING_FEED,COMPLIANT,0,DEMO_CONFIGURATION,"Configured thresholds are synthetic for software testing, not legal limits"
ENV-0001547,M006,ENV-ST-M006-01,Oil_Grease,5.43,mg/L,,10,20.000564,79.309742,2026-08-09T14:00:00,DEMO_MONITORING_FEED,COMPLIANT,0,DEMO_CONFIGURATION,"Configured thresholds are synthetic for software testing, not legal limits"
ENV-0001548,M006,ENV-ST-M006-03,Noise,71.21,dB(A),,85,20.005544,79.290092,2026-08-09T22:00:00,DEMO_MONITORING_FEED,COMPLIANT,0,DEMO_CONFIGURATION,"Configured thresholds are synthetic for software testing, not legal limits"
ENV-0001549,M006,ENV-ST-M006-03,PM2.5,41.85,ug/m3,,60,20.01153,79.308904,2026-08-06T22:00:00,DEMO_MONITORING_FEED,COMPLIANT,0,DEMO_CONFIGURATION,"Configured thresholds are synthetic for software testing, not legal limits"
ENV-0001550,M006,ENV-ST-M006-03,PM10,84.35,ug/m3,,100,20.016479,79.302143,2026-08-06T06:00:00,DEMO_MONITORING_FEED,COMPLIANT,0,DEMO_CONFIGURATION,"Configured thresholds are synthetic for software testing, not legal limits"
ENV-0001551,M006,ENV-ST-M006-01,SO2,42.26,ug/m3,,80,20.018762,79.298557,2026-08-06T06:00:00,DEMO_MONITORING_FEED,COMPLIANT,0,DEMO_CONFIGURATION,"Configured thresholds are synthetic for software testing, not legal limits"
ENV-0001552,M006,ENV-ST-M006-02,NO2,38.61,ug/m3,,80,20.007786,79.294814,2026-08-06T06:00:00,DEMO_MONITORING_FEED,COMPLIANT,0,DEMO_CONFIGURATION,"Configured thresholds are synthetic for software testing, not legal limits"
ENV-0001553,M006,ENV-ST-M006-03,CO,0.54,mg/m3,,4,20.015012,79.291907,2026-08-06T06:00:00,DEMO_MONITORING_FEED,COMPLIANT,0,DEMO_CONFIGURATION,"Configured thresholds are synthetic for software testing, not legal limits"
ENV-0001554,M006,ENV-ST-M006-03,pH,7.15,pH,6.5,8.5,20.018384,79.290396,2026-08-06T14:00:00,DEMO_MONITORING_FEED,COMPLIANT,0,DEMO_CONFIGURATION,"Configured thresholds are synthetic for software testing, not legal limits"
ENV-0001555,M006,ENV-ST-M006-03,TSS,81.33,mg/L,,100,20.006333,79.301024,2026-08-06T06:00:00,DEMO_MONITORING_FEED,COMPLIANT,0,DEMO_CONFIGURATION,"Configured thresholds are synthetic for software testing, not legal limits"
ENV-0001556,M006,ENV-ST-M006-01,TDS,1124.64,mg/L,,2100,20.001481,79.308222,2026-08-06T14:00:00,DEMO_MONITORING_FEED,COMPLIANT,0,DEMO_CONFIGURATION,"Configured thresholds are synthetic for software testing, not legal limits"
ENV-0001557,M006,ENV-ST-M006-01,COD,194.54,mg/L,,250,20.01285,79.304291,2026-08-06T22:00:00,DEMO_MONITORING_FEED,COMPLIANT,0,DEMO_CONFIGURATION,"Configured thresholds are synthetic for software testing, not legal limits"
ENV-0001558,M006,ENV-ST-M006-03,BOD,21.38,mg/L,,30,20.017132,79.297928,2026-08-06T14:00:00,DEMO_MONITORING_FEED,COMPLIANT,0,DEMO_CONFIGURATION,"Configured thresholds are synthetic for software testing, not legal limits"
ENV-0001559,M006,ENV-ST-M006-02,Oil_Grease,4.11,mg/L,,10,20.017716,79.302101,2026-08-06T22:00:00,DEMO_MONITORING_FEED,COMPLIANT,0,DEMO_CONFIGURATION,"Configured thresholds are synthetic for software testing, not legal limits"
ENV-0001560,M006,ENV-ST-M006-03,Noise,50.48,dB(A),,85,20.009499,79.291469,2026-08-06T22:00:00,DEMO_MONITORING_FEED,COMPLIANT,0,DEMO_CONFIGURATION,"Configured thresholds are synthetic for software testing, not legal limits"
ENV-0001561,M006,ENV-ST-M006-02,PM2.5,44.2,ug/m3,,60,20.01751,79.304485,2026-08-03T14:00:00,DEMO_MONITORING_FEED,COMPLIANT,0,DEMO_CONFIGURATION,"Configured thresholds are synthetic for software testing, not legal limits"
ENV-0001562,M006,ENV-ST-M006-01,PM10,90.97,ug/m3,,100,20.013383,79.301029,2026-08-03T14:00:00,DEMO_MONITORING_FEED,COMPLIANT,0,DEMO_CONFIGURATION,"Configured thresholds are synthetic for software testing, not legal limits"
ENV-0001563,M006,ENV-ST-M006-01,SO2,35.73,ug/m3,,80,20.001719,79.298382,2026-08-03T06:00:00,DEMO_MONITORING_FEED,COMPLIANT,0,DEMO_CONFIGURATION,"Configured thresholds are synthetic for software testing, not legal limits"
ENV-0001564,M006,ENV-ST-M006-03,NO2,50.99,ug/m3,,80,20.009354,79.290683,2026-08-03T14:00:00,DEMO_MONITORING_FEED,COMPLIANT,0,DEMO_CONFIGURATION,"Configured thresholds are synthetic for software testing, not legal limits"
ENV-0001565,M006,ENV-ST-M006-03,CO,1.01,mg/m3,,4,20.014203,79.297894,2026-08-03T22:00:00,DEMO_MONITORING_FEED,COMPLIANT,0,DEMO_CONFIGURATION,"Configured thresholds are synthetic for software testing, not legal limits"
ENV-0001566,M006,ENV-ST-M006-02,pH,7.01,pH,6.5,8.5,20.018348,79.302254,2026-08-03T14:00:00,DEMO_MONITORING_FEED,COMPLIANT,0,DEMO_CONFIGURATION,"Configured thresholds are synthetic for software testing, not legal limits"
ENV-0001567,M006,ENV-ST-M006-03,TSS,49.35,mg/L,,100,20.01122,79.304947,2026-08-03T06:00:00,DEMO_MONITORING_FEED,COMPLIANT,0,DEMO_CONFIGURATION,"Configured thresholds are synthetic for software testing, not legal limits"
ENV-0001568,M006,ENV-ST-M006-03,TDS,548.85,mg/L,,2100,20.007833,79.306526,2026-08-03T06:00:00,DEMO_MONITORING_FEED,COMPLIANT,0,DEMO_CONFIGURATION,"Configured thresholds are synthetic for software testing, not legal limits"
ENV-0001569,M006,ENV-ST-M006-02,COD,90.65,mg/L,,250,20.014221,79.292343,2026-08-03T14:00:00,DEMO_MONITORING_FEED,COMPLIANT,0,DEMO_CONFIGURATION,"Configured thresholds are synthetic for software testing, not legal limits"
ENV-0001570,M006,ENV-ST-M006-02,BOD,17.76,mg/L,,30,20.001673,79.305428,2026-08-03T22:00:00,DEMO_MONITORING_FEED,COMPLIANT,0,DEMO_CONFIGURATION,"Configured thresholds are synthetic for software testing, not legal limits"
ENV-0001571,M006,ENV-ST-M006-03,Oil_Grease,2.58,mg/L,,10,20.012256,79.309764,2026-08-03T14:00:00,DEMO_MONITORING_FEED,COMPLIANT,0,DEMO_CONFIGURATION,"Configured thresholds are synthetic for software testing, not legal limits"
ENV-0001572,M006,ENV-ST-M006-03,Noise,83.95,dB(A),,85,20.011939,79.29411,2026-08-03T14:00:00,DEMO_MONITORING_FEED,COMPLIANT,0,DEMO_CONFIGURATION,"Configured thresholds are synthetic for software testing, not legal limits"
ENV-0001573,M006,ENV-ST-M006-03,PM2.5,53.03,ug/m3,,60,20.004932,79.295768,2026-07-31T22:00:00,DEMO_MONITORING_FEED,COMPLIANT,0,DEMO_CONFIGURATION,"Configured thresholds are synthetic for software testing, not legal limits"
ENV-0001574,M006,ENV-ST-M006-02,PM10,66.07,ug/m3,,100,20.019024,79.306615,2026-07-31T06:00:00,DEMO_MONITORING_FEED,COMPLIANT,0,DEMO_CONFIGURATION,"Configured thresholds are synthetic for software testing, not legal limits"
ENV-0001575,M006,ENV-ST-M006-02,SO2,35.14,ug/m3,,80,20.013061,79.303479,2026-07-31T06:00:00,DEMO_MONITORING_FEED,COMPLIANT,0,DEMO_CONFIGURATION,"Configured thresholds are synthetic for software testing, not legal limits"
ENV-0001576,M006,ENV-ST-M006-01,NO2,48.04,ug/m3,,80,20.006655,79.30445,2026-07-31T06:00:00,DEMO_MONITORING_FEED,COMPLIANT,0,DEMO_CONFIGURATION,"Configured thresholds are synthetic for software testing, not legal limits"
ENV-0001577,M006,ENV-ST-M006-01,CO,0.91,mg/m3,,4,20.009413,79.301226,2026-07-31T06:00:00,DEMO_MONITORING_FEED,COMPLIANT,0,DEMO_CONFIGURATION,"Configured thresholds are synthetic for software testing, not legal limits"
ENV-0001578,M006,ENV-ST-M006-01,pH,6.78,pH,6.5,8.5,20.017828,79.295521,2026-07-31T14:00:00,DEMO_MONITORING_FEED,COMPLIANT,0,DEMO_CONFIGURATION,"Configured thresholds are synthetic for software testing, not legal limits"
ENV-0001579,M006,ENV-ST-M006-03,TSS,68.97,mg/L,,100,20.000704,79.302373,2026-07-31T14:00:00,DEMO_MONITORING_FEED,COMPLIANT,0,DEMO_CONFIGURATION,"Configured thresholds are synthetic for software testing, not legal limits"
ENV-0001580,M006,ENV-ST-M006-01,TDS,1237.64,mg/L,,2100,20.002818,79.303225,2026-07-31T06:00:00,DEMO_MONITORING_FEED,COMPLIANT,0,DEMO_CONFIGURATION,"Configured thresholds are synthetic for software testing, not legal limits"
ENV-0001581,M006,ENV-ST-M006-02,COD,119.45,mg/L,,250,20.002994,79.300033,2026-07-31T22:00:00,DEMO_MONITORING_FEED,COMPLIANT,0,DEMO_CONFIGURATION,"Configured thresholds are synthetic for software testing, not legal limits"
ENV-0001582,M006,ENV-ST-M006-01,BOD,16.25,mg/L,,30,20.016279,79.298342,2026-07-31T06:00:00,DEMO_MONITORING_FEED,COMPLIANT,0,DEMO_CONFIGURATION,"Configured thresholds are synthetic for software testing, not legal limits"
ENV-0001583,M006,ENV-ST-M006-02,Oil_Grease,3.77,mg/L,,10,20.013129,79.295911,2026-07-31T06:00:00,DEMO_MONITORING_FEED,COMPLIANT,0,DEMO_CONFIGURATION,"Configured thresholds are synthetic for software testing, not legal limits"
ENV-0001584,M006,ENV-ST-M006-02,Noise,93.88,dB(A),,85,20.003164,79.298182,2026-07-31T22:00:00,DEMO_MONITORING_FEED,EXCEEDED,10.4,DEMO_CONFIGURATION,"Configured thresholds are synthetic for software testing, not legal limits"
ENV-0001585,M006,ENV-ST-M006-03,PM2.5,43.43,ug/m3,,60,20.001955,79.30904,2026-07-28T14:00:00,DEMO_MONITORING_FEED,COMPLIANT,0,DEMO_CONFIGURATION,"Configured thresholds are synthetic for software testing, not legal limits"
ENV-0001586,M006,ENV-ST-M006-02,PM10,54.68,ug/m3,,100,20.016079,79.303741,2026-07-28T06:00:00,DEMO_MONITORING_FEED,COMPLIANT,0,DEMO_CONFIGURATION,"Configured thresholds are synthetic for software testing, not legal limits"
ENV-0001587,M006,ENV-ST-M006-03,SO2,49.52,ug/m3,,80,20.002136,79.304021,2026-07-28T22:00:00,DEMO_MONITORING_FEED,COMPLIANT,0,DEMO_CONFIGURATION,"Configured thresholds are synthetic for software testing, not legal limits"
ENV-0001588,M006,ENV-ST-M006-01,NO2,44.99,ug/m3,,80,20.009721,79.294143,2026-07-28T14:00:00,DEMO_MONITORING_FEED,COMPLIANT,0,DEMO_CONFIGURATION,"Configured thresholds are synthetic for software testing, not legal limits"
ENV-0001589,M006,ENV-ST-M006-02,CO,1.6,mg/m3,,4,20.000814,79.29321,2026-07-28T22:00:00,DEMO_MONITORING_FEED,COMPLIANT,0,DEMO_CONFIGURATION,"Configured thresholds are synthetic for software testing, not legal limits"
ENV-0001590,M006,ENV-ST-M006-01,pH,6.49,pH,6.5,8.5,20.00416,79.293284,2026-07-28T14:00:00,DEMO_MONITORING_FEED,EXCEEDED,0.5,DEMO_CONFIGURATION,"Configured thresholds are synthetic for software testing, not legal limits"
ENV-0001591,M006,ENV-ST-M006-01,TSS,104.93,mg/L,,100,20.006773,79.300014,2026-07-28T22:00:00,DEMO_MONITORING_FEED,EXCEEDED,4.9,DEMO_CONFIGURATION,"Configured thresholds are synthetic for software testing, not legal limits"
ENV-0001592,M006,ENV-ST-M006-03,TDS,1088.72,mg/L,,2100,20.019349,79.30233,2026-07-28T22:00:00,DEMO_MONITORING_FEED,COMPLIANT,0,DEMO_CONFIGURATION,"Configured thresholds are synthetic for software testing, not legal limits"
ENV-0001593,M006,ENV-ST-M006-01,COD,136.34,mg/L,,250,20.017428,79.299156,2026-07-28T22:00:00,DEMO_MONITORING_FEED,COMPLIANT,0,DEMO_CONFIGURATION,"Configured thresholds are synthetic for software testing, not legal limits"
ENV-0001594,M006,ENV-ST-M006-01,BOD,12.23,mg/L,,30,20.006588,79.292078,2026-07-28T06:00:00,DEMO_MONITORING_FEED,COMPLIANT,0,DEMO_CONFIGURATION,"Configured thresholds are synthetic for software testing, not legal limits"
ENV-0001595,M006,ENV-ST-M006-02,Oil_Grease,4.43,mg/L,,10,20.004831,79.293088,2026-07-28T22:00:00,DEMO_MONITORING_FEED,COMPLIANT,0,DEMO_CONFIGURATION,"Configured thresholds are synthetic for software testing, not legal limits"
ENV-0001596,M006,ENV-ST-M006-02,Noise,71.29,dB(A),,85,20.016054,79.307483,2026-07-28T22:00:00,DEMO_MONITORING_FEED,COMPLIANT,0,DEMO_CONFIGURATION,"Configured thresholds are synthetic for software testing, not legal limits"
ENV-0001597,M006,ENV-ST-M006-01,PM2.5,30.81,ug/m3,,60,20.01087,79.304348,2026-07-25T22:00:00,DEMO_MONITORING_FEED,COMPLIANT,0,DEMO_CONFIGURATION,"Configured thresholds are synthetic for software testing, not legal limits"
ENV-0001598,M006,ENV-ST-M006-02,PM10,74.92,ug/m3,,100,20.004875,79.296214,2026-07-25T22:00:00,DEMO_MONITORING_FEED,COMPLIANT,0,DEMO_CONFIGURATION,"Configured thresholds are synthetic for software testing, not legal limits"
ENV-0001599,M006,ENV-ST-M006-01,SO2,41.46,ug/m3,,80,20.008043,79.291677,2026-07-25T14:00:00,DEMO_MONITORING_FEED,COMPLIANT,0,DEMO_CONFIGURATION,"Configured thresholds are synthetic for software testing, not legal limits"
ENV-0001600,M006,ENV-ST-M006-03,NO2,50.44,ug/m3,,80,20.006065,79.307486,2026-07-25T06:00:00,DEMO_MONITORING_FEED,COMPLIANT,0,DEMO_CONFIGURATION,"Configured thresholds are synthetic for software testing, not legal limits"
ENV-0001601,M006,ENV-ST-M006-03,CO,1.48,mg/m3,,4,20.008258,79.299076,2026-07-25T06:00:00,DEMO_MONITORING_FEED,COMPLIANT,0,DEMO_CONFIGURATION,"Configured thresholds are synthetic for software testing, not legal limits"
ENV-0001602,M006,ENV-ST-M006-01,pH,7.33,pH,6.5,8.5,20.004936,79.306603,2026-07-25T06:00:00,DEMO_MONITORING_FEED,COMPLIANT,0,DEMO_CONFIGURATION,"Configured thresholds are synthetic for software testing, not legal limits"
ENV-0001603,M006,ENV-ST-M006-03,TSS,55.3,mg/L,,100,20.007125,79.301234,2026-07-25T06:00:00,DEMO_MONITORING_FEED,COMPLIANT,0,DEMO_CONFIGURATION,"Configured thresholds are synthetic for software testing, not legal limits"
ENV-0001604,M006,ENV-ST-M006-03,TDS,737.07,mg/L,,2100,20.000194,79.306349,2026-07-25T22:00:00,DEMO_MONITORING_FEED,COMPLIANT,0,DEMO_CONFIGURATION,"Configured thresholds are synthetic for software testing, not legal limits"
ENV-0001605,M006,ENV-ST-M006-03,COD,86.78,mg/L,,250,20.015586,79.303044,2026-07-25T22:00:00,DEMO_MONITORING_FEED,COMPLIANT,0,DEMO_CONFIGURATION,"Configured thresholds are synthetic for software testing, not legal limits"
ENV-0001606,M006,ENV-ST-M006-02,BOD,20.84,mg/L,,30,20.00299,79.293661,2026-07-25T22:00:00,DEMO_MONITORING_FEED,COMPLIANT,0,DEMO_CONFIGURATION,"Configured thresholds are synthetic for software testing, not legal limits"
ENV-0001607,M006,ENV-ST-M006-03,Oil_Grease,0,mg/L,,10,20.016259,79.305783,2026-07-25T22:00:00,DEMO_MONITORING_FEED,COMPLIANT,0,DEMO_CONFIGURATION,"Configured thresholds are synthetic for software testing, not legal limits"
ENV-0001608,M006,ENV-ST-M006-03,Noise,119.15,dB(A),,85,20.009455,79.290523,2026-07-25T22:00:00,DEMO_MONITORING_FEED,EXCEEDED,40.2,DEMO_CONFIGURATION,"Configured thresholds are synthetic for software testing, not legal limits"
ENV-0001609,M006,ENV-ST-M006-01,PM2.5,39.21,ug/m3,,60,20.005536,79.29323,2026-07-22T06:00:00,DEMO_MONITORING_FEED,COMPLIANT,0,DEMO_CONFIGURATION,"Configured thresholds are synthetic for software testing, not legal limits"
ENV-0001610,M006,ENV-ST-M006-01,PM10,86.44,ug/m3,,100,20.012881,79.290134,2026-07-22T22:00:00,DEMO_MONITORING_FEED,COMPLIANT,0,DEMO_CONFIGURATION,"Configured thresholds are synthetic for software testing, not legal limits"
ENV-0001611,M006,ENV-ST-M006-02,SO2,46.1,ug/m3,,80,20.012266,79.305761,2026-07-22T22:00:00,DEMO_MONITORING_FEED,COMPLIANT,0,DEMO_CONFIGURATION,"Configured thresholds are synthetic for software testing, not legal limits"
ENV-0001612,M006,ENV-ST-M006-02,NO2,56.01,ug/m3,,80,20.01966,79.309037,2026-07-22T06:00:00,DEMO_MONITORING_FEED,COMPLIANT,0,DEMO_CONFIGURATION,"Configured thresholds are synthetic for software testing, not legal limits"
ENV-0001613,M006,ENV-ST-M006-03,CO,0.92,mg/m3,,4,20.002002,79.297202,2026-07-22T06:00:00,DEMO_MONITORING_FEED,COMPLIANT,0,DEMO_CONFIGURATION,"Configured thresholds are synthetic for software testing, not legal limits"
ENV-0001614,M006,ENV-ST-M006-03,pH,6.69,pH,6.5,8.5,20.01229,79.294559,2026-07-22T06:00:00,DEMO_MONITORING_FEED,COMPLIANT,0,DEMO_CONFIGURATION,"Configured thresholds are synthetic for software testing, not legal limits"
ENV-0001615,M006,ENV-ST-M006-01,TSS,66.48,mg/L,,100,20.007277,79.296388,2026-07-22T14:00:00,DEMO_MONITORING_FEED,COMPLIANT,0,DEMO_CONFIGURATION,"Configured thresholds are synthetic for software testing, not legal limits"
ENV-0001616,M006,ENV-ST-M006-02,TDS,1718.88,mg/L,,2100,20.006927,79.29138,2026-07-22T22:00:00,DEMO_MONITORING_FEED,COMPLIANT,0,DEMO_CONFIGURATION,"Configured thresholds are synthetic for software testing, not legal limits"
ENV-0001617,M006,ENV-ST-M006-03,COD,162.71,mg/L,,250,20.009134,79.305141,2026-07-22T22:00:00,DEMO_MONITORING_FEED,COMPLIANT,0,DEMO_CONFIGURATION,"Configured thresholds are synthetic for software testing, not legal limits"
ENV-0001618,M006,ENV-ST-M006-01,BOD,16.28,mg/L,,30,20.015279,79.309405,2026-07-22T22:00:00,DEMO_MONITORING_FEED,COMPLIANT,0,DEMO_CONFIGURATION,"Configured thresholds are synthetic for software testing, not legal limits"
ENV-0001619,M006,ENV-ST-M006-03,Oil_Grease,5.04,mg/L,,10,20.010179,79.308164,2026-07-22T06:00:00,DEMO_MONITORING_FEED,COMPLIANT,0,DEMO_CONFIGURATION,"Configured thresholds are synthetic for software testing, not legal limits"
ENV-0001620,M006,ENV-ST-M006-02,Noise,80.76,dB(A),,85,20.010906,79.307264,2026-07-22T22:00:00,DEMO_MONITORING_FEED,COMPLIANT,0,DEMO_CONFIGURATION,"Configured thresholds are synthetic for software testing, not legal limits"
ENV-0001621,M006,ENV-ST-M006-01,PM2.5,34.85,ug/m3,,60,20.008133,79.292537,2026-07-19T06:00:00,DEMO_MONITORING_FEED,COMPLIANT,0,DEMO_CONFIGURATION,"Configured thresholds are synthetic for software testing, not legal limits"
ENV-0001622,M006,ENV-ST-M006-03,PM10,84.12,ug/m3,,100,20.014839,79.297281,2026-07-19T06:00:00,DEMO_MONITORING_FEED,COMPLIANT,0,DEMO_CONFIGURATION,"Configured thresholds are synthetic for software testing, not legal limits"
ENV-0001623,M006,ENV-ST-M006-01,SO2,37.47,ug/m3,,80,20.00227,79.301743,2026-07-19T06:00:00,DEMO_MONITORING_FEED,COMPLIANT,0,DEMO_CONFIGURATION,"Configured thresholds are synthetic for software testing, not legal limits"
ENV-0001624,M006,ENV-ST-M006-01,NO2,30.86,ug/m3,,80,20.016529,79.297117,2026-07-19T14:00:00,DEMO_MONITORING_FEED,COMPLIANT,0,DEMO_CONFIGURATION,"Configured thresholds are synthetic for software testing, not legal limits"
ENV-0001625,M006,ENV-ST-M006-01,CO,1.05,mg/m3,,4,20.003972,79.297249,2026-07-19T14:00:00,DEMO_MONITORING_FEED,COMPLIANT,0,DEMO_CONFIGURATION,"Configured thresholds are synthetic for software testing, not legal limits"
ENV-0001626,M006,ENV-ST-M006-02,pH,7.24,pH,6.5,8.5,20.002887,79.303355,2026-07-19T06:00:00,DEMO_MONITORING_FEED,COMPLIANT,0,DEMO_CONFIGURATION,"Configured thresholds are synthetic for software testing, not legal limits"
ENV-0001627,M006,ENV-ST-M006-03,TSS,70.29,mg/L,,100,20.002026,79.303609,2026-07-19T22:00:00,DEMO_MONITORING_FEED,COMPLIANT,0,DEMO_CONFIGURATION,"Configured thresholds are synthetic for software testing, not legal limits"
ENV-0001628,M006,ENV-ST-M006-02,TDS,898.5,mg/L,,2100,20.008742,79.30484,2026-07-19T06:00:00,DEMO_MONITORING_FEED,COMPLIANT,0,DEMO_CONFIGURATION,"Configured thresholds are synthetic for software testing, not legal limits"
ENV-0001629,M006,ENV-ST-M006-02,COD,84.2,mg/L,,250,20.013629,79.302121,2026-07-19T22:00:00,DEMO_MONITORING_FEED,COMPLIANT,0,DEMO_CONFIGURATION,"Configured thresholds are synthetic for software testing, not legal limits"
ENV-0001630,M006,ENV-ST-M006-03,BOD,15.66,mg/L,,30,20.019667,79.303105,2026-07-19T14:00:00,DEMO_MONITORING_FEED,COMPLIANT,0,DEMO_CONFIGURATION,"Configured thresholds are synthetic for software testing, not legal limits"
ENV-0001631,M006,ENV-ST-M006-02,Oil_Grease,0.32,mg/L,,10,20.002099,79.304872,2026-07-19T14:00:00,DEMO_MONITORING_FEED,COMPLIANT,0,DEMO_CONFIGURATION,"Configured thresholds are synthetic for software testing, not legal limits"
ENV-0001632,M006,ENV-ST-M006-03,Noise,80.44,dB(A),,85,20.011847,79.293571,2026-07-19T14:00:00,DEMO_MONITORING_FEED,COMPLIANT,0,DEMO_CONFIGURATION,"Configured thresholds are synthetic for software testing, not legal limits"
ENV-0001633,M006,ENV-ST-M006-03,PM2.5,32.88,ug/m3,,60,20.001012,79.296676,2026-07-16T14:00:00,DEMO_MONITORING_FEED,COMPLIANT,0,DEMO_CONFIGURATION,"Configured thresholds are synthetic for software testing, not legal limits"
ENV-0001634,M006,ENV-ST-M006-02,PM10,66.26,ug/m3,,100,20.001984,79.291051,2026-07-16T22:00:00,DEMO_MONITORING_FEED,COMPLIANT,0,DEMO_CONFIGURATION,"Configured thresholds are synthetic for software testing, not legal limits"
ENV-0001635,M006,ENV-ST-M006-01,SO2,42.54,ug/m3,,80,20.014599,79.293436,2026-07-16T06:00:00,DEMO_MONITORING_FEED,COMPLIANT,0,DEMO_CONFIGURATION,"Configured thresholds are synthetic for software testing, not legal limits"
ENV-0001636,M006,ENV-ST-M006-01,NO2,49.23,ug/m3,,80,20.005851,79.29849,2026-07-16T22:00:00,DEMO_MONITORING_FEED,COMPLIANT,0,DEMO_CONFIGURATION,"Configured thresholds are synthetic for software testing, not legal limits"
ENV-0001637,M006,ENV-ST-M006-01,CO,1.34,mg/m3,,4,20.01786,79.308936,2026-07-16T06:00:00,DEMO_MONITORING_FEED,COMPLIANT,0,DEMO_CONFIGURATION,"Configured thresholds are synthetic for software testing, not legal limits"
ENV-0001638,M006,ENV-ST-M006-03,pH,6.07,pH,6.5,8.5,20.006295,79.307702,2026-07-16T22:00:00,DEMO_MONITORING_FEED,EXCEEDED,21.5,DEMO_CONFIGURATION,"Configured thresholds are synthetic for software testing, not legal limits"
ENV-0001639,M006,ENV-ST-M006-03,TSS,56.68,mg/L,,100,20.003745,79.30328,2026-07-16T14:00:00,DEMO_MONITORING_FEED,COMPLIANT,0,DEMO_CONFIGURATION,"Configured thresholds are synthetic for software testing, not legal limits"
ENV-0001640,M006,ENV-ST-M006-02,TDS,1234.11,mg/L,,2100,20.012865,79.294034,2026-07-16T22:00:00,DEMO_MONITORING_FEED,COMPLIANT,0,DEMO_CONFIGURATION,"Configured thresholds are synthetic for software testing, not legal limits"
ENV-0001641,M006,ENV-ST-M006-02,COD,144.57,mg/L,,250,20.016806,79.309914,2026-07-16T22:00:00,DEMO_MONITORING_FEED,COMPLIANT,0,DEMO_CONFIGURATION,"Configured thresholds are synthetic for software testing, not legal limits"
ENV-0001642,M006,ENV-ST-M006-03,BOD,18.89,mg/L,,30,20.017824,79.301247,2026-07-16T22:00:00,DEMO_MONITORING_FEED,COMPLIANT,0,DEMO_CONFIGURATION,"Configured thresholds are synthetic for software testing, not legal limits"
ENV-0001643,M006,ENV-ST-M006-02,Oil_Grease,3.83,mg/L,,10,20.008817,79.295437,2026-07-16T22:00:00,DEMO_MONITORING_FEED,COMPLIANT,0,DEMO_CONFIGURATION,"Configured thresholds are synthetic for software testing, not legal limits"
ENV-0001644,M006,ENV-ST-M006-03,Noise,63.57,dB(A),,85,20.01382,79.309894,2026-07-16T14:00:00,DEMO_MONITORING_FEED,COMPLIANT,0,DEMO_CONFIGURATION,"Configured thresholds are synthetic for software testing, not legal limits"
ENV-0001645,M006,ENV-ST-M006-03,PM2.5,45.94,ug/m3,,60,20.0102,79.304119,2026-07-13T22:00:00,DEMO_MONITORING_FEED,COMPLIANT,0,DEMO_CONFIGURATION,"Configured thresholds are synthetic for software testing, not legal limits"
ENV-0001646,M006,ENV-ST-M006-02,PM10,96.48,ug/m3,,100,20.006297,79.295632,2026-07-13T14:00:00,DEMO_MONITORING_FEED,COMPLIANT,0,DEMO_CONFIGURATION,"Configured thresholds are synthetic for software testing, not legal limits"
ENV-0001647,M006,ENV-ST-M006-02,SO2,32.05,ug/m3,,80,20.014909,79.297331,2026-07-13T14:00:00,DEMO_MONITORING_FEED,COMPLIANT,0,DEMO_CONFIGURATION,"Configured thresholds are synthetic for software testing, not legal limits"
ENV-0001648,M006,ENV-ST-M006-03,NO2,27.78,ug/m3,,80,20.015589,79.305953,2026-07-13T06:00:00,DEMO_MONITORING_FEED,COMPLIANT,0,DEMO_CONFIGURATION,"Configured thresholds are synthetic for software testing, not legal limits"
ENV-0001649,M006,ENV-ST-M006-01,CO,0.64,mg/m3,,4,20.019584,79.293091,2026-07-13T14:00:00,DEMO_MONITORING_FEED,COMPLIANT,0,DEMO_CONFIGURATION,"Configured thresholds are synthetic for software testing, not legal limits"
ENV-0001650,M006,ENV-ST-M006-02,pH,6.96,pH,6.5,8.5,20.01245,79.307805,2026-07-13T22:00:00,DEMO_MONITORING_FEED,COMPLIANT,0,DEMO_CONFIGURATION,"Configured thresholds are synthetic for software testing, not legal limits"
ENV-0001651,M006,ENV-ST-M006-01,TSS,67.96,mg/L,,100,20.016845,79.291532,2026-07-13T22:00:00,DEMO_MONITORING_FEED,COMPLIANT,0,DEMO_CONFIGURATION,"Configured thresholds are synthetic for software testing, not legal limits"
ENV-0001652,M006,ENV-ST-M006-01,TDS,731.21,mg/L,,2100,20.002392,79.309351,2026-07-13T06:00:00,DEMO_MONITORING_FEED,COMPLIANT,0,DEMO_CONFIGURATION,"Configured thresholds are synthetic for software testing, not legal limits"
ENV-0001653,M006,ENV-ST-M006-02,COD,109.49,mg/L,,250,20.011516,79.308077,2026-07-13T14:00:00,DEMO_MONITORING_FEED,COMPLIANT,0,DEMO_CONFIGURATION,"Configured thresholds are synthetic for software testing, not legal limits"
ENV-0001654,M006,ENV-ST-M006-02,BOD,14.72,mg/L,,30,20.005059,79.302458,2026-07-13T22:00:00,DEMO_MONITORING_FEED,COMPLIANT,0,DEMO_CONFIGURATION,"Configured thresholds are synthetic for software testing, not legal limits"
ENV-0001655,M006,ENV-ST-M006-01,Oil_Grease,3.46,mg/L,,10,20.01489,79.301019,2026-07-13T14:00:00,DEMO_MONITORING_FEED,COMPLIANT,0,DEMO_CONFIGURATION,"Configured thresholds are synthetic for software testing, not legal limits"
ENV-0001656,M006,ENV-ST-M006-03,Noise,58.12,dB(A),,85,20.007949,79.290192,2026-07-13T14:00:00,DEMO_MONITORING_FEED,COMPLIANT,0,DEMO_CONFIGURATION,"Configured thresholds are synthetic for software testing, not legal limits"
ENV-0001657,M006,ENV-ST-M006-02,PM2.5,41.25,ug/m3,,60,20.003908,79.302618,2026-07-10T06:00:00,DEMO_MONITORING_FEED,COMPLIANT,0,DEMO_CONFIGURATION,"Configured thresholds are synthetic for software testing, not legal limits"
ENV-0001658,M006,ENV-ST-M006-03,PM10,52.7,ug/m3,,100,20.000349,79.299985,2026-07-10T14:00:00,DEMO_MONITORING_FEED,COMPLIANT,0,DEMO_CONFIGURATION,"Configured thresholds are synthetic for software testing, not legal limits"
ENV-0001659,M006,ENV-ST-M006-01,SO2,56.55,ug/m3,,80,20.017337,79.299013,2026-07-10T22:00:00,DEMO_MONITORING_FEED,COMPLIANT,0,DEMO_CONFIGURATION,"Configured thresholds are synthetic for software testing, not legal limits"
ENV-0001660,M006,ENV-ST-M006-01,NO2,56.92,ug/m3,,80,20.011854,79.29592,2026-07-10T22:00:00,DEMO_MONITORING_FEED,COMPLIANT,0,DEMO_CONFIGURATION,"Configured thresholds are synthetic for software testing, not legal limits"
ENV-0001661,M006,ENV-ST-M006-01,CO,0.89,mg/m3,,4,20.011688,79.298169,2026-07-10T14:00:00,DEMO_MONITORING_FEED,COMPLIANT,0,DEMO_CONFIGURATION,"Configured thresholds are synthetic for software testing, not legal limits"
ENV-0001662,M006,ENV-ST-M006-01,pH,6.6,pH,6.5,8.5,20.015322,79.298089,2026-07-10T22:00:00,DEMO_MONITORING_FEED,COMPLIANT,0,DEMO_CONFIGURATION,"Configured thresholds are synthetic for software testing, not legal limits"
ENV-0001663,M006,ENV-ST-M006-03,TSS,55.05,mg/L,,100,20.006423,79.29927,2026-07-10T06:00:00,DEMO_MONITORING_FEED,COMPLIANT,0,DEMO_CONFIGURATION,"Configured thresholds are synthetic for software testing, not legal limits"
ENV-0001664,M006,ENV-ST-M006-02,TDS,811.33,mg/L,,2100,20.006437,79.302927,2026-07-10T22:00:00,DEMO_MONITORING_FEED,COMPLIANT,0,DEMO_CONFIGURATION,"Configured thresholds are synthetic for software testing, not legal limits"
ENV-0001665,M006,ENV-ST-M006-01,COD,120.67,mg/L,,250,20.014117,79.292338,2026-07-10T06:00:00,DEMO_MONITORING_FEED,COMPLIANT,0,DEMO_CONFIGURATION,"Configured thresholds are synthetic for software testing, not legal limits"
ENV-0001666,M006,ENV-ST-M006-03,BOD,15.81,mg/L,,30,20.011794,79.291198,2026-07-10T06:00:00,DEMO_MONITORING_FEED,COMPLIANT,0,DEMO_CONFIGURATION,"Configured thresholds are synthetic for software testing, not legal limits"
ENV-0001667,M006,ENV-ST-M006-01,Oil_Grease,2.57,mg/L,,10,20.007069,79.307604,2026-07-10T14:00:00,DEMO_MONITORING_FEED,COMPLIANT,0,DEMO_CONFIGURATION,"Configured thresholds are synthetic for software testing, not legal limits"
ENV-0001668,M006,ENV-ST-M006-03,Noise,81.15,dB(A),,85,20.019931,79.309874,2026-07-10T14:00:00,DEMO_MONITORING_FEED,COMPLIANT,0,DEMO_CONFIGURATION,"Configured thresholds are synthetic for software testing, not legal limits"
ENV-0001669,M006,ENV-ST-M006-03,PM2.5,22.91,ug/m3,,60,20.011484,79.300363,2026-07-07T22:00:00,DEMO_MONITORING_FEED,COMPLIANT,0,DEMO_CONFIGURATION,"Configured thresholds are synthetic for software testing, not legal limits"
ENV-0001670,M006,ENV-ST-M006-03,PM10,84.3,ug/m3,,100,20.00879,79.302162,2026-07-07T14:00:00,DEMO_MONITORING_FEED,COMPLIANT,0,DEMO_CONFIGURATION,"Configured thresholds are synthetic for software testing, not legal limits"
ENV-0001671,M006,ENV-ST-M006-02,SO2,42.05,ug/m3,,80,20.002963,79.304635,2026-07-07T06:00:00,DEMO_MONITORING_FEED,COMPLIANT,0,DEMO_CONFIGURATION,"Configured thresholds are synthetic for software testing, not legal limits"
ENV-0001672,M006,ENV-ST-M006-03,NO2,39.43,ug/m3,,80,20.007947,79.296002,2026-07-07T22:00:00,DEMO_MONITORING_FEED,COMPLIANT,0,DEMO_CONFIGURATION,"Configured thresholds are synthetic for software testing, not legal limits"
ENV-0001673,M006,ENV-ST-M006-01,CO,0.89,mg/m3,,4,20.007876,79.305673,2026-07-07T22:00:00,DEMO_MONITORING_FEED,COMPLIANT,0,DEMO_CONFIGURATION,"Configured thresholds are synthetic for software testing, not legal limits"
ENV-0001674,M006,ENV-ST-M006-03,pH,7.01,pH,6.5,8.5,20.004204,79.305941,2026-07-07T14:00:00,DEMO_MONITORING_FEED,COMPLIANT,0,DEMO_CONFIGURATION,"Configured thresholds are synthetic for software testing, not legal limits"
ENV-0001675,M006,ENV-ST-M006-03,TSS,61.09,mg/L,,100,20.001113,79.299551,2026-07-07T14:00:00,DEMO_MONITORING_FEED,COMPLIANT,0,DEMO_CONFIGURATION,"Configured thresholds are synthetic for software testing, not legal limits"
ENV-0001676,M006,ENV-ST-M006-03,TDS,561.71,mg/L,,2100,20.005917,79.296591,2026-07-07T06:00:00,DEMO_MONITORING_FEED,COMPLIANT,0,DEMO_CONFIGURATION,"Configured thresholds are synthetic for software testing, not legal limits"
ENV-0001677,M006,ENV-ST-M006-01,COD,68.61,mg/L,,250,20.016532,79.298089,2026-07-07T14:00:00,DEMO_MONITORING_FEED,COMPLIANT,0,DEMO_CONFIGURATION,"Configured thresholds are synthetic for software testing, not legal limits"
ENV-0001678,M006,ENV-ST-M006-01,BOD,11.71,mg/L,,30,20.013894,79.30474,2026-07-07T22:00:00,DEMO_MONITORING_FEED,COMPLIANT,0,DEMO_CONFIGURATION,"Configured thresholds are synthetic for software testing, not legal limits"
ENV-0001679,M006,ENV-ST-M006-01,Oil_Grease,7.25,mg/L,,10,20.008562,79.298789,2026-07-07T06:00:00,DEMO_MONITORING_FEED,COMPLIANT,0,DEMO_CONFIGURATION,"Configured thresholds are synthetic for software testing, not legal limits"
ENV-0001680,M006,ENV-ST-M006-02,Noise,53.83,dB(A),,85,20.014644,79.301556,2026-07-07T06:00:00,DEMO_MONITORING_FEED,COMPLIANT,0,DEMO_CONFIGURATION,"Configured thresholds are synthetic for software testing, not legal limits"
ENV-0001681,M006,ENV-ST-M006-01,PM2.5,27.54,ug/m3,,60,20.007832,79.291722,2026-07-04T06:00:00,DEMO_MONITORING_FEED,COMPLIANT,0,DEMO_CONFIGURATION,"Configured thresholds are synthetic for software testing, not legal limits"
ENV-0001682,M006,ENV-ST-M006-03,PM10,68.14,ug/m3,,100,20.00853,79.304415,2026-07-04T14:00:00,DEMO_MONITORING_FEED,COMPLIANT,0,DEMO_CONFIGURATION,"Configured thresholds are synthetic for software testing, not legal limits"
ENV-0001683,M006,ENV-ST-M006-01,SO2,23.54,ug/m3,,80,20.015816,79.306097,2026-07-04T06:00:00,DEMO_MONITORING_FEED,COMPLIANT,0,DEMO_CONFIGURATION,"Configured thresholds are synthetic for software testing, not legal limits"
ENV-0001684,M006,ENV-ST-M006-03,NO2,36.13,ug/m3,,80,20.002416,79.307589,2026-07-04T14:00:00,DEMO_MONITORING_FEED,COMPLIANT,0,DEMO_CONFIGURATION,"Configured thresholds are synthetic for software testing, not legal limits"
ENV-0001685,M006,ENV-ST-M006-01,CO,0.19,mg/m3,,4,20.01154,79.304433,2026-07-04T22:00:00,DEMO_MONITORING_FEED,COMPLIANT,0,DEMO_CONFIGURATION,"Configured thresholds are synthetic for software testing, not legal limits"
ENV-0001686,M006,ENV-ST-M006-02,pH,6.78,pH,6.5,8.5,20.012299,79.291424,2026-07-04T06:00:00,DEMO_MONITORING_FEED,COMPLIANT,0,DEMO_CONFIGURATION,"Configured thresholds are synthetic for software testing, not legal limits"
ENV-0001687,M006,ENV-ST-M006-01,TSS,73.96,mg/L,,100,20.000764,79.293054,2026-07-04T22:00:00,DEMO_MONITORING_FEED,COMPLIANT,0,DEMO_CONFIGURATION,"Configured thresholds are synthetic for software testing, not legal limits"
ENV-0001688,M006,ENV-ST-M006-03,TDS,1109.99,mg/L,,2100,20.001004,79.293749,2026-07-04T14:00:00,DEMO_MONITORING_FEED,COMPLIANT,0,DEMO_CONFIGURATION,"Configured thresholds are synthetic for software testing, not legal limits"
ENV-0001689,M006,ENV-ST-M006-02,COD,118.94,mg/L,,250,20.0059,79.29691,2026-07-04T06:00:00,DEMO_MONITORING_FEED,COMPLIANT,0,DEMO_CONFIGURATION,"Configured thresholds are synthetic for software testing, not legal limits"
ENV-0001690,M006,ENV-ST-M006-03,BOD,14.16,mg/L,,30,20.014661,79.295631,2026-07-04T06:00:00,DEMO_MONITORING_FEED,COMPLIANT,0,DEMO_CONFIGURATION,"Configured thresholds are synthetic for software testing, not legal limits"
ENV-0001691,M006,ENV-ST-M006-01,Oil_Grease,2.0,mg/L,,10,20.005615,79.295633,2026-07-04T06:00:00,DEMO_MONITORING_FEED,COMPLIANT,0,DEMO_CONFIGURATION,"Configured thresholds are synthetic for software testing, not legal limits"
ENV-0001692,M006,ENV-ST-M006-03,Noise,67.71,dB(A),,85,20.017456,79.290246,2026-07-04T06:00:00,DEMO_MONITORING_FEED,COMPLIANT,0,DEMO_CONFIGURATION,"Configured thresholds are synthetic for software testing, not legal limits"
ENV-0001693,M006,ENV-ST-M006-03,PM2.5,42.08,ug/m3,,60,20.009222,79.302514,2026-07-01T14:00:00,DEMO_MONITORING_FEED,COMPLIANT,0,DEMO_CONFIGURATION,"Configured thresholds are synthetic for software testing, not legal limits"
ENV-0001694,M006,ENV-ST-M006-01,PM10,78.51,ug/m3,,100,20.01923,79.300215,2026-07-01T14:00:00,DEMO_MONITORING_FEED,COMPLIANT,0,DEMO_CONFIGURATION,"Configured thresholds are synthetic for software testing, not legal limits"
ENV-0001695,M006,ENV-ST-M006-02,SO2,52.42,ug/m3,,80,20.001156,79.293055,2026-07-01T22:00:00,DEMO_MONITORING_FEED,COMPLIANT,0,DEMO_CONFIGURATION,"Configured thresholds are synthetic for software testing, not legal limits"
ENV-0001696,M006,ENV-ST-M006-02,NO2,34.81,ug/m3,,80,20.000438,79.293595,2026-07-01T22:00:00,DEMO_MONITORING_FEED,COMPLIANT,0,DEMO_CONFIGURATION,"Configured thresholds are synthetic for software testing, not legal limits"
ENV-0001697,M006,ENV-ST-M006-03,CO,0.79,mg/m3,,4,20.019003,79.296211,2026-07-01T22:00:00,DEMO_MONITORING_FEED,COMPLIANT,0,DEMO_CONFIGURATION,"Configured thresholds are synthetic for software testing, not legal limits"
ENV-0001698,M006,ENV-ST-M006-03,pH,7.94,pH,6.5,8.5,20.013853,79.297655,2026-07-01T22:00:00,DEMO_MONITORING_FEED,COMPLIANT,0,DEMO_CONFIGURATION,"Configured thresholds are synthetic for software testing, not legal limits"
ENV-0001699,M006,ENV-ST-M006-02,TSS,53.83,mg/L,,100,20.012149,79.293633,2026-07-01T14:00:00,DEMO_MONITORING_FEED,COMPLIANT,0,DEMO_CONFIGURATION,"Configured thresholds are synthetic for software testing, not legal limits"
ENV-0001700,M006,ENV-ST-M006-02,TDS,909.54,mg/L,,2100,20.001298,79.299568,2026-07-01T22:00:00,DEMO_MONITORING_FEED,COMPLIANT,0,DEMO_CONFIGURATION,"Configured thresholds are synthetic for software testing, not legal limits"
ENV-0001701,M006,ENV-ST-M006-02,COD,121.87,mg/L,,250,20.014857,79.308407,2026-07-01T22:00:00,DEMO_MONITORING_FEED,COMPLIANT,0,DEMO_CONFIGURATION,"Configured thresholds are synthetic for software testing, not legal limits"
ENV-0001702,M006,ENV-ST-M006-02,BOD,21.72,mg/L,,30,20.004105,79.303346,2026-07-01T14:00:00,DEMO_MONITORING_FEED,COMPLIANT,0,DEMO_CONFIGURATION,"Configured thresholds are synthetic for software testing, not legal limits"
ENV-0001703,M006,ENV-ST-M006-02,Oil_Grease,5.56,mg/L,,10,20.005015,79.307978,2026-07-01T14:00:00,DEMO_MONITORING_FEED,COMPLIANT,0,DEMO_CONFIGURATION,"Configured thresholds are synthetic for software testing, not legal limits"
ENV-0001704,M006,ENV-ST-M006-02,Noise,61.05,dB(A),,85,20.005367,79.301353,2026-07-01T22:00:00,DEMO_MONITORING_FEED,COMPLIANT,0,DEMO_CONFIGURATION,"Configured thresholds are synthetic for software testing, not legal limits"
ENV-0001705,M006,ENV-ST-M006-02,PM2.5,46.22,ug/m3,,60,20.003926,79.299461,2026-06-28T22:00:00,DEMO_MONITORING_FEED,COMPLIANT,0,DEMO_CONFIGURATION,"Configured thresholds are synthetic for software testing, not legal limits"
ENV-0001706,M006,ENV-ST-M006-01,PM10,47.68,ug/m3,,100,20.001575,79.299879,2026-06-28T22:00:00,DEMO_MONITORING_FEED,COMPLIANT,0,DEMO_CONFIGURATION,"Configured thresholds are synthetic for software testing, not legal limits"
ENV-0001707,M006,ENV-ST-M006-02,SO2,27.48,ug/m3,,80,20.009649,79.309373,2026-06-28T06:00:00,DEMO_MONITORING_FEED,COMPLIANT,0,DEMO_CONFIGURATION,"Configured thresholds are synthetic for software testing, not legal limits"
ENV-0001708,M006,ENV-ST-M006-03,NO2,39.9,ug/m3,,80,20.017369,79.296169,2026-06-28T22:00:00,DEMO_MONITORING_FEED,COMPLIANT,0,DEMO_CONFIGURATION,"Configured thresholds are synthetic for software testing, not legal limits"
ENV-0001709,M006,ENV-ST-M006-03,CO,0.87,mg/m3,,4,20.017829,79.301874,2026-06-28T14:00:00,DEMO_MONITORING_FEED,COMPLIANT,0,DEMO_CONFIGURATION,"Configured thresholds are synthetic for software testing, not legal limits"
ENV-0001710,M006,ENV-ST-M006-03,pH,7.58,pH,6.5,8.5,20.010522,79.309186,2026-06-28T06:00:00,DEMO_MONITORING_FEED,COMPLIANT,0,DEMO_CONFIGURATION,"Configured thresholds are synthetic for software testing, not legal limits"
ENV-0001711,M006,ENV-ST-M006-01,TSS,36.23,mg/L,,100,20.001077,79.294731,2026-06-28T22:00:00,DEMO_MONITORING_FEED,COMPLIANT,0,DEMO_CONFIGURATION,"Configured thresholds are synthetic for software testing, not legal limits"
ENV-0001712,M006,ENV-ST-M006-02,TDS,831.84,mg/L,,2100,20.0096,79.290082,2026-06-28T14:00:00,DEMO_MONITORING_FEED,COMPLIANT,0,DEMO_CONFIGURATION,"Configured thresholds are synthetic for software testing, not legal limits"
ENV-0001713,M006,ENV-ST-M006-01,COD,94.59,mg/L,,250,20.009215,79.293758,2026-06-28T06:00:00,DEMO_MONITORING_FEED,COMPLIANT,0,DEMO_CONFIGURATION,"Configured thresholds are synthetic for software testing, not legal limits"
ENV-0001714,M006,ENV-ST-M006-01,BOD,17.77,mg/L,,30,20.011997,79.293294,2026-06-28T22:00:00,DEMO_MONITORING_FEED,COMPLIANT,0,DEMO_CONFIGURATION,"Configured thresholds are synthetic for software testing, not legal limits"
ENV-0001715,M006,ENV-ST-M006-03,Oil_Grease,4.05,mg/L,,10,20.016064,79.306436,2026-06-28T22:00:00,DEMO_MONITORING_FEED,COMPLIANT,0,DEMO_CONFIGURATION,"Configured thresholds are synthetic for software testing, not legal limits"
ENV-0001716,M006,ENV-ST-M006-02,Noise,70.05,dB(A),,85,20.017236,79.30632,2026-06-28T14:00:00,DEMO_MONITORING_FEED,COMPLIANT,0,DEMO_CONFIGURATION,"Configured thresholds are synthetic for software testing, not legal limits"
ENV-0001717,M006,ENV-ST-M006-01,PM2.5,44.23,ug/m3,,60,20.016383,79.303573,2026-06-25T06:00:00,DEMO_MONITORING_FEED,COMPLIANT,0,DEMO_CONFIGURATION,"Configured thresholds are synthetic for software testing, not legal limits"
ENV-0001718,M006,ENV-ST-M006-02,PM10,88.26,ug/m3,,100,20.007778,79.290853,2026-06-25T06:00:00,DEMO_MONITORING_FEED,COMPLIANT,0,DEMO_CONFIGURATION,"Configured thresholds are synthetic for software testing, not legal limits"
ENV-0001719,M006,ENV-ST-M006-03,SO2,25.18,ug/m3,,80,20.000157,79.295988,2026-06-25T06:00:00,DEMO_MONITORING_FEED,COMPLIANT,0,DEMO_CONFIGURATION,"Configured thresholds are synthetic for software testing, not legal limits"
ENV-0001720,M006,ENV-ST-M006-01,NO2,46.41,ug/m3,,80,20.008822,79.30443,2026-06-25T22:00:00,DEMO_MONITORING_FEED,COMPLIANT,0,DEMO_CONFIGURATION,"Configured thresholds are synthetic for software testing, not legal limits"
ENV-0001721,M006,ENV-ST-M006-02,CO,0.26,mg/m3,,4,20.014803,79.297204,2026-06-25T22:00:00,DEMO_MONITORING_FEED,COMPLIANT,0,DEMO_CONFIGURATION,"Configured thresholds are synthetic for software testing, not legal limits"
ENV-0001722,M006,ENV-ST-M006-01,pH,6.79,pH,6.5,8.5,20.008404,79.308486,2026-06-25T14:00:00,DEMO_MONITORING_FEED,COMPLIANT,0,DEMO_CONFIGURATION,"Configured thresholds are synthetic for software testing, not legal limits"
ENV-0001723,M006,ENV-ST-M006-03,TSS,97.33,mg/L,,100,20.008048,79.292591,2026-06-25T14:00:00,DEMO_MONITORING_FEED,COMPLIANT,0,DEMO_CONFIGURATION,"Configured thresholds are synthetic for software testing, not legal limits"
ENV-0001724,M006,ENV-ST-M006-02,TDS,1165.47,mg/L,,2100,20.004321,79.306858,2026-06-25T14:00:00,DEMO_MONITORING_FEED,COMPLIANT,0,DEMO_CONFIGURATION,"Configured thresholds are synthetic for software testing, not legal limits"
ENV-0001725,M006,ENV-ST-M006-02,COD,90.21,mg/L,,250,20.005364,79.309236,2026-06-25T14:00:00,DEMO_MONITORING_FEED,COMPLIANT,0,DEMO_CONFIGURATION,"Configured thresholds are synthetic for software testing, not legal limits"
ENV-0001726,M006,ENV-ST-M006-01,BOD,14.71,mg/L,,30,20.013767,79.2992,2026-06-25T14:00:00,DEMO_MONITORING_FEED,COMPLIANT,0,DEMO_CONFIGURATION,"Configured thresholds are synthetic for software testing, not legal limits"
ENV-0001727,M006,ENV-ST-M006-02,Oil_Grease,4.52,mg/L,,10,20.019459,79.297856,2026-06-25T14:00:00,DEMO_MONITORING_FEED,COMPLIANT,0,DEMO_CONFIGURATION,"Configured thresholds are synthetic for software testing, not legal limits"
ENV-0001728,M006,ENV-ST-M006-03,Noise,62.99,dB(A),,85,20.004282,79.297378,2026-06-25T14:00:00,DEMO_MONITORING_FEED,COMPLIANT,0,DEMO_CONFIGURATION,"Configured thresholds are synthetic for software testing, not legal limits"
ENV-0001729,M007,ENV-ST-M007-03,PM2.5,28.64,ug/m3,,60,23.624322,87.125172,2026-09-02T14:00:00,DEMO_MONITORING_FEED,COMPLIANT,0,DEMO_CONFIGURATION,"Configured thresholds are synthetic for software testing, not legal limits"
ENV-0001730,M007,ENV-ST-M007-02,PM10,55.21,ug/m3,,100,23.620991,87.112481,2026-09-02T06:00:00,DEMO_MONITORING_FEED,COMPLIANT,0,DEMO_CONFIGURATION,"Configured thresholds are synthetic for software testing, not legal limits"
ENV-0001731,M007,ENV-ST-M007-02,SO2,13.95,ug/m3,,80,23.614064,87.127163,2026-09-02T14:00:00,DEMO_MONITORING_FEED,COMPLIANT,0,DEMO_CONFIGURATION,"Configured thresholds are synthetic for software testing, not legal limits"
ENV-0001732,M007,ENV-ST-M007-03,NO2,19.88,ug/m3,,80,23.613184,87.128211,2026-09-02T06:00:00,DEMO_MONITORING_FEED,COMPLIANT,0,DEMO_CONFIGURATION,"Configured thresholds are synthetic for software testing, not legal limits"
ENV-0001733,M007,ENV-ST-M007-03,CO,0.71,mg/m3,,4,23.62871,87.127726,2026-09-02T06:00:00,DEMO_MONITORING_FEED,COMPLIANT,0,DEMO_CONFIGURATION,"Configured thresholds are synthetic for software testing, not legal limits"
ENV-0001734,M007,ENV-ST-M007-03,pH,7.46,pH,6.5,8.5,23.617708,87.112235,2026-09-02T06:00:00,DEMO_MONITORING_FEED,COMPLIANT,0,DEMO_CONFIGURATION,"Configured thresholds are synthetic for software testing, not legal limits"
ENV-0001735,M007,ENV-ST-M007-01,TSS,42.41,mg/L,,100,23.628699,87.120004,2026-09-02T06:00:00,DEMO_MONITORING_FEED,COMPLIANT,0,DEMO_CONFIGURATION,"Configured thresholds are synthetic for software testing, not legal limits"
ENV-0001736,M007,ENV-ST-M007-01,TDS,763.87,mg/L,,2100,23.624645,87.124932,2026-09-02T22:00:00,DEMO_MONITORING_FEED,COMPLIANT,0,DEMO_CONFIGURATION,"Configured thresholds are synthetic for software testing, not legal limits"
ENV-0001737,M007,ENV-ST-M007-01,COD,128.73,mg/L,,250,23.614066,87.117607,2026-09-02T06:00:00,DEMO_MONITORING_FEED,COMPLIANT,0,DEMO_CONFIGURATION,"Configured thresholds are synthetic for software testing, not legal limits"
ENV-0001738,M007,ENV-ST-M007-01,BOD,9.78,mg/L,,30,23.627491,87.120806,2026-09-02T06:00:00,DEMO_MONITORING_FEED,COMPLIANT,0,DEMO_CONFIGURATION,"Configured thresholds are synthetic for software testing, not legal limits"
ENV-0001739,M007,ENV-ST-M007-03,Oil_Grease,2.73,mg/L,,10,23.629151,87.12863,2026-09-02T14:00:00,DEMO_MONITORING_FEED,COMPLIANT,0,DEMO_CONFIGURATION,"Configured thresholds are synthetic for software testing, not legal limits"
ENV-0001740,M007,ENV-ST-M007-02,Noise,58.46,dB(A),,85,23.623874,87.110747,2026-09-02T14:00:00,DEMO_MONITORING_FEED,COMPLIANT,0,DEMO_CONFIGURATION,"Configured thresholds are synthetic for software testing, not legal limits"
ENV-0001741,M007,ENV-ST-M007-03,PM2.5,37.5,ug/m3,,60,23.629456,87.126163,2026-08-30T14:00:00,DEMO_MONITORING_FEED,COMPLIANT,0,DEMO_CONFIGURATION,"Configured thresholds are synthetic for software testing, not legal limits"
ENV-0001742,M007,ENV-ST-M007-03,PM10,68.46,ug/m3,,100,23.628241,87.121249,2026-08-30T22:00:00,DEMO_MONITORING_FEED,COMPLIANT,0,DEMO_CONFIGURATION,"Configured thresholds are synthetic for software testing, not legal limits"
ENV-0001743,M007,ENV-ST-M007-01,SO2,15.77,ug/m3,,80,23.617339,87.122735,2026-08-30T22:00:00,DEMO_MONITORING_FEED,COMPLIANT,0,DEMO_CONFIGURATION,"Configured thresholds are synthetic for software testing, not legal limits"
ENV-0001744,M007,ENV-ST-M007-01,NO2,39.96,ug/m3,,80,23.614095,87.128854,2026-08-30T14:00:00,DEMO_MONITORING_FEED,COMPLIANT,0,DEMO_CONFIGURATION,"Configured thresholds are synthetic for software testing, not legal limits"
ENV-0001745,M007,ENV-ST-M007-01,CO,0.84,mg/m3,,4,23.621897,87.121104,2026-08-30T06:00:00,DEMO_MONITORING_FEED,COMPLIANT,0,DEMO_CONFIGURATION,"Configured thresholds are synthetic for software testing, not legal limits"
ENV-0001746,M007,ENV-ST-M007-02,pH,7.17,pH,6.5,8.5,23.624744,87.118473,2026-08-30T06:00:00,DEMO_MONITORING_FEED,COMPLIANT,0,DEMO_CONFIGURATION,"Configured thresholds are synthetic for software testing, not legal limits"
ENV-0001747,M007,ENV-ST-M007-03,TSS,68.39,mg/L,,100,23.619245,87.120908,2026-08-30T22:00:00,DEMO_MONITORING_FEED,COMPLIANT,0,DEMO_CONFIGURATION,"Configured thresholds are synthetic for software testing, not legal limits"
ENV-0001748,M007,ENV-ST-M007-03,TDS,787.93,mg/L,,2100,23.620285,87.124801,2026-08-30T06:00:00,DEMO_MONITORING_FEED,COMPLIANT,0,DEMO_CONFIGURATION,"Configured thresholds are synthetic for software testing, not legal limits"
ENV-0001749,M007,ENV-ST-M007-02,COD,64.96,mg/L,,250,23.623213,87.115707,2026-08-30T22:00:00,DEMO_MONITORING_FEED,COMPLIANT,0,DEMO_CONFIGURATION,"Configured thresholds are synthetic for software testing, not legal limits"
ENV-0001750,M007,ENV-ST-M007-02,BOD,15.37,mg/L,,30,23.627948,87.121315,2026-08-30T14:00:00,DEMO_MONITORING_FEED,COMPLIANT,0,DEMO_CONFIGURATION,"Configured thresholds are synthetic for software testing, not legal limits"
ENV-0001751,M007,ENV-ST-M007-03,Oil_Grease,2.03,mg/L,,10,23.617728,87.113095,2026-08-30T22:00:00,DEMO_MONITORING_FEED,COMPLIANT,0,DEMO_CONFIGURATION,"Configured thresholds are synthetic for software testing, not legal limits"
ENV-0001752,M007,ENV-ST-M007-02,Noise,59.67,dB(A),,85,23.61351,87.125373,2026-08-30T22:00:00,DEMO_MONITORING_FEED,COMPLIANT,0,DEMO_CONFIGURATION,"Configured thresholds are synthetic for software testing, not legal limits"
ENV-0001753,M007,ENV-ST-M007-03,PM2.5,26.32,ug/m3,,60,23.626962,87.110781,2026-08-27T06:00:00,DEMO_MONITORING_FEED,COMPLIANT,0,DEMO_CONFIGURATION,"Configured thresholds are synthetic for software testing, not legal limits"
ENV-0001754,M007,ENV-ST-M007-02,PM10,45.3,ug/m3,,100,23.616234,87.113977,2026-08-27T14:00:00,DEMO_MONITORING_FEED,COMPLIANT,0,DEMO_CONFIGURATION,"Configured thresholds are synthetic for software testing, not legal limits"
ENV-0001755,M007,ENV-ST-M007-03,SO2,29.99,ug/m3,,80,23.620496,87.128627,2026-08-27T22:00:00,DEMO_MONITORING_FEED,COMPLIANT,0,DEMO_CONFIGURATION,"Configured thresholds are synthetic for software testing, not legal limits"
ENV-0001756,M007,ENV-ST-M007-02,NO2,27.58,ug/m3,,80,23.615396,87.128335,2026-08-27T22:00:00,DEMO_MONITORING_FEED,COMPLIANT,0,DEMO_CONFIGURATION,"Configured thresholds are synthetic for software testing, not legal limits"
ENV-0001757,M007,ENV-ST-M007-01,CO,1.25,mg/m3,,4,23.611504,87.120278,2026-08-27T06:00:00,DEMO_MONITORING_FEED,COMPLIANT,0,DEMO_CONFIGURATION,"Configured thresholds are synthetic for software testing, not legal limits"
ENV-0001758,M007,ENV-ST-M007-03,pH,7.09,pH,6.5,8.5,23.618619,87.123388,2026-08-27T14:00:00,DEMO_MONITORING_FEED,COMPLIANT,0,DEMO_CONFIGURATION,"Configured thresholds are synthetic for software testing, not legal limits"
ENV-0001759,M007,ENV-ST-M007-03,TSS,45.98,mg/L,,100,23.623014,87.110173,2026-08-27T22:00:00,DEMO_MONITORING_FEED,COMPLIANT,0,DEMO_CONFIGURATION,"Configured thresholds are synthetic for software testing, not legal limits"
ENV-0001760,M007,ENV-ST-M007-03,TDS,581.27,mg/L,,2100,23.620466,87.126129,2026-08-27T22:00:00,DEMO_MONITORING_FEED,COMPLIANT,0,DEMO_CONFIGURATION,"Configured thresholds are synthetic for software testing, not legal limits"
ENV-0001761,M007,ENV-ST-M007-03,COD,90.6,mg/L,,250,23.627872,87.12937,2026-08-27T06:00:00,DEMO_MONITORING_FEED,COMPLIANT,0,DEMO_CONFIGURATION,"Configured thresholds are synthetic for software testing, not legal limits"
ENV-0001762,M007,ENV-ST-M007-01,BOD,11.49,mg/L,,30,23.62109,87.110704,2026-08-27T06:00:00,DEMO_MONITORING_FEED,COMPLIANT,0,DEMO_CONFIGURATION,"Configured thresholds are synthetic for software testing, not legal limits"
ENV-0001763,M007,ENV-ST-M007-01,Oil_Grease,1.77,mg/L,,10,23.614321,87.129924,2026-08-27T22:00:00,DEMO_MONITORING_FEED,COMPLIANT,0,DEMO_CONFIGURATION,"Configured thresholds are synthetic for software testing, not legal limits"
ENV-0001764,M007,ENV-ST-M007-03,Noise,67.03,dB(A),,85,23.613961,87.120878,2026-08-27T14:00:00,DEMO_MONITORING_FEED,COMPLIANT,0,DEMO_CONFIGURATION,"Configured thresholds are synthetic for software testing, not legal limits"
ENV-0001765,M007,ENV-ST-M007-03,PM2.5,46.03,ug/m3,,60,23.621669,87.12733,2026-08-24T06:00:00,DEMO_MONITORING_FEED,COMPLIANT,0,DEMO_CONFIGURATION,"Configured thresholds are synthetic for software testing, not legal limits"
ENV-0001766,M007,ENV-ST-M007-02,PM10,54.63,ug/m3,,100,23.62381,87.113217,2026-08-24T22:00:00,DEMO_MONITORING_FEED,COMPLIANT,0,DEMO_CONFIGURATION,"Configured thresholds are synthetic for software testing, not legal limits"
ENV-0001767,M007,ENV-ST-M007-01,SO2,20.86,ug/m3,,80,23.622477,87.127088,2026-08-24T22:00:00,DEMO_MONITORING_FEED,COMPLIANT,0,DEMO_CONFIGURATION,"Configured thresholds are synthetic for software testing, not legal limits"
ENV-0001768,M007,ENV-ST-M007-02,NO2,30.48,ug/m3,,80,23.618907,87.124779,2026-08-24T14:00:00,DEMO_MONITORING_FEED,COMPLIANT,0,DEMO_CONFIGURATION,"Configured thresholds are synthetic for software testing, not legal limits"
ENV-0001769,M007,ENV-ST-M007-03,CO,1.38,mg/m3,,4,23.616985,87.121541,2026-08-24T06:00:00,DEMO_MONITORING_FEED,COMPLIANT,0,DEMO_CONFIGURATION,"Configured thresholds are synthetic for software testing, not legal limits"
ENV-0001770,M007,ENV-ST-M007-01,pH,7.45,pH,6.5,8.5,23.616826,87.1133,2026-08-24T22:00:00,DEMO_MONITORING_FEED,COMPLIANT,0,DEMO_CONFIGURATION,"Configured thresholds are synthetic for software testing, not legal limits"
ENV-0001771,M007,ENV-ST-M007-02,TSS,61.16,mg/L,,100,23.616015,87.128465,2026-08-24T14:00:00,DEMO_MONITORING_FEED,COMPLIANT,0,DEMO_CONFIGURATION,"Configured thresholds are synthetic for software testing, not legal limits"
ENV-0001772,M007,ENV-ST-M007-02,TDS,610.84,mg/L,,2100,23.621163,87.111458,2026-08-24T22:00:00,DEMO_MONITORING_FEED,COMPLIANT,0,DEMO_CONFIGURATION,"Configured thresholds are synthetic for software testing, not legal limits"
ENV-0001773,M007,ENV-ST-M007-01,COD,124.57,mg/L,,250,23.617344,87.11746,2026-08-24T22:00:00,DEMO_MONITORING_FEED,COMPLIANT,0,DEMO_CONFIGURATION,"Configured thresholds are synthetic for software testing, not legal limits"
ENV-0001774,M007,ENV-ST-M007-02,BOD,16.51,mg/L,,30,23.629189,87.128632,2026-08-24T14:00:00,DEMO_MONITORING_FEED,COMPLIANT,0,DEMO_CONFIGURATION,"Configured thresholds are synthetic for software testing, not legal limits"
ENV-0001775,M007,ENV-ST-M007-02,Oil_Grease,3.31,mg/L,,10,23.617973,87.122972,2026-08-24T06:00:00,DEMO_MONITORING_FEED,COMPLIANT,0,DEMO_CONFIGURATION,"Configured thresholds are synthetic for software testing, not legal limits"
ENV-0001776,M007,ENV-ST-M007-03,Noise,65.78,dB(A),,85,23.617657,87.129585,2026-08-24T06:00:00,DEMO_MONITORING_FEED,COMPLIANT,0,DEMO_CONFIGURATION,"Configured thresholds are synthetic for software testing, not legal limits"
ENV-0001777,M007,ENV-ST-M007-02,PM2.5,27.31,ug/m3,,60,23.617375,87.11363,2026-08-21T22:00:00,DEMO_MONITORING_FEED,COMPLIANT,0,DEMO_CONFIGURATION,"Configured thresholds are synthetic for software testing, not legal limits"
ENV-0001778,M007,ENV-ST-M007-02,PM10,69.35,ug/m3,,100,23.619217,87.120622,2026-08-21T22:00:00,DEMO_MONITORING_FEED,COMPLIANT,0,DEMO_CONFIGURATION,"Configured thresholds are synthetic for software testing, not legal limits"
ENV-0001779,M007,ENV-ST-M007-02,SO2,28.36,ug/m3,,80,23.614645,87.110673,2026-08-21T06:00:00,DEMO_MONITORING_FEED,COMPLIANT,0,DEMO_CONFIGURATION,"Configured thresholds are synthetic for software testing, not legal limits"
ENV-0001780,M007,ENV-ST-M007-02,NO2,44.69,ug/m3,,80,23.612346,87.115537,2026-08-21T06:00:00,DEMO_MONITORING_FEED,COMPLIANT,0,DEMO_CONFIGURATION,"Configured thresholds are synthetic for software testing, not legal limits"
ENV-0001781,M007,ENV-ST-M007-01,CO,0.51,mg/m3,,4,23.61018,87.120036,2026-08-21T22:00:00,DEMO_MONITORING_FEED,COMPLIANT,0,DEMO_CONFIGURATION,"Configured thresholds are synthetic for software testing, not legal limits"
ENV-0001782,M007,ENV-ST-M007-01,pH,7.12,pH,6.5,8.5,23.616717,87.110032,2026-08-21T14:00:00,DEMO_MONITORING_FEED,COMPLIANT,0,DEMO_CONFIGURATION,"Configured thresholds are synthetic for software testing, not legal limits"
ENV-0001783,M007,ENV-ST-M007-03,TSS,53.47,mg/L,,100,23.622354,87.113508,2026-08-21T06:00:00,DEMO_MONITORING_FEED,COMPLIANT,0,DEMO_CONFIGURATION,"Configured thresholds are synthetic for software testing, not legal limits"
ENV-0001784,M007,ENV-ST-M007-02,TDS,632.63,mg/L,,2100,23.612795,87.110744,2026-08-21T06:00:00,DEMO_MONITORING_FEED,COMPLIANT,0,DEMO_CONFIGURATION,"Configured thresholds are synthetic for software testing, not legal limits"
ENV-0001785,M007,ENV-ST-M007-03,COD,116.13,mg/L,,250,23.617734,87.122562,2026-08-21T14:00:00,DEMO_MONITORING_FEED,COMPLIANT,0,DEMO_CONFIGURATION,"Configured thresholds are synthetic for software testing, not legal limits"
ENV-0001786,M007,ENV-ST-M007-03,BOD,15.55,mg/L,,30,23.626004,87.129545,2026-08-21T06:00:00,DEMO_MONITORING_FEED,COMPLIANT,0,DEMO_CONFIGURATION,"Configured thresholds are synthetic for software testing, not legal limits"
ENV-0001787,M007,ENV-ST-M007-03,Oil_Grease,2.46,mg/L,,10,23.622447,87.115783,2026-08-21T22:00:00,DEMO_MONITORING_FEED,COMPLIANT,0,DEMO_CONFIGURATION,"Configured thresholds are synthetic for software testing, not legal limits"
ENV-0001788,M007,ENV-ST-M007-03,Noise,47.34,dB(A),,85,23.621955,87.125567,2026-08-21T22:00:00,DEMO_MONITORING_FEED,COMPLIANT,0,DEMO_CONFIGURATION,"Configured thresholds are synthetic for software testing, not legal limits"
ENV-0001789,M007,ENV-ST-M007-02,PM2.5,32.93,ug/m3,,60,23.616443,87.117,2026-08-18T06:00:00,DEMO_MONITORING_FEED,COMPLIANT,0,DEMO_CONFIGURATION,"Configured thresholds are synthetic for software testing, not legal limits"
ENV-0001790,M007,ENV-ST-M007-03,PM10,61.72,ug/m3,,100,23.615307,87.118662,2026-08-18T06:00:00,DEMO_MONITORING_FEED,COMPLIANT,0,DEMO_CONFIGURATION,"Configured thresholds are synthetic for software testing, not legal limits"
ENV-0001791,M007,ENV-ST-M007-03,SO2,21.15,ug/m3,,80,23.610445,87.113833,2026-08-18T22:00:00,DEMO_MONITORING_FEED,COMPLIANT,0,DEMO_CONFIGURATION,"Configured thresholds are synthetic for software testing, not legal limits"
ENV-0001792,M007,ENV-ST-M007-02,NO2,12.23,ug/m3,,80,23.616239,87.11743,2026-08-18T06:00:00,DEMO_MONITORING_FEED,COMPLIANT,0,DEMO_CONFIGURATION,"Configured thresholds are synthetic for software testing, not legal limits"
ENV-0001793,M007,ENV-ST-M007-02,CO,0.85,mg/m3,,4,23.618725,87.126002,2026-08-18T14:00:00,DEMO_MONITORING_FEED,COMPLIANT,0,DEMO_CONFIGURATION,"Configured thresholds are synthetic for software testing, not legal limits"
ENV-0001794,M007,ENV-ST-M007-02,pH,7.69,pH,6.5,8.5,23.614296,87.125101,2026-08-18T14:00:00,DEMO_MONITORING_FEED,COMPLIANT,0,DEMO_CONFIGURATION,"Configured thresholds are synthetic for software testing, not legal limits"
ENV-0001795,M007,ENV-ST-M007-03,TSS,43.94,mg/L,,100,23.618619,87.123749,2026-08-18T22:00:00,DEMO_MONITORING_FEED,COMPLIANT,0,DEMO_CONFIGURATION,"Configured thresholds are synthetic for software testing, not legal limits"
ENV-0001796,M007,ENV-ST-M007-02,TDS,529.93,mg/L,,2100,23.614399,87.114509,2026-08-18T14:00:00,DEMO_MONITORING_FEED,COMPLIANT,0,DEMO_CONFIGURATION,"Configured thresholds are synthetic for software testing, not legal limits"
ENV-0001797,M007,ENV-ST-M007-02,COD,114.4,mg/L,,250,23.620816,87.12592,2026-08-18T14:00:00,DEMO_MONITORING_FEED,COMPLIANT,0,DEMO_CONFIGURATION,"Configured thresholds are synthetic for software testing, not legal limits"
ENV-0001798,M007,ENV-ST-M007-01,BOD,11.81,mg/L,,30,23.625951,87.110202,2026-08-18T14:00:00,DEMO_MONITORING_FEED,COMPLIANT,0,DEMO_CONFIGURATION,"Configured thresholds are synthetic for software testing, not legal limits"
ENV-0001799,M007,ENV-ST-M007-01,Oil_Grease,1.42,mg/L,,10,23.618892,87.111944,2026-08-18T22:00:00,DEMO_MONITORING_FEED,COMPLIANT,0,DEMO_CONFIGURATION,"Configured thresholds are synthetic for software testing, not legal limits"
ENV-0001800,M007,ENV-ST-M007-03,Noise,55.84,dB(A),,85,23.615792,87.120766,2026-08-18T14:00:00,DEMO_MONITORING_FEED,COMPLIANT,0,DEMO_CONFIGURATION,"Configured thresholds are synthetic for software testing, not legal limits"
ENV-0001801,M007,ENV-ST-M007-03,PM2.5,38.96,ug/m3,,60,23.629432,87.1257,2026-08-15T06:00:00,DEMO_MONITORING_FEED,COMPLIANT,0,DEMO_CONFIGURATION,"Configured thresholds are synthetic for software testing, not legal limits"
ENV-0001802,M007,ENV-ST-M007-02,PM10,65.24,ug/m3,,100,23.618468,87.123378,2026-08-15T06:00:00,DEMO_MONITORING_FEED,COMPLIANT,0,DEMO_CONFIGURATION,"Configured thresholds are synthetic for software testing, not legal limits"
ENV-0001803,M007,ENV-ST-M007-02,SO2,16.9,ug/m3,,80,23.626516,87.120294,2026-08-15T06:00:00,DEMO_MONITORING_FEED,COMPLIANT,0,DEMO_CONFIGURATION,"Configured thresholds are synthetic for software testing, not legal limits"
ENV-0001804,M007,ENV-ST-M007-01,NO2,38.85,ug/m3,,80,23.618203,87.117456,2026-08-15T06:00:00,DEMO_MONITORING_FEED,COMPLIANT,0,DEMO_CONFIGURATION,"Configured thresholds are synthetic for software testing, not legal limits"
ENV-0001805,M007,ENV-ST-M007-03,CO,0.77,mg/m3,,4,23.612072,87.110018,2026-08-15T22:00:00,DEMO_MONITORING_FEED,COMPLIANT,0,DEMO_CONFIGURATION,"Configured thresholds are synthetic for software testing, not legal limits"
ENV-0001806,M007,ENV-ST-M007-02,pH,7.04,pH,6.5,8.5,23.620955,87.120879,2026-08-15T22:00:00,DEMO_MONITORING_FEED,COMPLIANT,0,DEMO_CONFIGURATION,"Configured thresholds are synthetic for software testing, not legal limits"
ENV-0001807,M007,ENV-ST-M007-02,TSS,63.37,mg/L,,100,23.6172,87.118223,2026-08-15T14:00:00,DEMO_MONITORING_FEED,COMPLIANT,0,DEMO_CONFIGURATION,"Configured thresholds are synthetic for software testing, not legal limits"
ENV-0001808,M007,ENV-ST-M007-02,TDS,866.18,mg/L,,2100,23.615248,87.128582,2026-08-15T22:00:00,DEMO_MONITORING_FEED,COMPLIANT,0,DEMO_CONFIGURATION,"Configured thresholds are synthetic for software testing, not legal limits"
ENV-0001809,M007,ENV-ST-M007-01,COD,93.26,mg/L,,250,23.622239,87.111555,2026-08-15T22:00:00,DEMO_MONITORING_FEED,COMPLIANT,0,DEMO_CONFIGURATION,"Configured thresholds are synthetic for software testing, not legal limits"
ENV-0001810,M007,ENV-ST-M007-02,BOD,12.91,mg/L,,30,23.622831,87.118266,2026-08-15T22:00:00,DEMO_MONITORING_FEED,COMPLIANT,0,DEMO_CONFIGURATION,"Configured thresholds are synthetic for software testing, not legal limits"
ENV-0001811,M007,ENV-ST-M007-03,Oil_Grease,3.0,mg/L,,10,23.610202,87.11433,2026-08-15T22:00:00,DEMO_MONITORING_FEED,COMPLIANT,0,DEMO_CONFIGURATION,"Configured thresholds are synthetic for software testing, not legal limits"
ENV-0001812,M007,ENV-ST-M007-03,Noise,62.53,dB(A),,85,23.618807,87.118236,2026-08-15T06:00:00,DEMO_MONITORING_FEED,COMPLIANT,0,DEMO_CONFIGURATION,"Configured thresholds are synthetic for software testing, not legal limits"
ENV-0001813,M007,ENV-ST-M007-01,PM2.5,27.59,ug/m3,,60,23.613497,87.120814,2026-08-12T22:00:00,DEMO_MONITORING_FEED,COMPLIANT,0,DEMO_CONFIGURATION,"Configured thresholds are synthetic for software testing, not legal limits"
ENV-0001814,M007,ENV-ST-M007-01,PM10,63.59,ug/m3,,100,23.619719,87.126332,2026-08-12T06:00:00,DEMO_MONITORING_FEED,COMPLIANT,0,DEMO_CONFIGURATION,"Configured thresholds are synthetic for software testing, not legal limits"
ENV-0001815,M007,ENV-ST-M007-01,SO2,32.56,ug/m3,,80,23.624539,87.128136,2026-08-12T14:00:00,DEMO_MONITORING_FEED,COMPLIANT,0,DEMO_CONFIGURATION,"Configured thresholds are synthetic for software testing, not legal limits"
ENV-0001816,M007,ENV-ST-M007-03,NO2,39.15,ug/m3,,80,23.616547,87.117677,2026-08-12T14:00:00,DEMO_MONITORING_FEED,COMPLIANT,0,DEMO_CONFIGURATION,"Configured thresholds are synthetic for software testing, not legal limits"
ENV-0001817,M007,ENV-ST-M007-01,CO,1.36,mg/m3,,4,23.62791,87.126015,2026-08-12T14:00:00,DEMO_MONITORING_FEED,COMPLIANT,0,DEMO_CONFIGURATION,"Configured thresholds are synthetic for software testing, not legal limits"
ENV-0001818,M007,ENV-ST-M007-03,pH,7.51,pH,6.5,8.5,23.622631,87.123675,2026-08-12T06:00:00,DEMO_MONITORING_FEED,COMPLIANT,0,DEMO_CONFIGURATION,"Configured thresholds are synthetic for software testing, not legal limits"
ENV-0001819,M007,ENV-ST-M007-01,TSS,50.24,mg/L,,100,23.612911,87.120895,2026-08-12T14:00:00,DEMO_MONITORING_FEED,COMPLIANT,0,DEMO_CONFIGURATION,"Configured thresholds are synthetic for software testing, not legal limits"
ENV-0001820,M007,ENV-ST-M007-03,TDS,736.92,mg/L,,2100,23.629999,87.12712,2026-08-12T06:00:00,DEMO_MONITORING_FEED,COMPLIANT,0,DEMO_CONFIGURATION,"Configured thresholds are synthetic for software testing, not legal limits"
ENV-0001821,M007,ENV-ST-M007-03,COD,112.05,mg/L,,250,23.613693,87.123291,2026-08-12T22:00:00,DEMO_MONITORING_FEED,COMPLIANT,0,DEMO_CONFIGURATION,"Configured thresholds are synthetic for software testing, not legal limits"
ENV-0001822,M007,ENV-ST-M007-01,BOD,10.32,mg/L,,30,23.619434,87.112545,2026-08-12T22:00:00,DEMO_MONITORING_FEED,COMPLIANT,0,DEMO_CONFIGURATION,"Configured thresholds are synthetic for software testing, not legal limits"
ENV-0001823,M007,ENV-ST-M007-01,Oil_Grease,1.3,mg/L,,10,23.615898,87.112857,2026-08-12T14:00:00,DEMO_MONITORING_FEED,COMPLIANT,0,DEMO_CONFIGURATION,"Configured thresholds are synthetic for software testing, not legal limits"
ENV-0001824,M007,ENV-ST-M007-02,Noise,57.67,dB(A),,85,23.626452,87.11767,2026-08-12T06:00:00,DEMO_MONITORING_FEED,COMPLIANT,0,DEMO_CONFIGURATION,"Configured thresholds are synthetic for software testing, not legal limits"
ENV-0001825,M007,ENV-ST-M007-01,PM2.5,37.85,ug/m3,,60,23.621027,87.125622,2026-08-09T06:00:00,DEMO_MONITORING_FEED,COMPLIANT,0,DEMO_CONFIGURATION,"Configured thresholds are synthetic for software testing, not legal limits"
ENV-0001826,M007,ENV-ST-M007-02,PM10,70.17,ug/m3,,100,23.615797,87.125244,2026-08-09T14:00:00,DEMO_MONITORING_FEED,COMPLIANT,0,DEMO_CONFIGURATION,"Configured thresholds are synthetic for software testing, not legal limits"
ENV-0001827,M007,ENV-ST-M007-03,SO2,30.3,ug/m3,,80,23.624345,87.125687,2026-08-09T22:00:00,DEMO_MONITORING_FEED,COMPLIANT,0,DEMO_CONFIGURATION,"Configured thresholds are synthetic for software testing, not legal limits"
ENV-0001828,M007,ENV-ST-M007-03,NO2,37.49,ug/m3,,80,23.623177,87.1203,2026-08-09T06:00:00,DEMO_MONITORING_FEED,COMPLIANT,0,DEMO_CONFIGURATION,"Configured thresholds are synthetic for software testing, not legal limits"
ENV-0001829,M007,ENV-ST-M007-01,CO,1.15,mg/m3,,4,23.621506,87.111952,2026-08-09T22:00:00,DEMO_MONITORING_FEED,COMPLIANT,0,DEMO_CONFIGURATION,"Configured thresholds are synthetic for software testing, not legal limits"
ENV-0001830,M007,ENV-ST-M007-03,pH,6.74,pH,6.5,8.5,23.629593,87.111955,2026-08-09T22:00:00,DEMO_MONITORING_FEED,COMPLIANT,0,DEMO_CONFIGURATION,"Configured thresholds are synthetic for software testing, not legal limits"
ENV-0001831,M007,ENV-ST-M007-03,TSS,50.61,mg/L,,100,23.629704,87.118765,2026-08-09T14:00:00,DEMO_MONITORING_FEED,COMPLIANT,0,DEMO_CONFIGURATION,"Configured thresholds are synthetic for software testing, not legal limits"
ENV-0001832,M007,ENV-ST-M007-03,TDS,556.48,mg/L,,2100,23.621295,87.127917,2026-08-09T06:00:00,DEMO_MONITORING_FEED,COMPLIANT,0,DEMO_CONFIGURATION,"Configured thresholds are synthetic for software testing, not legal limits"
ENV-0001833,M007,ENV-ST-M007-03,COD,100.46,mg/L,,250,23.624114,87.121053,2026-08-09T06:00:00,DEMO_MONITORING_FEED,COMPLIANT,0,DEMO_CONFIGURATION,"Configured thresholds are synthetic for software testing, not legal limits"
ENV-0001834,M007,ENV-ST-M007-01,BOD,8.68,mg/L,,30,23.618139,87.118469,2026-08-09T14:00:00,DEMO_MONITORING_FEED,COMPLIANT,0,DEMO_CONFIGURATION,"Configured thresholds are synthetic for software testing, not legal limits"
ENV-0001835,M007,ENV-ST-M007-02,Oil_Grease,3.06,mg/L,,10,23.625152,87.122902,2026-08-09T22:00:00,DEMO_MONITORING_FEED,COMPLIANT,0,DEMO_CONFIGURATION,"Configured thresholds are synthetic for software testing, not legal limits"
ENV-0001836,M007,ENV-ST-M007-01,Noise,57.08,dB(A),,85,23.625743,87.116465,2026-08-09T22:00:00,DEMO_MONITORING_FEED,COMPLIANT,0,DEMO_CONFIGURATION,"Configured thresholds are synthetic for software testing, not legal limits"
ENV-0001837,M007,ENV-ST-M007-01,PM2.5,35.48,ug/m3,,60,23.629337,87.117636,2026-08-06T22:00:00,DEMO_MONITORING_FEED,COMPLIANT,0,DEMO_CONFIGURATION,"Configured thresholds are synthetic for software testing, not legal limits"
ENV-0001838,M007,ENV-ST-M007-01,PM10,60.35,ug/m3,,100,23.629892,87.127598,2026-08-06T14:00:00,DEMO_MONITORING_FEED,COMPLIANT,0,DEMO_CONFIGURATION,"Configured thresholds are synthetic for software testing, not legal limits"
ENV-0001839,M007,ENV-ST-M007-03,SO2,33.99,ug/m3,,80,23.613903,87.121356,2026-08-06T22:00:00,DEMO_MONITORING_FEED,COMPLIANT,0,DEMO_CONFIGURATION,"Configured thresholds are synthetic for software testing, not legal limits"
ENV-0001840,M007,ENV-ST-M007-02,NO2,12.31,ug/m3,,80,23.620537,87.123293,2026-08-06T06:00:00,DEMO_MONITORING_FEED,COMPLIANT,0,DEMO_CONFIGURATION,"Configured thresholds are synthetic for software testing, not legal limits"
ENV-0001841,M007,ENV-ST-M007-02,CO,0.96,mg/m3,,4,23.62266,87.110719,2026-08-06T22:00:00,DEMO_MONITORING_FEED,COMPLIANT,0,DEMO_CONFIGURATION,"Configured thresholds are synthetic for software testing, not legal limits"
ENV-0001842,M007,ENV-ST-M007-02,pH,7.97,pH,6.5,8.5,23.625229,87.126839,2026-08-06T06:00:00,DEMO_MONITORING_FEED,COMPLIANT,0,DEMO_CONFIGURATION,"Configured thresholds are synthetic for software testing, not legal limits"
ENV-0001843,M007,ENV-ST-M007-03,TSS,48.36,mg/L,,100,23.611403,87.124468,2026-08-06T06:00:00,DEMO_MONITORING_FEED,COMPLIANT,0,DEMO_CONFIGURATION,"Configured thresholds are synthetic for software testing, not legal limits"
ENV-0001844,M007,ENV-ST-M007-03,TDS,771.94,mg/L,,2100,23.627156,87.12799,2026-08-06T22:00:00,DEMO_MONITORING_FEED,COMPLIANT,0,DEMO_CONFIGURATION,"Configured thresholds are synthetic for software testing, not legal limits"
ENV-0001845,M007,ENV-ST-M007-02,COD,92.32,mg/L,,250,23.628444,87.117124,2026-08-06T22:00:00,DEMO_MONITORING_FEED,COMPLIANT,0,DEMO_CONFIGURATION,"Configured thresholds are synthetic for software testing, not legal limits"
ENV-0001846,M007,ENV-ST-M007-03,BOD,7.01,mg/L,,30,23.622,87.114826,2026-08-06T06:00:00,DEMO_MONITORING_FEED,COMPLIANT,0,DEMO_CONFIGURATION,"Configured thresholds are synthetic for software testing, not legal limits"
ENV-0001847,M007,ENV-ST-M007-02,Oil_Grease,2.78,mg/L,,10,23.610379,87.123364,2026-08-06T14:00:00,DEMO_MONITORING_FEED,COMPLIANT,0,DEMO_CONFIGURATION,"Configured thresholds are synthetic for software testing, not legal limits"
ENV-0001848,M007,ENV-ST-M007-01,Noise,73.46,dB(A),,85,23.619281,87.115849,2026-08-06T22:00:00,DEMO_MONITORING_FEED,COMPLIANT,0,DEMO_CONFIGURATION,"Configured thresholds are synthetic for software testing, not legal limits"
ENV-0001849,M007,ENV-ST-M007-03,PM2.5,35.63,ug/m3,,60,23.618473,87.116482,2026-08-03T22:00:00,DEMO_MONITORING_FEED,COMPLIANT,0,DEMO_CONFIGURATION,"Configured thresholds are synthetic for software testing, not legal limits"
ENV-0001850,M007,ENV-ST-M007-01,PM10,61.14,ug/m3,,100,23.62927,87.111289,2026-08-03T14:00:00,DEMO_MONITORING_FEED,COMPLIANT,0,DEMO_CONFIGURATION,"Configured thresholds are synthetic for software testing, not legal limits"
ENV-0001851,M007,ENV-ST-M007-02,SO2,26.41,ug/m3,,80,23.625028,87.113692,2026-08-03T22:00:00,DEMO_MONITORING_FEED,COMPLIANT,0,DEMO_CONFIGURATION,"Configured thresholds are synthetic for software testing, not legal limits"
ENV-0001852,M007,ENV-ST-M007-03,NO2,25.77,ug/m3,,80,23.628163,87.11928,2026-08-03T22:00:00,DEMO_MONITORING_FEED,COMPLIANT,0,DEMO_CONFIGURATION,"Configured thresholds are synthetic for software testing, not legal limits"
ENV-0001853,M007,ENV-ST-M007-02,CO,1.19,mg/m3,,4,23.611657,87.11032,2026-08-03T14:00:00,DEMO_MONITORING_FEED,COMPLIANT,0,DEMO_CONFIGURATION,"Configured thresholds are synthetic for software testing, not legal limits"
ENV-0001854,M007,ENV-ST-M007-01,pH,7.54,pH,6.5,8.5,23.623461,87.122751,2026-08-03T06:00:00,DEMO_MONITORING_FEED,COMPLIANT,0,DEMO_CONFIGURATION,"Configured thresholds are synthetic for software testing, not legal limits"
ENV-0001855,M007,ENV-ST-M007-02,TSS,17.63,mg/L,,100,23.61856,87.118627,2026-08-03T06:00:00,DEMO_MONITORING_FEED,COMPLIANT,0,DEMO_CONFIGURATION,"Configured thresholds are synthetic for software testing, not legal limits"
ENV-0001856,M007,ENV-ST-M007-03,TDS,560.35,mg/L,,2100,23.625474,87.112361,2026-08-03T14:00:00,DEMO_MONITORING_FEED,COMPLIANT,0,DEMO_CONFIGURATION,"Configured thresholds are synthetic for software testing, not legal limits"
ENV-0001857,M007,ENV-ST-M007-02,COD,107.2,mg/L,,250,23.627449,87.119943,2026-08-03T22:00:00,DEMO_MONITORING_FEED,COMPLIANT,0,DEMO_CONFIGURATION,"Configured thresholds are synthetic for software testing, not legal limits"
ENV-0001858,M007,ENV-ST-M007-03,BOD,11.77,mg/L,,30,23.614615,87.115756,2026-08-03T22:00:00,DEMO_MONITORING_FEED,COMPLIANT,0,DEMO_CONFIGURATION,"Configured thresholds are synthetic for software testing, not legal limits"
ENV-0001859,M007,ENV-ST-M007-01,Oil_Grease,3.11,mg/L,,10,23.621285,87.11396,2026-08-03T14:00:00,DEMO_MONITORING_FEED,COMPLIANT,0,DEMO_CONFIGURATION,"Configured thresholds are synthetic for software testing, not legal limits"
ENV-0001860,M007,ENV-ST-M007-01,Noise,54.5,dB(A),,85,23.613268,87.126014,2026-08-03T14:00:00,DEMO_MONITORING_FEED,COMPLIANT,0,DEMO_CONFIGURATION,"Configured thresholds are synthetic for software testing, not legal limits"
ENV-0001861,M007,ENV-ST-M007-02,PM2.5,30.89,ug/m3,,60,23.627955,87.127525,2026-07-31T06:00:00,DEMO_MONITORING_FEED,COMPLIANT,0,DEMO_CONFIGURATION,"Configured thresholds are synthetic for software testing, not legal limits"
ENV-0001862,M007,ENV-ST-M007-02,PM10,56.67,ug/m3,,100,23.626146,87.114668,2026-07-31T22:00:00,DEMO_MONITORING_FEED,COMPLIANT,0,DEMO_CONFIGURATION,"Configured thresholds are synthetic for software testing, not legal limits"
ENV-0001863,M007,ENV-ST-M007-03,SO2,26.43,ug/m3,,80,23.612385,87.112644,2026-07-31T14:00:00,DEMO_MONITORING_FEED,COMPLIANT,0,DEMO_CONFIGURATION,"Configured thresholds are synthetic for software testing, not legal limits"
ENV-0001864,M007,ENV-ST-M007-01,NO2,32.12,ug/m3,,80,23.618397,87.115384,2026-07-31T14:00:00,DEMO_MONITORING_FEED,COMPLIANT,0,DEMO_CONFIGURATION,"Configured thresholds are synthetic for software testing, not legal limits"
ENV-0001865,M007,ENV-ST-M007-01,CO,0.46,mg/m3,,4,23.623169,87.123997,2026-07-31T14:00:00,DEMO_MONITORING_FEED,COMPLIANT,0,DEMO_CONFIGURATION,"Configured thresholds are synthetic for software testing, not legal limits"
ENV-0001866,M007,ENV-ST-M007-02,pH,6.92,pH,6.5,8.5,23.629044,87.111107,2026-07-31T22:00:00,DEMO_MONITORING_FEED,COMPLIANT,0,DEMO_CONFIGURATION,"Configured thresholds are synthetic for software testing, not legal limits"
ENV-0001867,M007,ENV-ST-M007-02,TSS,53.45,mg/L,,100,23.61852,87.125215,2026-07-31T22:00:00,DEMO_MONITORING_FEED,COMPLIANT,0,DEMO_CONFIGURATION,"Configured thresholds are synthetic for software testing, not legal limits"
ENV-0001868,M007,ENV-ST-M007-03,TDS,548.79,mg/L,,2100,23.610967,87.128454,2026-07-31T14:00:00,DEMO_MONITORING_FEED,COMPLIANT,0,DEMO_CONFIGURATION,"Configured thresholds are synthetic for software testing, not legal limits"
ENV-0001869,M007,ENV-ST-M007-02,COD,89.91,mg/L,,250,23.617409,87.123037,2026-07-31T22:00:00,DEMO_MONITORING_FEED,COMPLIANT,0,DEMO_CONFIGURATION,"Configured thresholds are synthetic for software testing, not legal limits"
ENV-0001870,M007,ENV-ST-M007-02,BOD,15.44,mg/L,,30,23.616043,87.122171,2026-07-31T14:00:00,DEMO_MONITORING_FEED,COMPLIANT,0,DEMO_CONFIGURATION,"Configured thresholds are synthetic for software testing, not legal limits"
ENV-0001871,M007,ENV-ST-M007-01,Oil_Grease,2.34,mg/L,,10,23.614638,87.126998,2026-07-31T06:00:00,DEMO_MONITORING_FEED,COMPLIANT,0,DEMO_CONFIGURATION,"Configured thresholds are synthetic for software testing, not legal limits"
ENV-0001872,M007,ENV-ST-M007-03,Noise,60.15,dB(A),,85,23.629369,87.118996,2026-07-31T06:00:00,DEMO_MONITORING_FEED,COMPLIANT,0,DEMO_CONFIGURATION,"Configured thresholds are synthetic for software testing, not legal limits"
ENV-0001873,M007,ENV-ST-M007-01,PM2.5,36.64,ug/m3,,60,23.620164,87.125566,2026-07-28T14:00:00,DEMO_MONITORING_FEED,COMPLIANT,0,DEMO_CONFIGURATION,"Configured thresholds are synthetic for software testing, not legal limits"
ENV-0001874,M007,ENV-ST-M007-01,PM10,59.03,ug/m3,,100,23.618233,87.123689,2026-07-28T14:00:00,DEMO_MONITORING_FEED,COMPLIANT,0,DEMO_CONFIGURATION,"Configured thresholds are synthetic for software testing, not legal limits"
ENV-0001875,M007,ENV-ST-M007-03,SO2,33.76,ug/m3,,80,23.618062,87.113254,2026-07-28T06:00:00,DEMO_MONITORING_FEED,COMPLIANT,0,DEMO_CONFIGURATION,"Configured thresholds are synthetic for software testing, not legal limits"
ENV-0001876,M007,ENV-ST-M007-03,NO2,30.87,ug/m3,,80,23.619884,87.128643,2026-07-28T06:00:00,DEMO_MONITORING_FEED,COMPLIANT,0,DEMO_CONFIGURATION,"Configured thresholds are synthetic for software testing, not legal limits"
ENV-0001877,M007,ENV-ST-M007-02,CO,0.63,mg/m3,,4,23.61536,87.116499,2026-07-28T22:00:00,DEMO_MONITORING_FEED,COMPLIANT,0,DEMO_CONFIGURATION,"Configured thresholds are synthetic for software testing, not legal limits"
ENV-0001878,M007,ENV-ST-M007-01,pH,7.15,pH,6.5,8.5,23.622948,87.121488,2026-07-28T14:00:00,DEMO_MONITORING_FEED,COMPLIANT,0,DEMO_CONFIGURATION,"Configured thresholds are synthetic for software testing, not legal limits"
ENV-0001879,M007,ENV-ST-M007-03,TSS,47.65,mg/L,,100,23.624407,87.115274,2026-07-28T22:00:00,DEMO_MONITORING_FEED,COMPLIANT,0,DEMO_CONFIGURATION,"Configured thresholds are synthetic for software testing, not legal limits"
ENV-0001880,M007,ENV-ST-M007-02,TDS,522.11,mg/L,,2100,23.628348,87.122841,2026-07-28T14:00:00,DEMO_MONITORING_FEED,COMPLIANT,0,DEMO_CONFIGURATION,"Configured thresholds are synthetic for software testing, not legal limits"
ENV-0001881,M007,ENV-ST-M007-02,COD,116.13,mg/L,,250,23.628811,87.114375,2026-07-28T06:00:00,DEMO_MONITORING_FEED,COMPLIANT,0,DEMO_CONFIGURATION,"Configured thresholds are synthetic for software testing, not legal limits"
ENV-0001882,M007,ENV-ST-M007-01,BOD,11.06,mg/L,,30,23.625905,87.123437,2026-07-28T06:00:00,DEMO_MONITORING_FEED,COMPLIANT,0,DEMO_CONFIGURATION,"Configured thresholds are synthetic for software testing, not legal limits"
ENV-0001883,M007,ENV-ST-M007-01,Oil_Grease,1.99,mg/L,,10,23.610653,87.126556,2026-07-28T22:00:00,DEMO_MONITORING_FEED,COMPLIANT,0,DEMO_CONFIGURATION,"Configured thresholds are synthetic for software testing, not legal limits"
ENV-0001884,M007,ENV-ST-M007-01,Noise,64.95,dB(A),,85,23.617921,87.118819,2026-07-28T14:00:00,DEMO_MONITORING_FEED,COMPLIANT,0,DEMO_CONFIGURATION,"Configured thresholds are synthetic for software testing, not legal limits"
ENV-0001885,M007,ENV-ST-M007-03,PM2.5,22.75,ug/m3,,60,23.621806,87.124897,2026-07-25T14:00:00,DEMO_MONITORING_FEED,COMPLIANT,0,DEMO_CONFIGURATION,"Configured thresholds are synthetic for software testing, not legal limits"
ENV-0001886,M007,ENV-ST-M007-01,PM10,55.15,ug/m3,,100,23.625123,87.123054,2026-07-25T14:00:00,DEMO_MONITORING_FEED,COMPLIANT,0,DEMO_CONFIGURATION,"Configured thresholds are synthetic for software testing, not legal limits"
ENV-0001887,M007,ENV-ST-M007-01,SO2,29.61,ug/m3,,80,23.620174,87.12572,2026-07-25T14:00:00,DEMO_MONITORING_FEED,COMPLIANT,0,DEMO_CONFIGURATION,"Configured thresholds are synthetic for software testing, not legal limits"
ENV-0001888,M007,ENV-ST-M007-02,NO2,41.48,ug/m3,,80,23.624812,87.114835,2026-07-25T14:00:00,DEMO_MONITORING_FEED,COMPLIANT,0,DEMO_CONFIGURATION,"Configured thresholds are synthetic for software testing, not legal limits"
ENV-0001889,M007,ENV-ST-M007-01,CO,0.57,mg/m3,,4,23.616237,87.118278,2026-07-25T06:00:00,DEMO_MONITORING_FEED,COMPLIANT,0,DEMO_CONFIGURATION,"Configured thresholds are synthetic for software testing, not legal limits"
ENV-0001890,M007,ENV-ST-M007-02,pH,7.15,pH,6.5,8.5,23.625594,87.125886,2026-07-25T06:00:00,DEMO_MONITORING_FEED,COMPLIANT,0,DEMO_CONFIGURATION,"Configured thresholds are synthetic for software testing, not legal limits"
ENV-0001891,M007,ENV-ST-M007-01,TSS,35.95,mg/L,,100,23.622519,87.12898,2026-07-25T22:00:00,DEMO_MONITORING_FEED,COMPLIANT,0,DEMO_CONFIGURATION,"Configured thresholds are synthetic for software testing, not legal limits"
ENV-0001892,M007,ENV-ST-M007-03,TDS,699.5,mg/L,,2100,23.62303,87.111718,2026-07-25T22:00:00,DEMO_MONITORING_FEED,COMPLIANT,0,DEMO_CONFIGURATION,"Configured thresholds are synthetic for software testing, not legal limits"
ENV-0001893,M007,ENV-ST-M007-01,COD,86.01,mg/L,,250,23.620865,87.127796,2026-07-25T22:00:00,DEMO_MONITORING_FEED,COMPLIANT,0,DEMO_CONFIGURATION,"Configured thresholds are synthetic for software testing, not legal limits"
ENV-0001894,M007,ENV-ST-M007-01,BOD,18.33,mg/L,,30,23.623637,87.111607,2026-07-25T22:00:00,DEMO_MONITORING_FEED,COMPLIANT,0,DEMO_CONFIGURATION,"Configured thresholds are synthetic for software testing, not legal limits"
ENV-0001895,M007,ENV-ST-M007-02,Oil_Grease,2.39,mg/L,,10,23.625196,87.115978,2026-07-25T14:00:00,DEMO_MONITORING_FEED,COMPLIANT,0,DEMO_CONFIGURATION,"Configured thresholds are synthetic for software testing, not legal limits"
ENV-0001896,M007,ENV-ST-M007-03,Noise,52.17,dB(A),,85,23.62158,87.117039,2026-07-25T22:00:00,DEMO_MONITORING_FEED,COMPLIANT,0,DEMO_CONFIGURATION,"Configured thresholds are synthetic for software testing, not legal limits"
ENV-0001897,M007,ENV-ST-M007-03,PM2.5,20.66,ug/m3,,60,23.613872,87.113958,2026-07-22T06:00:00,DEMO_MONITORING_FEED,COMPLIANT,0,DEMO_CONFIGURATION,"Configured thresholds are synthetic for software testing, not legal limits"
ENV-0001898,M007,ENV-ST-M007-01,PM10,75.66,ug/m3,,100,23.624904,87.128231,2026-07-22T14:00:00,DEMO_MONITORING_FEED,COMPLIANT,0,DEMO_CONFIGURATION,"Configured thresholds are synthetic for software testing, not legal limits"
ENV-0001899,M007,ENV-ST-M007-03,SO2,38.11,ug/m3,,80,23.619823,87.122925,2026-07-22T06:00:00,DEMO_MONITORING_FEED,COMPLIANT,0,DEMO_CONFIGURATION,"Configured thresholds are synthetic for software testing, not legal limits"
ENV-0001900,M007,ENV-ST-M007-03,NO2,50.63,ug/m3,,80,23.629318,87.128565,2026-07-22T14:00:00,DEMO_MONITORING_FEED,COMPLIANT,0,DEMO_CONFIGURATION,"Configured thresholds are synthetic for software testing, not legal limits"
ENV-0001901,M007,ENV-ST-M007-02,CO,0.49,mg/m3,,4,23.623408,87.116622,2026-07-22T14:00:00,DEMO_MONITORING_FEED,COMPLIANT,0,DEMO_CONFIGURATION,"Configured thresholds are synthetic for software testing, not legal limits"
ENV-0001902,M007,ENV-ST-M007-03,pH,7.36,pH,6.5,8.5,23.614237,87.111683,2026-07-22T06:00:00,DEMO_MONITORING_FEED,COMPLIANT,0,DEMO_CONFIGURATION,"Configured thresholds are synthetic for software testing, not legal limits"
ENV-0001903,M007,ENV-ST-M007-03,TSS,42.44,mg/L,,100,23.627789,87.118031,2026-07-22T14:00:00,DEMO_MONITORING_FEED,COMPLIANT,0,DEMO_CONFIGURATION,"Configured thresholds are synthetic for software testing, not legal limits"
ENV-0001904,M007,ENV-ST-M007-01,TDS,681.72,mg/L,,2100,23.625545,87.127825,2026-07-22T06:00:00,DEMO_MONITORING_FEED,COMPLIANT,0,DEMO_CONFIGURATION,"Configured thresholds are synthetic for software testing, not legal limits"
ENV-0001905,M007,ENV-ST-M007-03,COD,89.96,mg/L,,250,23.615361,87.124479,2026-07-22T06:00:00,DEMO_MONITORING_FEED,COMPLIANT,0,DEMO_CONFIGURATION,"Configured thresholds are synthetic for software testing, not legal limits"
ENV-0001906,M007,ENV-ST-M007-01,BOD,9.54,mg/L,,30,23.616538,87.123636,2026-07-22T14:00:00,DEMO_MONITORING_FEED,COMPLIANT,0,DEMO_CONFIGURATION,"Configured thresholds are synthetic for software testing, not legal limits"
ENV-0001907,M007,ENV-ST-M007-02,Oil_Grease,2.13,mg/L,,10,23.624395,87.129286,2026-07-22T22:00:00,DEMO_MONITORING_FEED,COMPLIANT,0,DEMO_CONFIGURATION,"Configured thresholds are synthetic for software testing, not legal limits"
ENV-0001908,M007,ENV-ST-M007-03,Noise,49.09,dB(A),,85,23.622784,87.125983,2026-07-22T22:00:00,DEMO_MONITORING_FEED,COMPLIANT,0,DEMO_CONFIGURATION,"Configured thresholds are synthetic for software testing, not legal limits"
ENV-0001909,M007,ENV-ST-M007-01,PM2.5,32.0,ug/m3,,60,23.626599,87.119942,2026-07-19T14:00:00,DEMO_MONITORING_FEED,COMPLIANT,0,DEMO_CONFIGURATION,"Configured thresholds are synthetic for software testing, not legal limits"
ENV-0001910,M007,ENV-ST-M007-02,PM10,44.53,ug/m3,,100,23.611378,87.117612,2026-07-19T22:00:00,DEMO_MONITORING_FEED,COMPLIANT,0,DEMO_CONFIGURATION,"Configured thresholds are synthetic for software testing, not legal limits"
ENV-0001911,M007,ENV-ST-M007-03,SO2,20.61,ug/m3,,80,23.610733,87.122439,2026-07-19T06:00:00,DEMO_MONITORING_FEED,COMPLIANT,0,DEMO_CONFIGURATION,"Configured thresholds are synthetic for software testing, not legal limits"
ENV-0001912,M007,ENV-ST-M007-01,NO2,28.13,ug/m3,,80,23.617032,87.127341,2026-07-19T14:00:00,DEMO_MONITORING_FEED,COMPLIANT,0,DEMO_CONFIGURATION,"Configured thresholds are synthetic for software testing, not legal limits"
ENV-0001913,M007,ENV-ST-M007-02,CO,0.58,mg/m3,,4,23.611715,87.125074,2026-07-19T06:00:00,DEMO_MONITORING_FEED,COMPLIANT,0,DEMO_CONFIGURATION,"Configured thresholds are synthetic for software testing, not legal limits"
ENV-0001914,M007,ENV-ST-M007-01,pH,7.35,pH,6.5,8.5,23.613483,87.119394,2026-07-19T22:00:00,DEMO_MONITORING_FEED,COMPLIANT,0,DEMO_CONFIGURATION,"Configured thresholds are synthetic for software testing, not legal limits"
ENV-0001915,M007,ENV-ST-M007-03,TSS,32.13,mg/L,,100,23.629891,87.113734,2026-07-19T06:00:00,DEMO_MONITORING_FEED,COMPLIANT,0,DEMO_CONFIGURATION,"Configured thresholds are synthetic for software testing, not legal limits"
ENV-0001916,M007,ENV-ST-M007-01,TDS,630.65,mg/L,,2100,23.616368,87.117404,2026-07-19T14:00:00,DEMO_MONITORING_FEED,COMPLIANT,0,DEMO_CONFIGURATION,"Configured thresholds are synthetic for software testing, not legal limits"
ENV-0001917,M007,ENV-ST-M007-03,COD,111.62,mg/L,,250,23.614364,87.123639,2026-07-19T22:00:00,DEMO_MONITORING_FEED,COMPLIANT,0,DEMO_CONFIGURATION,"Configured thresholds are synthetic for software testing, not legal limits"
ENV-0001918,M007,ENV-ST-M007-02,BOD,14.09,mg/L,,30,23.618382,87.112029,2026-07-19T06:00:00,DEMO_MONITORING_FEED,COMPLIANT,0,DEMO_CONFIGURATION,"Configured thresholds are synthetic for software testing, not legal limits"
ENV-0001919,M007,ENV-ST-M007-02,Oil_Grease,3.4,mg/L,,10,23.624138,87.129964,2026-07-19T14:00:00,DEMO_MONITORING_FEED,COMPLIANT,0,DEMO_CONFIGURATION,"Configured thresholds are synthetic for software testing, not legal limits"
ENV-0001920,M007,ENV-ST-M007-01,Noise,48.26,dB(A),,85,23.622144,87.125846,2026-07-19T14:00:00,DEMO_MONITORING_FEED,COMPLIANT,0,DEMO_CONFIGURATION,"Configured thresholds are synthetic for software testing, not legal limits"
ENV-0001921,M007,ENV-ST-M007-03,PM2.5,29.56,ug/m3,,60,23.615908,87.118927,2026-07-16T14:00:00,DEMO_MONITORING_FEED,COMPLIANT,0,DEMO_CONFIGURATION,"Configured thresholds are synthetic for software testing, not legal limits"
ENV-0001922,M007,ENV-ST-M007-01,PM10,49.38,ug/m3,,100,23.612349,87.129224,2026-07-16T22:00:00,DEMO_MONITORING_FEED,COMPLIANT,0,DEMO_CONFIGURATION,"Configured thresholds are synthetic for software testing, not legal limits"
ENV-0001923,M007,ENV-ST-M007-03,SO2,31.42,ug/m3,,80,23.610338,87.126944,2026-07-16T06:00:00,DEMO_MONITORING_FEED,COMPLIANT,0,DEMO_CONFIGURATION,"Configured thresholds are synthetic for software testing, not legal limits"
ENV-0001924,M007,ENV-ST-M007-02,NO2,32.05,ug/m3,,80,23.620698,87.127483,2026-07-16T06:00:00,DEMO_MONITORING_FEED,COMPLIANT,0,DEMO_CONFIGURATION,"Configured thresholds are synthetic for software testing, not legal limits"
ENV-0001925,M007,ENV-ST-M007-02,CO,1.02,mg/m3,,4,23.614606,87.111508,2026-07-16T14:00:00,DEMO_MONITORING_FEED,COMPLIANT,0,DEMO_CONFIGURATION,"Configured thresholds are synthetic for software testing, not legal limits"
ENV-0001926,M007,ENV-ST-M007-01,pH,7.11,pH,6.5,8.5,23.613373,87.121019,2026-07-16T06:00:00,DEMO_MONITORING_FEED,COMPLIANT,0,DEMO_CONFIGURATION,"Configured thresholds are synthetic for software testing, not legal limits"
ENV-0001927,M007,ENV-ST-M007-01,TSS,57.53,mg/L,,100,23.627334,87.128687,2026-07-16T22:00:00,DEMO_MONITORING_FEED,COMPLIANT,0,DEMO_CONFIGURATION,"Configured thresholds are synthetic for software testing, not legal limits"
ENV-0001928,M007,ENV-ST-M007-01,TDS,778.32,mg/L,,2100,23.621223,87.110182,2026-07-16T14:00:00,DEMO_MONITORING_FEED,COMPLIANT,0,DEMO_CONFIGURATION,"Configured thresholds are synthetic for software testing, not legal limits"
ENV-0001929,M007,ENV-ST-M007-03,COD,71.52,mg/L,,250,23.617124,87.116976,2026-07-16T06:00:00,DEMO_MONITORING_FEED,COMPLIANT,0,DEMO_CONFIGURATION,"Configured thresholds are synthetic for software testing, not legal limits"
ENV-0001930,M007,ENV-ST-M007-01,BOD,20.08,mg/L,,30,23.626026,87.1169,2026-07-16T22:00:00,DEMO_MONITORING_FEED,COMPLIANT,0,DEMO_CONFIGURATION,"Configured thresholds are synthetic for software testing, not legal limits"
ENV-0001931,M007,ENV-ST-M007-01,Oil_Grease,3.59,mg/L,,10,23.624515,87.116395,2026-07-16T22:00:00,DEMO_MONITORING_FEED,COMPLIANT,0,DEMO_CONFIGURATION,"Configured thresholds are synthetic for software testing, not legal limits"
ENV-0001932,M007,ENV-ST-M007-02,Noise,62.53,dB(A),,85,23.614367,87.119072,2026-07-16T06:00:00,DEMO_MONITORING_FEED,COMPLIANT,0,DEMO_CONFIGURATION,"Configured thresholds are synthetic for software testing, not legal limits"
ENV-0001933,M007,ENV-ST-M007-03,PM2.5,32.58,ug/m3,,60,23.624398,87.128597,2026-07-13T06:00:00,DEMO_MONITORING_FEED,COMPLIANT,0,DEMO_CONFIGURATION,"Configured thresholds are synthetic for software testing, not legal limits"
ENV-0001934,M007,ENV-ST-M007-02,PM10,63.62,ug/m3,,100,23.611947,87.113689,2026-07-13T06:00:00,DEMO_MONITORING_FEED,COMPLIANT,0,DEMO_CONFIGURATION,"Configured thresholds are synthetic for software testing, not legal limits"
ENV-0001935,M007,ENV-ST-M007-03,SO2,16.89,ug/m3,,80,23.617722,87.123004,2026-07-13T22:00:00,DEMO_MONITORING_FEED,COMPLIANT,0,DEMO_CONFIGURATION,"Configured thresholds are synthetic for software testing, not legal limits"
ENV-0001936,M007,ENV-ST-M007-02,NO2,33.39,ug/m3,,80,23.621336,87.1128,2026-07-13T22:00:00,DEMO_MONITORING_FEED,COMPLIANT,0,DEMO_CONFIGURATION,"Configured thresholds are synthetic for software testing, not legal limits"
ENV-0001937,M007,ENV-ST-M007-03,CO,0,mg/m3,,4,23.624144,87.129531,2026-07-13T22:00:00,DEMO_MONITORING_FEED,COMPLIANT,0,DEMO_CONFIGURATION,"Configured thresholds are synthetic for software testing, not legal limits"
ENV-0001938,M007,ENV-ST-M007-01,pH,7.32,pH,6.5,8.5,23.610346,87.113782,2026-07-13T06:00:00,DEMO_MONITORING_FEED,COMPLIANT,0,DEMO_CONFIGURATION,"Configured thresholds are synthetic for software testing, not legal limits"
ENV-0001939,M007,ENV-ST-M007-02,TSS,47.46,mg/L,,100,23.616054,87.114908,2026-07-13T14:00:00,DEMO_MONITORING_FEED,COMPLIANT,0,DEMO_CONFIGURATION,"Configured thresholds are synthetic for software testing, not legal limits"
ENV-0001940,M007,ENV-ST-M007-01,TDS,424.86,mg/L,,2100,23.626888,87.127278,2026-07-13T14:00:00,DEMO_MONITORING_FEED,COMPLIANT,0,DEMO_CONFIGURATION,"Configured thresholds are synthetic for software testing, not legal limits"
ENV-0001941,M007,ENV-ST-M007-01,COD,94.02,mg/L,,250,23.617353,87.114306,2026-07-13T06:00:00,DEMO_MONITORING_FEED,COMPLIANT,0,DEMO_CONFIGURATION,"Configured thresholds are synthetic for software testing, not legal limits"
ENV-0001942,M007,ENV-ST-M007-03,BOD,12.11,mg/L,,30,23.628189,87.122189,2026-07-13T14:00:00,DEMO_MONITORING_FEED,COMPLIANT,0,DEMO_CONFIGURATION,"Configured thresholds are synthetic for software testing, not legal limits"
ENV-0001943,M007,ENV-ST-M007-02,Oil_Grease,2.3,mg/L,,10,23.628487,87.113993,2026-07-13T14:00:00,DEMO_MONITORING_FEED,COMPLIANT,0,DEMO_CONFIGURATION,"Configured thresholds are synthetic for software testing, not legal limits"
ENV-0001944,M007,ENV-ST-M007-03,Noise,57.51,dB(A),,85,23.616877,87.123096,2026-07-13T22:00:00,DEMO_MONITORING_FEED,COMPLIANT,0,DEMO_CONFIGURATION,"Configured thresholds are synthetic for software testing, not legal limits"
ENV-0001945,M007,ENV-ST-M007-02,PM2.5,31.88,ug/m3,,60,23.621113,87.110828,2026-07-10T22:00:00,DEMO_MONITORING_FEED,COMPLIANT,0,DEMO_CONFIGURATION,"Configured thresholds are synthetic for software testing, not legal limits"
ENV-0001946,M007,ENV-ST-M007-03,PM10,77.87,ug/m3,,100,23.613105,87.113469,2026-07-10T14:00:00,DEMO_MONITORING_FEED,COMPLIANT,0,DEMO_CONFIGURATION,"Configured thresholds are synthetic for software testing, not legal limits"
ENV-0001947,M007,ENV-ST-M007-02,SO2,46.15,ug/m3,,80,23.627055,87.114432,2026-07-10T14:00:00,DEMO_MONITORING_FEED,COMPLIANT,0,DEMO_CONFIGURATION,"Configured thresholds are synthetic for software testing, not legal limits"
ENV-0001948,M007,ENV-ST-M007-01,NO2,33.61,ug/m3,,80,23.625026,87.11335,2026-07-10T06:00:00,DEMO_MONITORING_FEED,COMPLIANT,0,DEMO_CONFIGURATION,"Configured thresholds are synthetic for software testing, not legal limits"
ENV-0001949,M007,ENV-ST-M007-03,CO,1.13,mg/m3,,4,23.614604,87.110951,2026-07-10T22:00:00,DEMO_MONITORING_FEED,COMPLIANT,0,DEMO_CONFIGURATION,"Configured thresholds are synthetic for software testing, not legal limits"
ENV-0001950,M007,ENV-ST-M007-01,pH,8.01,pH,6.5,8.5,23.627788,87.118991,2026-07-10T06:00:00,DEMO_MONITORING_FEED,COMPLIANT,0,DEMO_CONFIGURATION,"Configured thresholds are synthetic for software testing, not legal limits"
ENV-0001951,M007,ENV-ST-M007-03,TSS,56.39,mg/L,,100,23.610727,87.112441,2026-07-10T06:00:00,DEMO_MONITORING_FEED,COMPLIANT,0,DEMO_CONFIGURATION,"Configured thresholds are synthetic for software testing, not legal limits"
ENV-0001952,M007,ENV-ST-M007-03,TDS,748.68,mg/L,,2100,23.629742,87.12788,2026-07-10T14:00:00,DEMO_MONITORING_FEED,COMPLIANT,0,DEMO_CONFIGURATION,"Configured thresholds are synthetic for software testing, not legal limits"
ENV-0001953,M007,ENV-ST-M007-03,COD,102.87,mg/L,,250,23.628024,87.114231,2026-07-10T06:00:00,DEMO_MONITORING_FEED,COMPLIANT,0,DEMO_CONFIGURATION,"Configured thresholds are synthetic for software testing, not legal limits"
ENV-0001954,M007,ENV-ST-M007-03,BOD,10.77,mg/L,,30,23.627372,87.118536,2026-07-10T14:00:00,DEMO_MONITORING_FEED,COMPLIANT,0,DEMO_CONFIGURATION,"Configured thresholds are synthetic for software testing, not legal limits"
ENV-0001955,M007,ENV-ST-M007-03,Oil_Grease,2.24,mg/L,,10,23.627045,87.12216,2026-07-10T06:00:00,DEMO_MONITORING_FEED,COMPLIANT,0,DEMO_CONFIGURATION,"Configured thresholds are synthetic for software testing, not legal limits"
ENV-0001956,M007,ENV-ST-M007-01,Noise,67.45,dB(A),,85,23.621768,87.11024,2026-07-10T22:00:00,DEMO_MONITORING_FEED,COMPLIANT,0,DEMO_CONFIGURATION,"Configured thresholds are synthetic for software testing, not legal limits"
ENV-0001957,M007,ENV-ST-M007-01,PM2.5,36.29,ug/m3,,60,23.624241,87.111032,2026-07-07T14:00:00,DEMO_MONITORING_FEED,COMPLIANT,0,DEMO_CONFIGURATION,"Configured thresholds are synthetic for software testing, not legal limits"
ENV-0001958,M007,ENV-ST-M007-02,PM10,50.41,ug/m3,,100,23.615679,87.122234,2026-07-07T06:00:00,DEMO_MONITORING_FEED,COMPLIANT,0,DEMO_CONFIGURATION,"Configured thresholds are synthetic for software testing, not legal limits"
ENV-0001959,M007,ENV-ST-M007-01,SO2,33.47,ug/m3,,80,23.626592,87.114542,2026-07-07T06:00:00,DEMO_MONITORING_FEED,COMPLIANT,0,DEMO_CONFIGURATION,"Configured thresholds are synthetic for software testing, not legal limits"
ENV-0001960,M007,ENV-ST-M007-02,NO2,28.79,ug/m3,,80,23.62836,87.115533,2026-07-07T06:00:00,DEMO_MONITORING_FEED,COMPLIANT,0,DEMO_CONFIGURATION,"Configured thresholds are synthetic for software testing, not legal limits"
ENV-0001961,M007,ENV-ST-M007-03,CO,0.35,mg/m3,,4,23.626607,87.120951,2026-07-07T14:00:00,DEMO_MONITORING_FEED,COMPLIANT,0,DEMO_CONFIGURATION,"Configured thresholds are synthetic for software testing, not legal limits"
ENV-0001962,M007,ENV-ST-M007-03,pH,7.14,pH,6.5,8.5,23.614631,87.114409,2026-07-07T14:00:00,DEMO_MONITORING_FEED,COMPLIANT,0,DEMO_CONFIGURATION,"Configured thresholds are synthetic for software testing, not legal limits"
ENV-0001963,M007,ENV-ST-M007-03,TSS,43.38,mg/L,,100,23.614465,87.116669,2026-07-07T06:00:00,DEMO_MONITORING_FEED,COMPLIANT,0,DEMO_CONFIGURATION,"Configured thresholds are synthetic for software testing, not legal limits"
ENV-0001964,M007,ENV-ST-M007-01,TDS,336.05,mg/L,,2100,23.622308,87.118329,2026-07-07T14:00:00,DEMO_MONITORING_FEED,COMPLIANT,0,DEMO_CONFIGURATION,"Configured thresholds are synthetic for software testing, not legal limits"
ENV-0001965,M007,ENV-ST-M007-01,COD,112.47,mg/L,,250,23.624128,87.121992,2026-07-07T14:00:00,DEMO_MONITORING_FEED,COMPLIANT,0,DEMO_CONFIGURATION,"Configured thresholds are synthetic for software testing, not legal limits"
ENV-0001966,M007,ENV-ST-M007-03,BOD,18.91,mg/L,,30,23.622032,87.126674,2026-07-07T14:00:00,DEMO_MONITORING_FEED,COMPLIANT,0,DEMO_CONFIGURATION,"Configured thresholds are synthetic for software testing, not legal limits"
ENV-0001967,M007,ENV-ST-M007-02,Oil_Grease,2.93,mg/L,,10,23.621298,87.120037,2026-07-07T14:00:00,DEMO_MONITORING_FEED,COMPLIANT,0,DEMO_CONFIGURATION,"Configured thresholds are synthetic for software testing, not legal limits"
ENV-0001968,M007,ENV-ST-M007-02,Noise,48.56,dB(A),,85,23.623539,87.127488,2026-07-07T22:00:00,DEMO_MONITORING_FEED,COMPLIANT,0,DEMO_CONFIGURATION,"Configured thresholds are synthetic for software testing, not legal limits"
ENV-0001969,M007,ENV-ST-M007-02,PM2.5,32.84,ug/m3,,60,23.613399,87.119777,2026-07-04T06:00:00,DEMO_MONITORING_FEED,COMPLIANT,0,DEMO_CONFIGURATION,"Configured thresholds are synthetic for software testing, not legal limits"
ENV-0001970,M007,ENV-ST-M007-03,PM10,63.71,ug/m3,,100,23.61574,87.127316,2026-07-04T06:00:00,DEMO_MONITORING_FEED,COMPLIANT,0,DEMO_CONFIGURATION,"Configured thresholds are synthetic for software testing, not legal limits"
ENV-0001971,M007,ENV-ST-M007-02,SO2,41.83,ug/m3,,80,23.6191,87.122287,2026-07-04T14:00:00,DEMO_MONITORING_FEED,COMPLIANT,0,DEMO_CONFIGURATION,"Configured thresholds are synthetic for software testing, not legal limits"
ENV-0001972,M007,ENV-ST-M007-01,NO2,35.72,ug/m3,,80,23.615868,87.129187,2026-07-04T14:00:00,DEMO_MONITORING_FEED,COMPLIANT,0,DEMO_CONFIGURATION,"Configured thresholds are synthetic for software testing, not legal limits"
ENV-0001973,M007,ENV-ST-M007-01,CO,0.74,mg/m3,,4,23.625052,87.110154,2026-07-04T22:00:00,DEMO_MONITORING_FEED,COMPLIANT,0,DEMO_CONFIGURATION,"Configured thresholds are synthetic for software testing, not legal limits"
ENV-0001974,M007,ENV-ST-M007-03,pH,7.45,pH,6.5,8.5,23.62962,87.111894,2026-07-04T06:00:00,DEMO_MONITORING_FEED,COMPLIANT,0,DEMO_CONFIGURATION,"Configured thresholds are synthetic for software testing, not legal limits"
ENV-0001975,M007,ENV-ST-M007-03,TSS,28.7,mg/L,,100,23.613916,87.126687,2026-07-04T14:00:00,DEMO_MONITORING_FEED,COMPLIANT,0,DEMO_CONFIGURATION,"Configured thresholds are synthetic for software testing, not legal limits"
ENV-0001976,M007,ENV-ST-M007-02,TDS,758.98,mg/L,,2100,23.624416,87.111766,2026-07-04T22:00:00,DEMO_MONITORING_FEED,COMPLIANT,0,DEMO_CONFIGURATION,"Configured thresholds are synthetic for software testing, not legal limits"
ENV-0001977,M007,ENV-ST-M007-01,COD,106.92,mg/L,,250,23.612208,87.115784,2026-07-04T06:00:00,DEMO_MONITORING_FEED,COMPLIANT,0,DEMO_CONFIGURATION,"Configured thresholds are synthetic for software testing, not legal limits"
ENV-0001978,M007,ENV-ST-M007-03,BOD,12.99,mg/L,,30,23.619167,87.127928,2026-07-04T06:00:00,DEMO_MONITORING_FEED,COMPLIANT,0,DEMO_CONFIGURATION,"Configured thresholds are synthetic for software testing, not legal limits"
ENV-0001979,M007,ENV-ST-M007-01,Oil_Grease,2.01,mg/L,,10,23.624726,87.1251,2026-07-04T22:00:00,DEMO_MONITORING_FEED,COMPLIANT,0,DEMO_CONFIGURATION,"Configured thresholds are synthetic for software testing, not legal limits"
ENV-0001980,M007,ENV-ST-M007-03,Noise,61.5,dB(A),,85,23.614594,87.120341,2026-07-04T14:00:00,DEMO_MONITORING_FEED,COMPLIANT,0,DEMO_CONFIGURATION,"Configured thresholds are synthetic for software testing, not legal limits"
ENV-0001981,M007,ENV-ST-M007-03,PM2.5,37.77,ug/m3,,60,23.618259,87.111399,2026-07-01T22:00:00,DEMO_MONITORING_FEED,COMPLIANT,0,DEMO_CONFIGURATION,"Configured thresholds are synthetic for software testing, not legal limits"
ENV-0001982,M007,ENV-ST-M007-03,PM10,56.76,ug/m3,,100,23.620794,87.110047,2026-07-01T06:00:00,DEMO_MONITORING_FEED,COMPLIANT,0,DEMO_CONFIGURATION,"Configured thresholds are synthetic for software testing, not legal limits"
ENV-0001983,M007,ENV-ST-M007-03,SO2,16.63,ug/m3,,80,23.617781,87.129767,2026-07-01T06:00:00,DEMO_MONITORING_FEED,COMPLIANT,0,DEMO_CONFIGURATION,"Configured thresholds are synthetic for software testing, not legal limits"
ENV-0001984,M007,ENV-ST-M007-03,NO2,37.8,ug/m3,,80,23.627858,87.113283,2026-07-01T22:00:00,DEMO_MONITORING_FEED,COMPLIANT,0,DEMO_CONFIGURATION,"Configured thresholds are synthetic for software testing, not legal limits"
ENV-0001985,M007,ENV-ST-M007-02,CO,0.85,mg/m3,,4,23.62702,87.110179,2026-07-01T22:00:00,DEMO_MONITORING_FEED,COMPLIANT,0,DEMO_CONFIGURATION,"Configured thresholds are synthetic for software testing, not legal limits"
ENV-0001986,M007,ENV-ST-M007-03,pH,6.87,pH,6.5,8.5,23.625741,87.12876,2026-07-01T22:00:00,DEMO_MONITORING_FEED,COMPLIANT,0,DEMO_CONFIGURATION,"Configured thresholds are synthetic for software testing, not legal limits"
ENV-0001987,M007,ENV-ST-M007-01,TSS,36.07,mg/L,,100,23.626124,87.126551,2026-07-01T06:00:00,DEMO_MONITORING_FEED,COMPLIANT,0,DEMO_CONFIGURATION,"Configured thresholds are synthetic for software testing, not legal limits"
ENV-0001988,M007,ENV-ST-M007-03,TDS,339.99,mg/L,,2100,23.625723,87.118278,2026-07-01T22:00:00,DEMO_MONITORING_FEED,COMPLIANT,0,DEMO_CONFIGURATION,"Configured thresholds are synthetic for software testing, not legal limits"
ENV-0001989,M007,ENV-ST-M007-01,COD,62.9,mg/L,,250,23.616091,87.127878,2026-07-01T22:00:00,DEMO_MONITORING_FEED,COMPLIANT,0,DEMO_CONFIGURATION,"Configured thresholds are synthetic for software testing, not legal limits"
ENV-0001990,M007,ENV-ST-M007-02,BOD,11.78,mg/L,,30,23.629876,87.128938,2026-07-01T14:00:00,DEMO_MONITORING_FEED,COMPLIANT,0,DEMO_CONFIGURATION,"Configured thresholds are synthetic for software testing, not legal limits"
ENV-0001991,M007,ENV-ST-M007-01,Oil_Grease,2.63,mg/L,,10,23.614774,87.111599,2026-07-01T14:00:00,DEMO_MONITORING_FEED,COMPLIANT,0,DEMO_CONFIGURATION,"Configured thresholds are synthetic for software testing, not legal limits"
ENV-0001992,M007,ENV-ST-M007-01,Noise,47.84,dB(A),,85,23.621364,87.116238,2026-07-01T14:00:00,DEMO_MONITORING_FEED,COMPLIANT,0,DEMO_CONFIGURATION,"Configured thresholds are synthetic for software testing, not legal limits"
ENV-0001993,M007,ENV-ST-M007-02,PM2.5,31.13,ug/m3,,60,23.626765,87.11124,2026-06-28T22:00:00,DEMO_MONITORING_FEED,COMPLIANT,0,DEMO_CONFIGURATION,"Configured thresholds are synthetic for software testing, not legal limits"
ENV-0001994,M007,ENV-ST-M007-02,PM10,37.09,ug/m3,,100,23.624945,87.114946,2026-06-28T22:00:00,DEMO_MONITORING_FEED,COMPLIANT,0,DEMO_CONFIGURATION,"Configured thresholds are synthetic for software testing, not legal limits"
ENV-0001995,M007,ENV-ST-M007-02,SO2,25.8,ug/m3,,80,23.611394,87.125091,2026-06-28T22:00:00,DEMO_MONITORING_FEED,COMPLIANT,0,DEMO_CONFIGURATION,"Configured thresholds are synthetic for software testing, not legal limits"
ENV-0001996,M007,ENV-ST-M007-01,NO2,30.07,ug/m3,,80,23.612031,87.114283,2026-06-28T22:00:00,DEMO_MONITORING_FEED,COMPLIANT,0,DEMO_CONFIGURATION,"Configured thresholds are synthetic for software testing, not legal limits"
ENV-0001997,M007,ENV-ST-M007-02,CO,0.61,mg/m3,,4,23.610563,87.12739,2026-06-28T14:00:00,DEMO_MONITORING_FEED,COMPLIANT,0,DEMO_CONFIGURATION,"Configured thresholds are synthetic for software testing, not legal limits"
ENV-0001998,M007,ENV-ST-M007-02,pH,7.77,pH,6.5,8.5,23.620591,87.118757,2026-06-28T22:00:00,DEMO_MONITORING_FEED,COMPLIANT,0,DEMO_CONFIGURATION,"Configured thresholds are synthetic for software testing, not legal limits"
ENV-0001999,M007,ENV-ST-M007-01,TSS,68.12,mg/L,,100,23.619606,87.121783,2026-06-28T22:00:00,DEMO_MONITORING_FEED,COMPLIANT,0,DEMO_CONFIGURATION,"Configured thresholds are synthetic for software testing, not legal limits"
ENV-0002000,M007,ENV-ST-M007-01,TDS,758.78,mg/L,,2100,23.619,87.117191,2026-06-28T06:00:00,DEMO_MONITORING_FEED,COMPLIANT,0,DEMO_CONFIGURATION,"Configured thresholds are synthetic for software testing, not legal limits"
ENV-0002001,M007,ENV-ST-M007-02,COD,64.84,mg/L,,250,23.616227,87.120705,2026-06-28T22:00:00,DEMO_MONITORING_FEED,COMPLIANT,0,DEMO_CONFIGURATION,"Configured thresholds are synthetic for software testing, not legal limits"
ENV-0002002,M007,ENV-ST-M007-02,BOD,12.55,mg/L,,30,23.619015,87.128298,2026-06-28T14:00:00,DEMO_MONITORING_FEED,COMPLIANT,0,DEMO_CONFIGURATION,"Configured thresholds are synthetic for software testing, not legal limits"
ENV-0002003,M007,ENV-ST-M007-02,Oil_Grease,0.58,mg/L,,10,23.613367,87.120807,2026-06-28T14:00:00,DEMO_MONITORING_FEED,COMPLIANT,0,DEMO_CONFIGURATION,"Configured thresholds are synthetic for software testing, not legal limits"
ENV-0002004,M007,ENV-ST-M007-03,Noise,49.82,dB(A),,85,23.619944,87.122065,2026-06-28T14:00:00,DEMO_MONITORING_FEED,COMPLIANT,0,DEMO_CONFIGURATION,"Configured thresholds are synthetic for software testing, not legal limits"
ENV-0002005,M007,ENV-ST-M007-01,PM2.5,26.81,ug/m3,,60,23.625426,87.123962,2026-06-25T14:00:00,DEMO_MONITORING_FEED,COMPLIANT,0,DEMO_CONFIGURATION,"Configured thresholds are synthetic for software testing, not legal limits"
ENV-0002006,M007,ENV-ST-M007-02,PM10,62.44,ug/m3,,100,23.624946,87.124095,2026-06-25T14:00:00,DEMO_MONITORING_FEED,COMPLIANT,0,DEMO_CONFIGURATION,"Configured thresholds are synthetic for software testing, not legal limits"
ENV-0002007,M007,ENV-ST-M007-02,SO2,35.5,ug/m3,,80,23.626546,87.124377,2026-06-25T06:00:00,DEMO_MONITORING_FEED,COMPLIANT,0,DEMO_CONFIGURATION,"Configured thresholds are synthetic for software testing, not legal limits"
ENV-0002008,M007,ENV-ST-M007-01,NO2,43.36,ug/m3,,80,23.619159,87.127595,2026-06-25T06:00:00,DEMO_MONITORING_FEED,COMPLIANT,0,DEMO_CONFIGURATION,"Configured thresholds are synthetic for software testing, not legal limits"
ENV-0002009,M007,ENV-ST-M007-03,CO,0.19,mg/m3,,4,23.629551,87.129564,2026-06-25T14:00:00,DEMO_MONITORING_FEED,COMPLIANT,0,DEMO_CONFIGURATION,"Configured thresholds are synthetic for software testing, not legal limits"
ENV-0002010,M007,ENV-ST-M007-02,pH,6.83,pH,6.5,8.5,23.612946,87.124433,2026-06-25T22:00:00,DEMO_MONITORING_FEED,COMPLIANT,0,DEMO_CONFIGURATION,"Configured thresholds are synthetic for software testing, not legal limits"
ENV-0002011,M007,ENV-ST-M007-03,TSS,61.67,mg/L,,100,23.61118,87.116913,2026-06-25T22:00:00,DEMO_MONITORING_FEED,COMPLIANT,0,DEMO_CONFIGURATION,"Configured thresholds are synthetic for software testing, not legal limits"
ENV-0002012,M007,ENV-ST-M007-01,TDS,357.99,mg/L,,2100,23.628086,87.123909,2026-06-25T14:00:00,DEMO_MONITORING_FEED,COMPLIANT,0,DEMO_CONFIGURATION,"Configured thresholds are synthetic for software testing, not legal limits"
ENV-0002013,M007,ENV-ST-M007-03,COD,66.76,mg/L,,250,23.622475,87.122338,2026-06-25T22:00:00,DEMO_MONITORING_FEED,COMPLIANT,0,DEMO_CONFIGURATION,"Configured thresholds are synthetic for software testing, not legal limits"
ENV-0002014,M007,ENV-ST-M007-02,BOD,14.05,mg/L,,30,23.620432,87.113387,2026-06-25T22:00:00,DEMO_MONITORING_FEED,COMPLIANT,0,DEMO_CONFIGURATION,"Configured thresholds are synthetic for software testing, not legal limits"
ENV-0002015,M007,ENV-ST-M007-01,Oil_Grease,2.37,mg/L,,10,23.618028,87.123961,2026-06-25T06:00:00,DEMO_MONITORING_FEED,COMPLIANT,0,DEMO_CONFIGURATION,"Configured thresholds are synthetic for software testing, not legal limits"
ENV-0002016,M007,ENV-ST-M007-02,Noise,63.87,dB(A),,85,23.610852,87.120037,2026-06-25T14:00:00,DEMO_MONITORING_FEED,COMPLIANT,0,DEMO_CONFIGURATION,"Configured thresholds are synthetic for software testing, not legal limits"
ENV-0002017,M008,ENV-ST-M008-01,PM2.5,21.74,ug/m3,,60,21.825975,83.914113,2026-09-02T06:00:00,DEMO_MONITORING_FEED,COMPLIANT,0,DEMO_CONFIGURATION,"Configured thresholds are synthetic for software testing, not legal limits"
ENV-0002018,M008,ENV-ST-M008-01,PM10,38.56,ug/m3,,100,21.813302,83.914025,2026-09-02T06:00:00,DEMO_MONITORING_FEED,COMPLIANT,0,DEMO_CONFIGURATION,"Configured thresholds are synthetic for software testing, not legal limits"
ENV-0002019,M008,ENV-ST-M008-01,SO2,18.93,ug/m3,,80,21.827453,83.924223,2026-09-02T06:00:00,DEMO_MONITORING_FEED,COMPLIANT,0,DEMO_CONFIGURATION,"Configured thresholds are synthetic for software testing, not legal limits"
ENV-0002020,M008,ENV-ST-M008-01,NO2,25.62,ug/m3,,80,21.820209,83.925423,2026-09-02T22:00:00,DEMO_MONITORING_FEED,COMPLIANT,0,DEMO_CONFIGURATION,"Configured thresholds are synthetic for software testing, not legal limits"
ENV-0002021,M008,ENV-ST-M008-02,CO,0.97,mg/m3,,4,21.820143,83.919761,2026-09-02T22:00:00,DEMO_MONITORING_FEED,COMPLIANT,0,DEMO_CONFIGURATION,"Configured thresholds are synthetic for software testing, not legal limits"
ENV-0002022,M008,ENV-ST-M008-01,pH,7.17,pH,6.5,8.5,21.823433,83.913544,2026-09-02T06:00:00,DEMO_MONITORING_FEED,COMPLIANT,0,DEMO_CONFIGURATION,"Configured thresholds are synthetic for software testing, not legal limits"
ENV-0002023,M008,ENV-ST-M008-01,TSS,30.53,mg/L,,100,21.821398,83.920213,2026-09-02T22:00:00,DEMO_MONITORING_FEED,COMPLIANT,0,DEMO_CONFIGURATION,"Configured thresholds are synthetic for software testing, not legal limits"
ENV-0002024,M008,ENV-ST-M008-01,TDS,431.3,mg/L,,2100,21.819627,83.918744,2026-09-02T22:00:00,DEMO_MONITORING_FEED,COMPLIANT,0,DEMO_CONFIGURATION,"Configured thresholds are synthetic for software testing, not legal limits"
ENV-0002025,M008,ENV-ST-M008-02,COD,115.48,mg/L,,250,21.811918,83.924684,2026-09-02T22:00:00,DEMO_MONITORING_FEED,COMPLIANT,0,DEMO_CONFIGURATION,"Configured thresholds are synthetic for software testing, not legal limits"
ENV-0002026,M008,ENV-ST-M008-02,BOD,12.23,mg/L,,30,21.8203,83.913456,2026-09-02T22:00:00,DEMO_MONITORING_FEED,COMPLIANT,0,DEMO_CONFIGURATION,"Configured thresholds are synthetic for software testing, not legal limits"
ENV-0002027,M008,ENV-ST-M008-01,Oil_Grease,0.92,mg/L,,10,21.828399,83.917818,2026-09-02T14:00:00,DEMO_MONITORING_FEED,COMPLIANT,0,DEMO_CONFIGURATION,"Configured thresholds are synthetic for software testing, not legal limits"
ENV-0002028,M008,ENV-ST-M008-02,Noise,39.52,dB(A),,85,21.818397,83.923472,2026-09-02T06:00:00,DEMO_MONITORING_FEED,COMPLIANT,0,DEMO_CONFIGURATION,"Configured thresholds are synthetic for software testing, not legal limits"
ENV-0002029,M008,ENV-ST-M008-01,PM2.5,29.42,ug/m3,,60,21.827905,83.923103,2026-08-30T22:00:00,DEMO_MONITORING_FEED,COMPLIANT,0,DEMO_CONFIGURATION,"Configured thresholds are synthetic for software testing, not legal limits"
ENV-0002030,M008,ENV-ST-M008-01,PM10,32.44,ug/m3,,100,21.822197,83.918041,2026-08-30T14:00:00,DEMO_MONITORING_FEED,COMPLIANT,0,DEMO_CONFIGURATION,"Configured thresholds are synthetic for software testing, not legal limits"
ENV-0002031,M008,ENV-ST-M008-01,SO2,18.68,ug/m3,,80,21.816329,83.916334,2026-08-30T14:00:00,DEMO_MONITORING_FEED,COMPLIANT,0,DEMO_CONFIGURATION,"Configured thresholds are synthetic for software testing, not legal limits"
ENV-0002032,M008,ENV-ST-M008-01,NO2,24.42,ug/m3,,80,21.812713,83.919544,2026-08-30T06:00:00,DEMO_MONITORING_FEED,COMPLIANT,0,DEMO_CONFIGURATION,"Configured thresholds are synthetic for software testing, not legal limits"
ENV-0002033,M008,ENV-ST-M008-02,CO,0.51,mg/m3,,4,21.812261,83.914813,2026-08-30T06:00:00,DEMO_MONITORING_FEED,COMPLIANT,0,DEMO_CONFIGURATION,"Configured thresholds are synthetic for software testing, not legal limits"
ENV-0002034,M008,ENV-ST-M008-03,pH,7.61,pH,6.5,8.5,21.82921,83.929954,2026-08-30T14:00:00,DEMO_MONITORING_FEED,COMPLIANT,0,DEMO_CONFIGURATION,"Configured thresholds are synthetic for software testing, not legal limits"
ENV-0002035,M008,ENV-ST-M008-03,TSS,39.37,mg/L,,100,21.813903,83.927214,2026-08-30T06:00:00,DEMO_MONITORING_FEED,COMPLIANT,0,DEMO_CONFIGURATION,"Configured thresholds are synthetic for software testing, not legal limits"
ENV-0002036,M008,ENV-ST-M008-03,TDS,597.14,mg/L,,2100,21.824103,83.913279,2026-08-30T06:00:00,DEMO_MONITORING_FEED,COMPLIANT,0,DEMO_CONFIGURATION,"Configured thresholds are synthetic for software testing, not legal limits"
ENV-0002037,M008,ENV-ST-M008-03,COD,58.27,mg/L,,250,21.825751,83.916795,2026-08-30T14:00:00,DEMO_MONITORING_FEED,COMPLIANT,0,DEMO_CONFIGURATION,"Configured thresholds are synthetic for software testing, not legal limits"
ENV-0002038,M008,ENV-ST-M008-03,BOD,8.99,mg/L,,30,21.828501,83.929582,2026-08-30T06:00:00,DEMO_MONITORING_FEED,COMPLIANT,0,DEMO_CONFIGURATION,"Configured thresholds are synthetic for software testing, not legal limits"
ENV-0002039,M008,ENV-ST-M008-01,Oil_Grease,3.88,mg/L,,10,21.814326,83.927898,2026-08-30T22:00:00,DEMO_MONITORING_FEED,COMPLIANT,0,DEMO_CONFIGURATION,"Configured thresholds are synthetic for software testing, not legal limits"
ENV-0002040,M008,ENV-ST-M008-03,Noise,33.99,dB(A),,85,21.811168,83.910453,2026-08-30T06:00:00,DEMO_MONITORING_FEED,COMPLIANT,0,DEMO_CONFIGURATION,"Configured thresholds are synthetic for software testing, not legal limits"
ENV-0002041,M008,ENV-ST-M008-02,PM2.5,17.45,ug/m3,,60,21.821668,83.916203,2026-08-27T14:00:00,DEMO_MONITORING_FEED,COMPLIANT,0,DEMO_CONFIGURATION,"Configured thresholds are synthetic for software testing, not legal limits"
ENV-0002042,M008,ENV-ST-M008-03,PM10,38.12,ug/m3,,100,21.826057,83.910742,2026-08-27T22:00:00,DEMO_MONITORING_FEED,COMPLIANT,0,DEMO_CONFIGURATION,"Configured thresholds are synthetic for software testing, not legal limits"
ENV-0002043,M008,ENV-ST-M008-03,SO2,22.27,ug/m3,,80,21.812247,83.924807,2026-08-27T22:00:00,DEMO_MONITORING_FEED,COMPLIANT,0,DEMO_CONFIGURATION,"Configured thresholds are synthetic for software testing, not legal limits"
ENV-0002044,M008,ENV-ST-M008-03,NO2,17.1,ug/m3,,80,21.81194,83.923771,2026-08-27T14:00:00,DEMO_MONITORING_FEED,COMPLIANT,0,DEMO_CONFIGURATION,"Configured thresholds are synthetic for software testing, not legal limits"
ENV-0002045,M008,ENV-ST-M008-02,CO,0.61,mg/m3,,4,21.817357,83.922311,2026-08-27T22:00:00,DEMO_MONITORING_FEED,COMPLIANT,0,DEMO_CONFIGURATION,"Configured thresholds are synthetic for software testing, not legal limits"
ENV-0002046,M008,ENV-ST-M008-01,pH,6.89,pH,6.5,8.5,21.825378,83.926015,2026-08-27T14:00:00,DEMO_MONITORING_FEED,COMPLIANT,0,DEMO_CONFIGURATION,"Configured thresholds are synthetic for software testing, not legal limits"
ENV-0002047,M008,ENV-ST-M008-02,TSS,40.35,mg/L,,100,21.820277,83.921317,2026-08-27T06:00:00,DEMO_MONITORING_FEED,COMPLIANT,0,DEMO_CONFIGURATION,"Configured thresholds are synthetic for software testing, not legal limits"
ENV-0002048,M008,ENV-ST-M008-03,TDS,655.4,mg/L,,2100,21.827707,83.923957,2026-08-27T22:00:00,DEMO_MONITORING_FEED,COMPLIANT,0,DEMO_CONFIGURATION,"Configured thresholds are synthetic for software testing, not legal limits"
ENV-0002049,M008,ENV-ST-M008-03,COD,73.84,mg/L,,250,21.825294,83.910497,2026-08-27T14:00:00,DEMO_MONITORING_FEED,COMPLIANT,0,DEMO_CONFIGURATION,"Configured thresholds are synthetic for software testing, not legal limits"
ENV-0002050,M008,ENV-ST-M008-03,BOD,14.21,mg/L,,30,21.82589,83.91915,2026-08-27T22:00:00,DEMO_MONITORING_FEED,COMPLIANT,0,DEMO_CONFIGURATION,"Configured thresholds are synthetic for software testing, not legal limits"
ENV-0002051,M008,ENV-ST-M008-02,Oil_Grease,0.75,mg/L,,10,21.823024,83.925322,2026-08-27T22:00:00,DEMO_MONITORING_FEED,COMPLIANT,0,DEMO_CONFIGURATION,"Configured thresholds are synthetic for software testing, not legal limits"
ENV-0002052,M008,ENV-ST-M008-02,Noise,37.5,dB(A),,85,21.811808,83.912671,2026-08-27T06:00:00,DEMO_MONITORING_FEED,COMPLIANT,0,DEMO_CONFIGURATION,"Configured thresholds are synthetic for software testing, not legal limits"
ENV-0002053,M008,ENV-ST-M008-03,PM2.5,21.86,ug/m3,,60,21.825812,83.92067,2026-08-24T06:00:00,DEMO_MONITORING_FEED,COMPLIANT,0,DEMO_CONFIGURATION,"Configured thresholds are synthetic for software testing, not legal limits"
ENV-0002054,M008,ENV-ST-M008-01,PM10,43.74,ug/m3,,100,21.827257,83.925803,2026-08-24T14:00:00,DEMO_MONITORING_FEED,COMPLIANT,0,DEMO_CONFIGURATION,"Configured thresholds are synthetic for software testing, not legal limits"
ENV-0002055,M008,ENV-ST-M008-01,SO2,31.74,ug/m3,,80,21.821839,83.917635,2026-08-24T06:00:00,DEMO_MONITORING_FEED,COMPLIANT,0,DEMO_CONFIGURATION,"Configured thresholds are synthetic for software testing, not legal limits"
ENV-0002056,M008,ENV-ST-M008-02,NO2,13.22,ug/m3,,80,21.827101,83.91892,2026-08-24T22:00:00,DEMO_MONITORING_FEED,COMPLIANT,0,DEMO_CONFIGURATION,"Configured thresholds are synthetic for software testing, not legal limits"
ENV-0002057,M008,ENV-ST-M008-02,CO,0.87,mg/m3,,4,21.810006,83.928192,2026-08-24T14:00:00,DEMO_MONITORING_FEED,COMPLIANT,0,DEMO_CONFIGURATION,"Configured thresholds are synthetic for software testing, not legal limits"
ENV-0002058,M008,ENV-ST-M008-01,pH,7.08,pH,6.5,8.5,21.811612,83.918861,2026-08-24T06:00:00,DEMO_MONITORING_FEED,COMPLIANT,0,DEMO_CONFIGURATION,"Configured thresholds are synthetic for software testing, not legal limits"
ENV-0002059,M008,ENV-ST-M008-02,TSS,41.81,mg/L,,100,21.821134,83.91128,2026-08-24T06:00:00,DEMO_MONITORING_FEED,COMPLIANT,0,DEMO_CONFIGURATION,"Configured thresholds are synthetic for software testing, not legal limits"
ENV-0002060,M008,ENV-ST-M008-01,TDS,462.1,mg/L,,2100,21.811584,83.911845,2026-08-24T14:00:00,DEMO_MONITORING_FEED,COMPLIANT,0,DEMO_CONFIGURATION,"Configured thresholds are synthetic for software testing, not legal limits"
ENV-0002061,M008,ENV-ST-M008-02,COD,67.89,mg/L,,250,21.82735,83.916766,2026-08-24T14:00:00,DEMO_MONITORING_FEED,COMPLIANT,0,DEMO_CONFIGURATION,"Configured thresholds are synthetic for software testing, not legal limits"
ENV-0002062,M008,ENV-ST-M008-03,BOD,11.51,mg/L,,30,21.817753,83.91533,2026-08-24T14:00:00,DEMO_MONITORING_FEED,COMPLIANT,0,DEMO_CONFIGURATION,"Configured thresholds are synthetic for software testing, not legal limits"
ENV-0002063,M008,ENV-ST-M008-01,Oil_Grease,2.75,mg/L,,10,21.818403,83.922929,2026-08-24T06:00:00,DEMO_MONITORING_FEED,COMPLIANT,0,DEMO_CONFIGURATION,"Configured thresholds are synthetic for software testing, not legal limits"
ENV-0002064,M008,ENV-ST-M008-01,Noise,45.46,dB(A),,85,21.829876,83.928812,2026-08-24T06:00:00,DEMO_MONITORING_FEED,COMPLIANT,0,DEMO_CONFIGURATION,"Configured thresholds are synthetic for software testing, not legal limits"
ENV-0002065,M008,ENV-ST-M008-01,PM2.5,23.39,ug/m3,,60,21.811089,83.919691,2026-08-21T22:00:00,DEMO_MONITORING_FEED,COMPLIANT,0,DEMO_CONFIGURATION,"Configured thresholds are synthetic for software testing, not legal limits"
ENV-0002066,M008,ENV-ST-M008-03,PM10,44.19,ug/m3,,100,21.827108,83.917836,2026-08-21T06:00:00,DEMO_MONITORING_FEED,COMPLIANT,0,DEMO_CONFIGURATION,"Configured thresholds are synthetic for software testing, not legal limits"
ENV-0002067,M008,ENV-ST-M008-01,SO2,27.9,ug/m3,,80,21.818327,83.925222,2026-08-21T14:00:00,DEMO_MONITORING_FEED,COMPLIANT,0,DEMO_CONFIGURATION,"Configured thresholds are synthetic for software testing, not legal limits"
ENV-0002068,M008,ENV-ST-M008-02,NO2,23.33,ug/m3,,80,21.823286,83.919277,2026-08-21T22:00:00,DEMO_MONITORING_FEED,COMPLIANT,0,DEMO_CONFIGURATION,"Configured thresholds are synthetic for software testing, not legal limits"
ENV-0002069,M008,ENV-ST-M008-03,CO,0.25,mg/m3,,4,21.817833,83.919535,2026-08-21T22:00:00,DEMO_MONITORING_FEED,COMPLIANT,0,DEMO_CONFIGURATION,"Configured thresholds are synthetic for software testing, not legal limits"
ENV-0002070,M008,ENV-ST-M008-01,pH,6.6,pH,6.5,8.5,21.819746,83.923468,2026-08-21T22:00:00,DEMO_MONITORING_FEED,COMPLIANT,0,DEMO_CONFIGURATION,"Configured thresholds are synthetic for software testing, not legal limits"
ENV-0002071,M008,ENV-ST-M008-03,TSS,37.39,mg/L,,100,21.825098,83.923661,2026-08-21T22:00:00,DEMO_MONITORING_FEED,COMPLIANT,0,DEMO_CONFIGURATION,"Configured thresholds are synthetic for software testing, not legal limits"
ENV-0002072,M008,ENV-ST-M008-03,TDS,445.08,mg/L,,2100,21.826238,83.916418,2026-08-21T22:00:00,DEMO_MONITORING_FEED,COMPLIANT,0,DEMO_CONFIGURATION,"Configured thresholds are synthetic for software testing, not legal limits"
ENV-0002073,M008,ENV-ST-M008-01,COD,78.21,mg/L,,250,21.813573,83.915226,2026-08-21T22:00:00,DEMO_MONITORING_FEED,COMPLIANT,0,DEMO_CONFIGURATION,"Configured thresholds are synthetic for software testing, not legal limits"
ENV-0002074,M008,ENV-ST-M008-03,BOD,12.55,mg/L,,30,21.822081,83.914394,2026-08-21T06:00:00,DEMO_MONITORING_FEED,COMPLIANT,0,DEMO_CONFIGURATION,"Configured thresholds are synthetic for software testing, not legal limits"
ENV-0002075,M008,ENV-ST-M008-01,Oil_Grease,1.68,mg/L,,10,21.819224,83.929415,2026-08-21T06:00:00,DEMO_MONITORING_FEED,COMPLIANT,0,DEMO_CONFIGURATION,"Configured thresholds are synthetic for software testing, not legal limits"
ENV-0002076,M008,ENV-ST-M008-03,Noise,31.04,dB(A),,85,21.829548,83.917356,2026-08-21T22:00:00,DEMO_MONITORING_FEED,COMPLIANT,0,DEMO_CONFIGURATION,"Configured thresholds are synthetic for software testing, not legal limits"
ENV-0002077,M008,ENV-ST-M008-02,PM2.5,27.22,ug/m3,,60,21.824162,83.922637,2026-08-18T22:00:00,DEMO_MONITORING_FEED,COMPLIANT,0,DEMO_CONFIGURATION,"Configured thresholds are synthetic for software testing, not legal limits"
ENV-0002078,M008,ENV-ST-M008-03,PM10,48.3,ug/m3,,100,21.813031,83.91143,2026-08-18T14:00:00,DEMO_MONITORING_FEED,COMPLIANT,0,DEMO_CONFIGURATION,"Configured thresholds are synthetic for software testing, not legal limits"
ENV-0002079,M008,ENV-ST-M008-03,SO2,13.13,ug/m3,,80,21.818152,83.915716,2026-08-18T06:00:00,DEMO_MONITORING_FEED,COMPLIANT,0,DEMO_CONFIGURATION,"Configured thresholds are synthetic for software testing, not legal limits"
ENV-0002080,M008,ENV-ST-M008-01,NO2,24.89,ug/m3,,80,21.824185,83.911568,2026-08-18T06:00:00,DEMO_MONITORING_FEED,COMPLIANT,0,DEMO_CONFIGURATION,"Configured thresholds are synthetic for software testing, not legal limits"
ENV-0002081,M008,ENV-ST-M008-03,CO,0.57,mg/m3,,4,21.823189,83.928851,2026-08-18T22:00:00,DEMO_MONITORING_FEED,COMPLIANT,0,DEMO_CONFIGURATION,"Configured thresholds are synthetic for software testing, not legal limits"
ENV-0002082,M008,ENV-ST-M008-03,pH,7.22,pH,6.5,8.5,21.812272,83.926759,2026-08-18T14:00:00,DEMO_MONITORING_FEED,COMPLIANT,0,DEMO_CONFIGURATION,"Configured thresholds are synthetic for software testing, not legal limits"
ENV-0002083,M008,ENV-ST-M008-01,TSS,26.27,mg/L,,100,21.820112,83.911255,2026-08-18T22:00:00,DEMO_MONITORING_FEED,COMPLIANT,0,DEMO_CONFIGURATION,"Configured thresholds are synthetic for software testing, not legal limits"
ENV-0002084,M008,ENV-ST-M008-02,TDS,465.56,mg/L,,2100,21.811561,83.917665,2026-08-18T06:00:00,DEMO_MONITORING_FEED,COMPLIANT,0,DEMO_CONFIGURATION,"Configured thresholds are synthetic for software testing, not legal limits"
ENV-0002085,M008,ENV-ST-M008-01,COD,92.89,mg/L,,250,21.822988,83.925413,2026-08-18T06:00:00,DEMO_MONITORING_FEED,COMPLIANT,0,DEMO_CONFIGURATION,"Configured thresholds are synthetic for software testing, not legal limits"
ENV-0002086,M008,ENV-ST-M008-03,BOD,8.63,mg/L,,30,21.81199,83.9225,2026-08-18T06:00:00,DEMO_MONITORING_FEED,COMPLIANT,0,DEMO_CONFIGURATION,"Configured thresholds are synthetic for software testing, not legal limits"
ENV-0002087,M008,ENV-ST-M008-03,Oil_Grease,1.87,mg/L,,10,21.828031,83.920854,2026-08-18T22:00:00,DEMO_MONITORING_FEED,COMPLIANT,0,DEMO_CONFIGURATION,"Configured thresholds are synthetic for software testing, not legal limits"
ENV-0002088,M008,ENV-ST-M008-01,Noise,51.3,dB(A),,85,21.818113,83.92209,2026-08-18T06:00:00,DEMO_MONITORING_FEED,COMPLIANT,0,DEMO_CONFIGURATION,"Configured thresholds are synthetic for software testing, not legal limits"
ENV-0002089,M008,ENV-ST-M008-03,PM2.5,16.13,ug/m3,,60,21.812102,83.921965,2026-08-15T06:00:00,DEMO_MONITORING_FEED,COMPLIANT,0,DEMO_CONFIGURATION,"Configured thresholds are synthetic for software testing, not legal limits"
ENV-0002090,M008,ENV-ST-M008-02,PM10,54.02,ug/m3,,100,21.820215,83.921808,2026-08-15T06:00:00,DEMO_MONITORING_FEED,COMPLIANT,0,DEMO_CONFIGURATION,"Configured thresholds are synthetic for software testing, not legal limits"
ENV-0002091,M008,ENV-ST-M008-01,SO2,21.5,ug/m3,,80,21.822067,83.918814,2026-08-15T06:00:00,DEMO_MONITORING_FEED,COMPLIANT,0,DEMO_CONFIGURATION,"Configured thresholds are synthetic for software testing, not legal limits"
ENV-0002092,M008,ENV-ST-M008-01,NO2,25.21,ug/m3,,80,21.823343,83.928376,2026-08-15T22:00:00,DEMO_MONITORING_FEED,COMPLIANT,0,DEMO_CONFIGURATION,"Configured thresholds are synthetic for software testing, not legal limits"
ENV-0002093,M008,ENV-ST-M008-03,CO,1.3,mg/m3,,4,21.813205,83.929947,2026-08-15T06:00:00,DEMO_MONITORING_FEED,COMPLIANT,0,DEMO_CONFIGURATION,"Configured thresholds are synthetic for software testing, not legal limits"
ENV-0002094,M008,ENV-ST-M008-01,pH,7.01,pH,6.5,8.5,21.821558,83.923359,2026-08-15T06:00:00,DEMO_MONITORING_FEED,COMPLIANT,0,DEMO_CONFIGURATION,"Configured thresholds are synthetic for software testing, not legal limits"
ENV-0002095,M008,ENV-ST-M008-02,TSS,24.6,mg/L,,100,21.810433,83.92212,2026-08-15T22:00:00,DEMO_MONITORING_FEED,COMPLIANT,0,DEMO_CONFIGURATION,"Configured thresholds are synthetic for software testing, not legal limits"
ENV-0002096,M008,ENV-ST-M008-01,TDS,388.56,mg/L,,2100,21.827844,83.929918,2026-08-15T06:00:00,DEMO_MONITORING_FEED,COMPLIANT,0,DEMO_CONFIGURATION,"Configured thresholds are synthetic for software testing, not legal limits"
ENV-0002097,M008,ENV-ST-M008-02,COD,58.0,mg/L,,250,21.820615,83.919662,2026-08-15T14:00:00,DEMO_MONITORING_FEED,COMPLIANT,0,DEMO_CONFIGURATION,"Configured thresholds are synthetic for software testing, not legal limits"
ENV-0002098,M008,ENV-ST-M008-03,BOD,12.0,mg/L,,30,21.810295,83.917313,2026-08-15T06:00:00,DEMO_MONITORING_FEED,COMPLIANT,0,DEMO_CONFIGURATION,"Configured thresholds are synthetic for software testing, not legal limits"
ENV-0002099,M008,ENV-ST-M008-01,Oil_Grease,2.2,mg/L,,10,21.828089,83.927313,2026-08-15T22:00:00,DEMO_MONITORING_FEED,COMPLIANT,0,DEMO_CONFIGURATION,"Configured thresholds are synthetic for software testing, not legal limits"
ENV-0002100,M008,ENV-ST-M008-03,Noise,45.58,dB(A),,85,21.829169,83.911792,2026-08-15T06:00:00,DEMO_MONITORING_FEED,COMPLIANT,0,DEMO_CONFIGURATION,"Configured thresholds are synthetic for software testing, not legal limits"
ENV-0002101,M008,ENV-ST-M008-02,PM2.5,19.73,ug/m3,,60,21.827883,83.910843,2026-08-12T14:00:00,DEMO_MONITORING_FEED,COMPLIANT,0,DEMO_CONFIGURATION,"Configured thresholds are synthetic for software testing, not legal limits"
ENV-0002102,M008,ENV-ST-M008-02,PM10,59.9,ug/m3,,100,21.826232,83.911814,2026-08-12T22:00:00,DEMO_MONITORING_FEED,COMPLIANT,0,DEMO_CONFIGURATION,"Configured thresholds are synthetic for software testing, not legal limits"
ENV-0002103,M008,ENV-ST-M008-02,SO2,10.03,ug/m3,,80,21.814353,83.925679,2026-08-12T14:00:00,DEMO_MONITORING_FEED,COMPLIANT,0,DEMO_CONFIGURATION,"Configured thresholds are synthetic for software testing, not legal limits"
ENV-0002104,M008,ENV-ST-M008-01,NO2,33.69,ug/m3,,80,21.819048,83.927195,2026-08-12T06:00:00,DEMO_MONITORING_FEED,COMPLIANT,0,DEMO_CONFIGURATION,"Configured thresholds are synthetic for software testing, not legal limits"
ENV-0002105,M008,ENV-ST-M008-01,CO,0.28,mg/m3,,4,21.827548,83.912721,2026-08-12T14:00:00,DEMO_MONITORING_FEED,COMPLIANT,0,DEMO_CONFIGURATION,"Configured thresholds are synthetic for software testing, not legal limits"
ENV-0002106,M008,ENV-ST-M008-03,pH,7.33,pH,6.5,8.5,21.828821,83.912252,2026-08-12T22:00:00,DEMO_MONITORING_FEED,COMPLIANT,0,DEMO_CONFIGURATION,"Configured thresholds are synthetic for software testing, not legal limits"
ENV-0002107,M008,ENV-ST-M008-03,TSS,34.56,mg/L,,100,21.813645,83.91735,2026-08-12T22:00:00,DEMO_MONITORING_FEED,COMPLIANT,0,DEMO_CONFIGURATION,"Configured thresholds are synthetic for software testing, not legal limits"
ENV-0002108,M008,ENV-ST-M008-02,TDS,401.47,mg/L,,2100,21.820417,83.927775,2026-08-12T14:00:00,DEMO_MONITORING_FEED,COMPLIANT,0,DEMO_CONFIGURATION,"Configured thresholds are synthetic for software testing, not legal limits"
ENV-0002109,M008,ENV-ST-M008-01,COD,97.38,mg/L,,250,21.828666,83.921232,2026-08-12T14:00:00,DEMO_MONITORING_FEED,COMPLIANT,0,DEMO_CONFIGURATION,"Configured thresholds are synthetic for software testing, not legal limits"
ENV-0002110,M008,ENV-ST-M008-03,BOD,9.6,mg/L,,30,21.829018,83.914216,2026-08-12T06:00:00,DEMO_MONITORING_FEED,COMPLIANT,0,DEMO_CONFIGURATION,"Configured thresholds are synthetic for software testing, not legal limits"
ENV-0002111,M008,ENV-ST-M008-01,Oil_Grease,0.6,mg/L,,10,21.810035,83.92096,2026-08-12T06:00:00,DEMO_MONITORING_FEED,COMPLIANT,0,DEMO_CONFIGURATION,"Configured thresholds are synthetic for software testing, not legal limits"
ENV-0002112,M008,ENV-ST-M008-01,Noise,54.38,dB(A),,85,21.829069,83.917227,2026-08-12T22:00:00,DEMO_MONITORING_FEED,COMPLIANT,0,DEMO_CONFIGURATION,"Configured thresholds are synthetic for software testing, not legal limits"
ENV-0002113,M008,ENV-ST-M008-03,PM2.5,26.07,ug/m3,,60,21.8209,83.929507,2026-08-09T22:00:00,DEMO_MONITORING_FEED,COMPLIANT,0,DEMO_CONFIGURATION,"Configured thresholds are synthetic for software testing, not legal limits"
ENV-0002114,M008,ENV-ST-M008-03,PM10,35.9,ug/m3,,100,21.817082,83.91583,2026-08-09T14:00:00,DEMO_MONITORING_FEED,COMPLIANT,0,DEMO_CONFIGURATION,"Configured thresholds are synthetic for software testing, not legal limits"
ENV-0002115,M008,ENV-ST-M008-01,SO2,24.67,ug/m3,,80,21.816886,83.914024,2026-08-09T06:00:00,DEMO_MONITORING_FEED,COMPLIANT,0,DEMO_CONFIGURATION,"Configured thresholds are synthetic for software testing, not legal limits"
ENV-0002116,M008,ENV-ST-M008-03,NO2,20.34,ug/m3,,80,21.81014,83.918048,2026-08-09T22:00:00,DEMO_MONITORING_FEED,COMPLIANT,0,DEMO_CONFIGURATION,"Configured thresholds are synthetic for software testing, not legal limits"
ENV-0002117,M008,ENV-ST-M008-01,CO,0.52,mg/m3,,4,21.82867,83.918024,2026-08-09T22:00:00,DEMO_MONITORING_FEED,COMPLIANT,0,DEMO_CONFIGURATION,"Configured thresholds are synthetic for software testing, not legal limits"
ENV-0002118,M008,ENV-ST-M008-03,pH,7.07,pH,6.5,8.5,21.824029,83.917328,2026-08-09T06:00:00,DEMO_MONITORING_FEED,COMPLIANT,0,DEMO_CONFIGURATION,"Configured thresholds are synthetic for software testing, not legal limits"
ENV-0002119,M008,ENV-ST-M008-02,TSS,38.83,mg/L,,100,21.829705,83.910364,2026-08-09T14:00:00,DEMO_MONITORING_FEED,COMPLIANT,0,DEMO_CONFIGURATION,"Configured thresholds are synthetic for software testing, not legal limits"
ENV-0002120,M008,ENV-ST-M008-02,TDS,476.34,mg/L,,2100,21.826178,83.915013,2026-08-09T22:00:00,DEMO_MONITORING_FEED,COMPLIANT,0,DEMO_CONFIGURATION,"Configured thresholds are synthetic for software testing, not legal limits"
ENV-0002121,M008,ENV-ST-M008-02,COD,58.54,mg/L,,250,21.828854,83.925078,2026-08-09T22:00:00,DEMO_MONITORING_FEED,COMPLIANT,0,DEMO_CONFIGURATION,"Configured thresholds are synthetic for software testing, not legal limits"
ENV-0002122,M008,ENV-ST-M008-03,BOD,10.19,mg/L,,30,21.810442,83.91609,2026-08-09T22:00:00,DEMO_MONITORING_FEED,COMPLIANT,0,DEMO_CONFIGURATION,"Configured thresholds are synthetic for software testing, not legal limits"
ENV-0002123,M008,ENV-ST-M008-02,Oil_Grease,1.48,mg/L,,10,21.81765,83.916325,2026-08-09T22:00:00,DEMO_MONITORING_FEED,COMPLIANT,0,DEMO_CONFIGURATION,"Configured thresholds are synthetic for software testing, not legal limits"
ENV-0002124,M008,ENV-ST-M008-02,Noise,57.01,dB(A),,85,21.825064,83.912532,2026-08-09T06:00:00,DEMO_MONITORING_FEED,COMPLIANT,0,DEMO_CONFIGURATION,"Configured thresholds are synthetic for software testing, not legal limits"
ENV-0002125,M008,ENV-ST-M008-03,PM2.5,20.44,ug/m3,,60,21.81159,83.910203,2026-08-06T06:00:00,DEMO_MONITORING_FEED,COMPLIANT,0,DEMO_CONFIGURATION,"Configured thresholds are synthetic for software testing, not legal limits"
ENV-0002126,M008,ENV-ST-M008-01,PM10,48.75,ug/m3,,100,21.821522,83.915437,2026-08-06T06:00:00,DEMO_MONITORING_FEED,COMPLIANT,0,DEMO_CONFIGURATION,"Configured thresholds are synthetic for software testing, not legal limits"
ENV-0002127,M008,ENV-ST-M008-02,SO2,22.01,ug/m3,,80,21.81502,83.92858,2026-08-06T14:00:00,DEMO_MONITORING_FEED,COMPLIANT,0,DEMO_CONFIGURATION,"Configured thresholds are synthetic for software testing, not legal limits"
ENV-0002128,M008,ENV-ST-M008-03,NO2,35.11,ug/m3,,80,21.826445,83.910747,2026-08-06T14:00:00,DEMO_MONITORING_FEED,COMPLIANT,0,DEMO_CONFIGURATION,"Configured thresholds are synthetic for software testing, not legal limits"
ENV-0002129,M008,ENV-ST-M008-02,CO,0.05,mg/m3,,4,21.819943,83.914616,2026-08-06T14:00:00,DEMO_MONITORING_FEED,COMPLIANT,0,DEMO_CONFIGURATION,"Configured thresholds are synthetic for software testing, not legal limits"
ENV-0002130,M008,ENV-ST-M008-01,pH,7.13,pH,6.5,8.5,21.823624,83.915357,2026-08-06T14:00:00,DEMO_MONITORING_FEED,COMPLIANT,0,DEMO_CONFIGURATION,"Configured thresholds are synthetic for software testing, not legal limits"
ENV-0002131,M008,ENV-ST-M008-03,TSS,34.27,mg/L,,100,21.829385,83.916747,2026-08-06T06:00:00,DEMO_MONITORING_FEED,COMPLIANT,0,DEMO_CONFIGURATION,"Configured thresholds are synthetic for software testing, not legal limits"
ENV-0002132,M008,ENV-ST-M008-03,TDS,481.7,mg/L,,2100,21.816636,83.916313,2026-08-06T06:00:00,DEMO_MONITORING_FEED,COMPLIANT,0,DEMO_CONFIGURATION,"Configured thresholds are synthetic for software testing, not legal limits"
ENV-0002133,M008,ENV-ST-M008-01,COD,87.6,mg/L,,250,21.826755,83.917519,2026-08-06T22:00:00,DEMO_MONITORING_FEED,COMPLIANT,0,DEMO_CONFIGURATION,"Configured thresholds are synthetic for software testing, not legal limits"
ENV-0002134,M008,ENV-ST-M008-03,BOD,4.22,mg/L,,30,21.825084,83.920244,2026-08-06T14:00:00,DEMO_MONITORING_FEED,COMPLIANT,0,DEMO_CONFIGURATION,"Configured thresholds are synthetic for software testing, not legal limits"
ENV-0002135,M008,ENV-ST-M008-03,Oil_Grease,2.53,mg/L,,10,21.81887,83.926582,2026-08-06T14:00:00,DEMO_MONITORING_FEED,COMPLIANT,0,DEMO_CONFIGURATION,"Configured thresholds are synthetic for software testing, not legal limits"
ENV-0002136,M008,ENV-ST-M008-02,Noise,42.58,dB(A),,85,21.822782,83.926518,2026-08-06T22:00:00,DEMO_MONITORING_FEED,COMPLIANT,0,DEMO_CONFIGURATION,"Configured thresholds are synthetic for software testing, not legal limits"
ENV-0002137,M008,ENV-ST-M008-03,PM2.5,27.21,ug/m3,,60,21.826162,83.916503,2026-08-03T14:00:00,DEMO_MONITORING_FEED,COMPLIANT,0,DEMO_CONFIGURATION,"Configured thresholds are synthetic for software testing, not legal limits"
ENV-0002138,M008,ENV-ST-M008-01,PM10,48.74,ug/m3,,100,21.816213,83.927252,2026-08-03T14:00:00,DEMO_MONITORING_FEED,COMPLIANT,0,DEMO_CONFIGURATION,"Configured thresholds are synthetic for software testing, not legal limits"
ENV-0002139,M008,ENV-ST-M008-01,SO2,18.2,ug/m3,,80,21.822007,83.91609,2026-08-03T22:00:00,DEMO_MONITORING_FEED,COMPLIANT,0,DEMO_CONFIGURATION,"Configured thresholds are synthetic for software testing, not legal limits"
ENV-0002140,M008,ENV-ST-M008-01,NO2,12.55,ug/m3,,80,21.826379,83.917497,2026-08-03T06:00:00,DEMO_MONITORING_FEED,COMPLIANT,0,DEMO_CONFIGURATION,"Configured thresholds are synthetic for software testing, not legal limits"
ENV-0002141,M008,ENV-ST-M008-01,CO,0.95,mg/m3,,4,21.826968,83.917676,2026-08-03T06:00:00,DEMO_MONITORING_FEED,COMPLIANT,0,DEMO_CONFIGURATION,"Configured thresholds are synthetic for software testing, not legal limits"
ENV-0002142,M008,ENV-ST-M008-03,pH,7.29,pH,6.5,8.5,21.82617,83.911442,2026-08-03T14:00:00,DEMO_MONITORING_FEED,COMPLIANT,0,DEMO_CONFIGURATION,"Configured thresholds are synthetic for software testing, not legal limits"
ENV-0002143,M008,ENV-ST-M008-01,TSS,30.5,mg/L,,100,21.81916,83.925568,2026-08-03T06:00:00,DEMO_MONITORING_FEED,COMPLIANT,0,DEMO_CONFIGURATION,"Configured thresholds are synthetic for software testing, not legal limits"
ENV-0002144,M008,ENV-ST-M008-03,TDS,451.22,mg/L,,2100,21.821734,83.914414,2026-08-03T22:00:00,DEMO_MONITORING_FEED,COMPLIANT,0,DEMO_CONFIGURATION,"Configured thresholds are synthetic for software testing, not legal limits"
ENV-0002145,M008,ENV-ST-M008-03,COD,89.74,mg/L,,250,21.81654,83.92017,2026-08-03T06:00:00,DEMO_MONITORING_FEED,COMPLIANT,0,DEMO_CONFIGURATION,"Configured thresholds are synthetic for software testing, not legal limits"
ENV-0002146,M008,ENV-ST-M008-02,BOD,15.71,mg/L,,30,21.822668,83.91367,2026-08-03T06:00:00,DEMO_MONITORING_FEED,COMPLIANT,0,DEMO_CONFIGURATION,"Configured thresholds are synthetic for software testing, not legal limits"
ENV-0002147,M008,ENV-ST-M008-01,Oil_Grease,1.81,mg/L,,10,21.827298,83.920837,2026-08-03T14:00:00,DEMO_MONITORING_FEED,COMPLIANT,0,DEMO_CONFIGURATION,"Configured thresholds are synthetic for software testing, not legal limits"
ENV-0002148,M008,ENV-ST-M008-02,Noise,46.66,dB(A),,85,21.82756,83.927337,2026-08-03T22:00:00,DEMO_MONITORING_FEED,COMPLIANT,0,DEMO_CONFIGURATION,"Configured thresholds are synthetic for software testing, not legal limits"
ENV-0002149,M008,ENV-ST-M008-02,PM2.5,25.36,ug/m3,,60,21.813313,83.924864,2026-07-31T14:00:00,DEMO_MONITORING_FEED,COMPLIANT,0,DEMO_CONFIGURATION,"Configured thresholds are synthetic for software testing, not legal limits"
ENV-0002150,M008,ENV-ST-M008-03,PM10,35.92,ug/m3,,100,21.815372,83.927501,2026-07-31T14:00:00,DEMO_MONITORING_FEED,COMPLIANT,0,DEMO_CONFIGURATION,"Configured thresholds are synthetic for software testing, not legal limits"
ENV-0002151,M008,ENV-ST-M008-01,SO2,23.59,ug/m3,,80,21.816153,83.921199,2026-07-31T22:00:00,DEMO_MONITORING_FEED,COMPLIANT,0,DEMO_CONFIGURATION,"Configured thresholds are synthetic for software testing, not legal limits"
ENV-0002152,M008,ENV-ST-M008-03,NO2,21.17,ug/m3,,80,21.825098,83.911722,2026-07-31T22:00:00,DEMO_MONITORING_FEED,COMPLIANT,0,DEMO_CONFIGURATION,"Configured thresholds are synthetic for software testing, not legal limits"
ENV-0002153,M008,ENV-ST-M008-03,CO,0.5,mg/m3,,4,21.824371,83.91773,2026-07-31T22:00:00,DEMO_MONITORING_FEED,COMPLIANT,0,DEMO_CONFIGURATION,"Configured thresholds are synthetic for software testing, not legal limits"
ENV-0002154,M008,ENV-ST-M008-02,pH,7.55,pH,6.5,8.5,21.82968,83.925049,2026-07-31T14:00:00,DEMO_MONITORING_FEED,COMPLIANT,0,DEMO_CONFIGURATION,"Configured thresholds are synthetic for software testing, not legal limits"
ENV-0002155,M008,ENV-ST-M008-03,TSS,44.36,mg/L,,100,21.815943,83.91133,2026-07-31T22:00:00,DEMO_MONITORING_FEED,COMPLIANT,0,DEMO_CONFIGURATION,"Configured thresholds are synthetic for software testing, not legal limits"
ENV-0002156,M008,ENV-ST-M008-02,TDS,549.3,mg/L,,2100,21.827342,83.928829,2026-07-31T22:00:00,DEMO_MONITORING_FEED,COMPLIANT,0,DEMO_CONFIGURATION,"Configured thresholds are synthetic for software testing, not legal limits"
ENV-0002157,M008,ENV-ST-M008-03,COD,71.6,mg/L,,250,21.81562,83.921902,2026-07-31T14:00:00,DEMO_MONITORING_FEED,COMPLIANT,0,DEMO_CONFIGURATION,"Configured thresholds are synthetic for software testing, not legal limits"
ENV-0002158,M008,ENV-ST-M008-03,BOD,14.09,mg/L,,30,21.81319,83.915525,2026-07-31T14:00:00,DEMO_MONITORING_FEED,COMPLIANT,0,DEMO_CONFIGURATION,"Configured thresholds are synthetic for software testing, not legal limits"
ENV-0002159,M008,ENV-ST-M008-02,Oil_Grease,2.44,mg/L,,10,21.810051,83.921471,2026-07-31T22:00:00,DEMO_MONITORING_FEED,COMPLIANT,0,DEMO_CONFIGURATION,"Configured thresholds are synthetic for software testing, not legal limits"
ENV-0002160,M008,ENV-ST-M008-03,Noise,52.09,dB(A),,85,21.826253,83.920939,2026-07-31T06:00:00,DEMO_MONITORING_FEED,COMPLIANT,0,DEMO_CONFIGURATION,"Configured thresholds are synthetic for software testing, not legal limits"
ENV-0002161,M008,ENV-ST-M008-02,PM2.5,21.04,ug/m3,,60,21.812818,83.928265,2026-07-28T06:00:00,DEMO_MONITORING_FEED,COMPLIANT,0,DEMO_CONFIGURATION,"Configured thresholds are synthetic for software testing, not legal limits"
ENV-0002162,M008,ENV-ST-M008-03,PM10,50.7,ug/m3,,100,21.82422,83.928146,2026-07-28T06:00:00,DEMO_MONITORING_FEED,COMPLIANT,0,DEMO_CONFIGURATION,"Configured thresholds are synthetic for software testing, not legal limits"
ENV-0002163,M008,ENV-ST-M008-02,SO2,20.91,ug/m3,,80,21.824867,83.919844,2026-07-28T14:00:00,DEMO_MONITORING_FEED,COMPLIANT,0,DEMO_CONFIGURATION,"Configured thresholds are synthetic for software testing, not legal limits"
ENV-0002164,M008,ENV-ST-M008-01,NO2,27.53,ug/m3,,80,21.821632,83.911919,2026-07-28T06:00:00,DEMO_MONITORING_FEED,COMPLIANT,0,DEMO_CONFIGURATION,"Configured thresholds are synthetic for software testing, not legal limits"
ENV-0002165,M008,ENV-ST-M008-02,CO,0.51,mg/m3,,4,21.828525,83.916094,2026-07-28T22:00:00,DEMO_MONITORING_FEED,COMPLIANT,0,DEMO_CONFIGURATION,"Configured thresholds are synthetic for software testing, not legal limits"
ENV-0002166,M008,ENV-ST-M008-03,pH,7.42,pH,6.5,8.5,21.828218,83.92442,2026-07-28T14:00:00,DEMO_MONITORING_FEED,COMPLIANT,0,DEMO_CONFIGURATION,"Configured thresholds are synthetic for software testing, not legal limits"
ENV-0002167,M008,ENV-ST-M008-01,TSS,45.13,mg/L,,100,21.828188,83.916396,2026-07-28T14:00:00,DEMO_MONITORING_FEED,COMPLIANT,0,DEMO_CONFIGURATION,"Configured thresholds are synthetic for software testing, not legal limits"
ENV-0002168,M008,ENV-ST-M008-02,TDS,469.98,mg/L,,2100,21.822605,83.924253,2026-07-28T14:00:00,DEMO_MONITORING_FEED,COMPLIANT,0,DEMO_CONFIGURATION,"Configured thresholds are synthetic for software testing, not legal limits"
ENV-0002169,M008,ENV-ST-M008-02,COD,69.98,mg/L,,250,21.815104,83.916329,2026-07-28T06:00:00,DEMO_MONITORING_FEED,COMPLIANT,0,DEMO_CONFIGURATION,"Configured thresholds are synthetic for software testing, not legal limits"
ENV-0002170,M008,ENV-ST-M008-03,BOD,10.21,mg/L,,30,21.827052,83.914963,2026-07-28T14:00:00,DEMO_MONITORING_FEED,COMPLIANT,0,DEMO_CONFIGURATION,"Configured thresholds are synthetic for software testing, not legal limits"
ENV-0002171,M008,ENV-ST-M008-03,Oil_Grease,1.87,mg/L,,10,21.819134,83.92491,2026-07-28T06:00:00,DEMO_MONITORING_FEED,COMPLIANT,0,DEMO_CONFIGURATION,"Configured thresholds are synthetic for software testing, not legal limits"
ENV-0002172,M008,ENV-ST-M008-01,Noise,42.16,dB(A),,85,21.810665,83.916625,2026-07-28T14:00:00,DEMO_MONITORING_FEED,COMPLIANT,0,DEMO_CONFIGURATION,"Configured thresholds are synthetic for software testing, not legal limits"
ENV-0002173,M008,ENV-ST-M008-02,PM2.5,17.23,ug/m3,,60,21.814425,83.921761,2026-07-25T06:00:00,DEMO_MONITORING_FEED,COMPLIANT,0,DEMO_CONFIGURATION,"Configured thresholds are synthetic for software testing, not legal limits"
ENV-0002174,M008,ENV-ST-M008-01,PM10,41.31,ug/m3,,100,21.825981,83.923018,2026-07-25T06:00:00,DEMO_MONITORING_FEED,COMPLIANT,0,DEMO_CONFIGURATION,"Configured thresholds are synthetic for software testing, not legal limits"
ENV-0002175,M008,ENV-ST-M008-01,SO2,14.44,ug/m3,,80,21.829241,83.917346,2026-07-25T06:00:00,DEMO_MONITORING_FEED,COMPLIANT,0,DEMO_CONFIGURATION,"Configured thresholds are synthetic for software testing, not legal limits"
ENV-0002176,M008,ENV-ST-M008-02,NO2,22.49,ug/m3,,80,21.82466,83.921471,2026-07-25T06:00:00,DEMO_MONITORING_FEED,COMPLIANT,0,DEMO_CONFIGURATION,"Configured thresholds are synthetic for software testing, not legal limits"
ENV-0002177,M008,ENV-ST-M008-02,CO,0.48,mg/m3,,4,21.817946,83.924807,2026-07-25T14:00:00,DEMO_MONITORING_FEED,COMPLIANT,0,DEMO_CONFIGURATION,"Configured thresholds are synthetic for software testing, not legal limits"
ENV-0002178,M008,ENV-ST-M008-02,pH,7.37,pH,6.5,8.5,21.812705,83.910729,2026-07-25T14:00:00,DEMO_MONITORING_FEED,COMPLIANT,0,DEMO_CONFIGURATION,"Configured thresholds are synthetic for software testing, not legal limits"
ENV-0002179,M008,ENV-ST-M008-03,TSS,36.91,mg/L,,100,21.825692,83.914852,2026-07-25T14:00:00,DEMO_MONITORING_FEED,COMPLIANT,0,DEMO_CONFIGURATION,"Configured thresholds are synthetic for software testing, not legal limits"
ENV-0002180,M008,ENV-ST-M008-01,TDS,207.54,mg/L,,2100,21.821997,83.916849,2026-07-25T22:00:00,DEMO_MONITORING_FEED,COMPLIANT,0,DEMO_CONFIGURATION,"Configured thresholds are synthetic for software testing, not legal limits"
ENV-0002181,M008,ENV-ST-M008-03,COD,73.98,mg/L,,250,21.810133,83.928249,2026-07-25T06:00:00,DEMO_MONITORING_FEED,COMPLIANT,0,DEMO_CONFIGURATION,"Configured thresholds are synthetic for software testing, not legal limits"
ENV-0002182,M008,ENV-ST-M008-03,BOD,11.1,mg/L,,30,21.827847,83.912002,2026-07-25T14:00:00,DEMO_MONITORING_FEED,COMPLIANT,0,DEMO_CONFIGURATION,"Configured thresholds are synthetic for software testing, not legal limits"
ENV-0002183,M008,ENV-ST-M008-02,Oil_Grease,1.5,mg/L,,10,21.811676,83.910829,2026-07-25T14:00:00,DEMO_MONITORING_FEED,COMPLIANT,0,DEMO_CONFIGURATION,"Configured thresholds are synthetic for software testing, not legal limits"
ENV-0002184,M008,ENV-ST-M008-02,Noise,52.26,dB(A),,85,21.827741,83.928328,2026-07-25T22:00:00,DEMO_MONITORING_FEED,COMPLIANT,0,DEMO_CONFIGURATION,"Configured thresholds are synthetic for software testing, not legal limits"
ENV-0002185,M008,ENV-ST-M008-03,PM2.5,13.06,ug/m3,,60,21.815706,83.913501,2026-07-22T14:00:00,DEMO_MONITORING_FEED,COMPLIANT,0,DEMO_CONFIGURATION,"Configured thresholds are synthetic for software testing, not legal limits"
ENV-0002186,M008,ENV-ST-M008-01,PM10,38.07,ug/m3,,100,21.81729,83.912853,2026-07-22T22:00:00,DEMO_MONITORING_FEED,COMPLIANT,0,DEMO_CONFIGURATION,"Configured thresholds are synthetic for software testing, not legal limits"
ENV-0002187,M008,ENV-ST-M008-02,SO2,17.75,ug/m3,,80,21.813971,83.911957,2026-07-22T06:00:00,DEMO_MONITORING_FEED,COMPLIANT,0,DEMO_CONFIGURATION,"Configured thresholds are synthetic for software testing, not legal limits"
ENV-0002188,M008,ENV-ST-M008-02,NO2,21.08,ug/m3,,80,21.816953,83.917946,2026-07-22T14:00:00,DEMO_MONITORING_FEED,COMPLIANT,0,DEMO_CONFIGURATION,"Configured thresholds are synthetic for software testing, not legal limits"
ENV-0002189,M008,ENV-ST-M008-01,CO,0.28,mg/m3,,4,21.815089,83.928195,2026-07-22T22:00:00,DEMO_MONITORING_FEED,COMPLIANT,0,DEMO_CONFIGURATION,"Configured thresholds are synthetic for software testing, not legal limits"
ENV-0002190,M008,ENV-ST-M008-03,pH,6.98,pH,6.5,8.5,21.826774,83.920874,2026-07-22T22:00:00,DEMO_MONITORING_FEED,COMPLIANT,0,DEMO_CONFIGURATION,"Configured thresholds are synthetic for software testing, not legal limits"
ENV-0002191,M008,ENV-ST-M008-03,TSS,28.69,mg/L,,100,21.820619,83.911736,2026-07-22T06:00:00,DEMO_MONITORING_FEED,COMPLIANT,0,DEMO_CONFIGURATION,"Configured thresholds are synthetic for software testing, not legal limits"
ENV-0002192,M008,ENV-ST-M008-03,TDS,593.78,mg/L,,2100,21.823186,83.913775,2026-07-22T14:00:00,DEMO_MONITORING_FEED,COMPLIANT,0,DEMO_CONFIGURATION,"Configured thresholds are synthetic for software testing, not legal limits"
ENV-0002193,M008,ENV-ST-M008-03,COD,56.26,mg/L,,250,21.813944,83.911459,2026-07-22T22:00:00,DEMO_MONITORING_FEED,COMPLIANT,0,DEMO_CONFIGURATION,"Configured thresholds are synthetic for software testing, not legal limits"
ENV-0002194,M008,ENV-ST-M008-02,BOD,7.94,mg/L,,30,21.810947,83.923962,2026-07-22T14:00:00,DEMO_MONITORING_FEED,COMPLIANT,0,DEMO_CONFIGURATION,"Configured thresholds are synthetic for software testing, not legal limits"
ENV-0002195,M008,ENV-ST-M008-03,Oil_Grease,2.21,mg/L,,10,21.816748,83.911908,2026-07-22T14:00:00,DEMO_MONITORING_FEED,COMPLIANT,0,DEMO_CONFIGURATION,"Configured thresholds are synthetic for software testing, not legal limits"
ENV-0002196,M008,ENV-ST-M008-01,Noise,41.84,dB(A),,85,21.824427,83.926374,2026-07-22T06:00:00,DEMO_MONITORING_FEED,COMPLIANT,0,DEMO_CONFIGURATION,"Configured thresholds are synthetic for software testing, not legal limits"
ENV-0002197,M008,ENV-ST-M008-03,PM2.5,23.59,ug/m3,,60,21.820972,83.917667,2026-07-19T14:00:00,DEMO_MONITORING_FEED,COMPLIANT,0,DEMO_CONFIGURATION,"Configured thresholds are synthetic for software testing, not legal limits"
ENV-0002198,M008,ENV-ST-M008-02,PM10,45.33,ug/m3,,100,21.825009,83.913522,2026-07-19T14:00:00,DEMO_MONITORING_FEED,COMPLIANT,0,DEMO_CONFIGURATION,"Configured thresholds are synthetic for software testing, not legal limits"
ENV-0002199,M008,ENV-ST-M008-02,SO2,17.18,ug/m3,,80,21.810519,83.920774,2026-07-19T06:00:00,DEMO_MONITORING_FEED,COMPLIANT,0,DEMO_CONFIGURATION,"Configured thresholds are synthetic for software testing, not legal limits"
ENV-0002200,M008,ENV-ST-M008-02,NO2,20.39,ug/m3,,80,21.810959,83.920102,2026-07-19T22:00:00,DEMO_MONITORING_FEED,COMPLIANT,0,DEMO_CONFIGURATION,"Configured thresholds are synthetic for software testing, not legal limits"
ENV-0002201,M008,ENV-ST-M008-02,CO,0.32,mg/m3,,4,21.818172,83.92148,2026-07-19T06:00:00,DEMO_MONITORING_FEED,COMPLIANT,0,DEMO_CONFIGURATION,"Configured thresholds are synthetic for software testing, not legal limits"
ENV-0002202,M008,ENV-ST-M008-01,pH,7.43,pH,6.5,8.5,21.82739,83.910573,2026-07-19T06:00:00,DEMO_MONITORING_FEED,COMPLIANT,0,DEMO_CONFIGURATION,"Configured thresholds are synthetic for software testing, not legal limits"
ENV-0002203,M008,ENV-ST-M008-01,TSS,29.76,mg/L,,100,21.817037,83.929307,2026-07-19T06:00:00,DEMO_MONITORING_FEED,COMPLIANT,0,DEMO_CONFIGURATION,"Configured thresholds are synthetic for software testing, not legal limits"
ENV-0002204,M008,ENV-ST-M008-02,TDS,651.77,mg/L,,2100,21.816827,83.920921,2026-07-19T06:00:00,DEMO_MONITORING_FEED,COMPLIANT,0,DEMO_CONFIGURATION,"Configured thresholds are synthetic for software testing, not legal limits"
ENV-0002205,M008,ENV-ST-M008-02,COD,72.41,mg/L,,250,21.828595,83.926245,2026-07-19T14:00:00,DEMO_MONITORING_FEED,COMPLIANT,0,DEMO_CONFIGURATION,"Configured thresholds are synthetic for software testing, not legal limits"
ENV-0002206,M008,ENV-ST-M008-01,BOD,10.34,mg/L,,30,21.821287,83.923419,2026-07-19T22:00:00,DEMO_MONITORING_FEED,COMPLIANT,0,DEMO_CONFIGURATION,"Configured thresholds are synthetic for software testing, not legal limits"
ENV-0002207,M008,ENV-ST-M008-02,Oil_Grease,1.97,mg/L,,10,21.821697,83.917839,2026-07-19T06:00:00,DEMO_MONITORING_FEED,COMPLIANT,0,DEMO_CONFIGURATION,"Configured thresholds are synthetic for software testing, not legal limits"
ENV-0002208,M008,ENV-ST-M008-01,Noise,41.4,dB(A),,85,21.829549,83.914537,2026-07-19T06:00:00,DEMO_MONITORING_FEED,COMPLIANT,0,DEMO_CONFIGURATION,"Configured thresholds are synthetic for software testing, not legal limits"
ENV-0002209,M008,ENV-ST-M008-01,PM2.5,24.23,ug/m3,,60,21.814005,83.924142,2026-07-16T22:00:00,DEMO_MONITORING_FEED,COMPLIANT,0,DEMO_CONFIGURATION,"Configured thresholds are synthetic for software testing, not legal limits"
ENV-0002210,M008,ENV-ST-M008-01,PM10,37.38,ug/m3,,100,21.825442,83.911083,2026-07-16T14:00:00,DEMO_MONITORING_FEED,COMPLIANT,0,DEMO_CONFIGURATION,"Configured thresholds are synthetic for software testing, not legal limits"
ENV-0002211,M008,ENV-ST-M008-02,SO2,21.64,ug/m3,,80,21.811334,83.913879,2026-07-16T14:00:00,DEMO_MONITORING_FEED,COMPLIANT,0,DEMO_CONFIGURATION,"Configured thresholds are synthetic for software testing, not legal limits"
ENV-0002212,M008,ENV-ST-M008-01,NO2,26.53,ug/m3,,80,21.820843,83.922584,2026-07-16T22:00:00,DEMO_MONITORING_FEED,COMPLIANT,0,DEMO_CONFIGURATION,"Configured thresholds are synthetic for software testing, not legal limits"
ENV-0002213,M008,ENV-ST-M008-01,CO,0.95,mg/m3,,4,21.811419,83.921164,2026-07-16T14:00:00,DEMO_MONITORING_FEED,COMPLIANT,0,DEMO_CONFIGURATION,"Configured thresholds are synthetic for software testing, not legal limits"
ENV-0002214,M008,ENV-ST-M008-03,pH,7.54,pH,6.5,8.5,21.813089,83.922643,2026-07-16T14:00:00,DEMO_MONITORING_FEED,COMPLIANT,0,DEMO_CONFIGURATION,"Configured thresholds are synthetic for software testing, not legal limits"
ENV-0002215,M008,ENV-ST-M008-03,TSS,46.92,mg/L,,100,21.821829,83.929144,2026-07-16T14:00:00,DEMO_MONITORING_FEED,COMPLIANT,0,DEMO_CONFIGURATION,"Configured thresholds are synthetic for software testing, not legal limits"
ENV-0002216,M008,ENV-ST-M008-03,TDS,458.63,mg/L,,2100,21.822669,83.928829,2026-07-16T06:00:00,DEMO_MONITORING_FEED,COMPLIANT,0,DEMO_CONFIGURATION,"Configured thresholds are synthetic for software testing, not legal limits"
ENV-0002217,M008,ENV-ST-M008-02,COD,108.69,mg/L,,250,21.828844,83.916933,2026-07-16T14:00:00,DEMO_MONITORING_FEED,COMPLIANT,0,DEMO_CONFIGURATION,"Configured thresholds are synthetic for software testing, not legal limits"
ENV-0002218,M008,ENV-ST-M008-02,BOD,10.78,mg/L,,30,21.828122,83.921822,2026-07-16T22:00:00,DEMO_MONITORING_FEED,COMPLIANT,0,DEMO_CONFIGURATION,"Configured thresholds are synthetic for software testing, not legal limits"
ENV-0002219,M008,ENV-ST-M008-03,Oil_Grease,1.95,mg/L,,10,21.818205,83.913738,2026-07-16T22:00:00,DEMO_MONITORING_FEED,COMPLIANT,0,DEMO_CONFIGURATION,"Configured thresholds are synthetic for software testing, not legal limits"
ENV-0002220,M008,ENV-ST-M008-03,Noise,44.2,dB(A),,85,21.824854,83.916047,2026-07-16T06:00:00,DEMO_MONITORING_FEED,COMPLIANT,0,DEMO_CONFIGURATION,"Configured thresholds are synthetic for software testing, not legal limits"
ENV-0002221,M008,ENV-ST-M008-02,PM2.5,19.66,ug/m3,,60,21.825299,83.91067,2026-07-13T22:00:00,DEMO_MONITORING_FEED,COMPLIANT,0,DEMO_CONFIGURATION,"Configured thresholds are synthetic for software testing, not legal limits"
ENV-0002222,M008,ENV-ST-M008-03,PM10,50.42,ug/m3,,100,21.823327,83.923432,2026-07-13T22:00:00,DEMO_MONITORING_FEED,COMPLIANT,0,DEMO_CONFIGURATION,"Configured thresholds are synthetic for software testing, not legal limits"
ENV-0002223,M008,ENV-ST-M008-02,SO2,21.36,ug/m3,,80,21.817805,83.912287,2026-07-13T06:00:00,DEMO_MONITORING_FEED,COMPLIANT,0,DEMO_CONFIGURATION,"Configured thresholds are synthetic for software testing, not legal limits"
ENV-0002224,M008,ENV-ST-M008-02,NO2,22.25,ug/m3,,80,21.82643,83.912243,2026-07-13T14:00:00,DEMO_MONITORING_FEED,COMPLIANT,0,DEMO_CONFIGURATION,"Configured thresholds are synthetic for software testing, not legal limits"
ENV-0002225,M008,ENV-ST-M008-02,CO,0.67,mg/m3,,4,21.815979,83.916931,2026-07-13T14:00:00,DEMO_MONITORING_FEED,COMPLIANT,0,DEMO_CONFIGURATION,"Configured thresholds are synthetic for software testing, not legal limits"
ENV-0002226,M008,ENV-ST-M008-02,pH,7.42,pH,6.5,8.5,21.822226,83.920777,2026-07-13T22:00:00,DEMO_MONITORING_FEED,COMPLIANT,0,DEMO_CONFIGURATION,"Configured thresholds are synthetic for software testing, not legal limits"
ENV-0002227,M008,ENV-ST-M008-01,TSS,36.71,mg/L,,100,21.819864,83.910412,2026-07-13T14:00:00,DEMO_MONITORING_FEED,COMPLIANT,0,DEMO_CONFIGURATION,"Configured thresholds are synthetic for software testing, not legal limits"
ENV-0002228,M008,ENV-ST-M008-01,TDS,432.28,mg/L,,2100,21.820762,83.920986,2026-07-13T06:00:00,DEMO_MONITORING_FEED,COMPLIANT,0,DEMO_CONFIGURATION,"Configured thresholds are synthetic for software testing, not legal limits"
ENV-0002229,M008,ENV-ST-M008-01,COD,37.8,mg/L,,250,21.823839,83.928483,2026-07-13T06:00:00,DEMO_MONITORING_FEED,COMPLIANT,0,DEMO_CONFIGURATION,"Configured thresholds are synthetic for software testing, not legal limits"
ENV-0002230,M008,ENV-ST-M008-01,BOD,10.58,mg/L,,30,21.816107,83.920732,2026-07-13T14:00:00,DEMO_MONITORING_FEED,COMPLIANT,0,DEMO_CONFIGURATION,"Configured thresholds are synthetic for software testing, not legal limits"
ENV-0002231,M008,ENV-ST-M008-01,Oil_Grease,2.43,mg/L,,10,21.815565,83.925597,2026-07-13T22:00:00,DEMO_MONITORING_FEED,COMPLIANT,0,DEMO_CONFIGURATION,"Configured thresholds are synthetic for software testing, not legal limits"
ENV-0002232,M008,ENV-ST-M008-03,Noise,41.09,dB(A),,85,21.827497,83.917981,2026-07-13T06:00:00,DEMO_MONITORING_FEED,COMPLIANT,0,DEMO_CONFIGURATION,"Configured thresholds are synthetic for software testing, not legal limits"
ENV-0002233,M008,ENV-ST-M008-03,PM2.5,21.51,ug/m3,,60,21.822741,83.916337,2026-07-10T06:00:00,DEMO_MONITORING_FEED,COMPLIANT,0,DEMO_CONFIGURATION,"Configured thresholds are synthetic for software testing, not legal limits"
ENV-0002234,M008,ENV-ST-M008-03,PM10,42.2,ug/m3,,100,21.828459,83.928066,2026-07-10T06:00:00,DEMO_MONITORING_FEED,COMPLIANT,0,DEMO_CONFIGURATION,"Configured thresholds are synthetic for software testing, not legal limits"
ENV-0002235,M008,ENV-ST-M008-03,SO2,13.33,ug/m3,,80,21.816932,83.918363,2026-07-10T06:00:00,DEMO_MONITORING_FEED,COMPLIANT,0,DEMO_CONFIGURATION,"Configured thresholds are synthetic for software testing, not legal limits"
ENV-0002236,M008,ENV-ST-M008-01,NO2,31.85,ug/m3,,80,21.815004,83.920824,2026-07-10T14:00:00,DEMO_MONITORING_FEED,COMPLIANT,0,DEMO_CONFIGURATION,"Configured thresholds are synthetic for software testing, not legal limits"
ENV-0002237,M008,ENV-ST-M008-01,CO,0.91,mg/m3,,4,21.822774,83.917278,2026-07-10T14:00:00,DEMO_MONITORING_FEED,COMPLIANT,0,DEMO_CONFIGURATION,"Configured thresholds are synthetic for software testing, not legal limits"
ENV-0002238,M008,ENV-ST-M008-02,pH,7.21,pH,6.5,8.5,21.815772,83.927691,2026-07-10T14:00:00,DEMO_MONITORING_FEED,COMPLIANT,0,DEMO_CONFIGURATION,"Configured thresholds are synthetic for software testing, not legal limits"
ENV-0002239,M008,ENV-ST-M008-01,TSS,40.1,mg/L,,100,21.823511,83.91641,2026-07-10T22:00:00,DEMO_MONITORING_FEED,COMPLIANT,0,DEMO_CONFIGURATION,"Configured thresholds are synthetic for software testing, not legal limits"
ENV-0002240,M008,ENV-ST-M008-03,TDS,451.45,mg/L,,2100,21.817608,83.927851,2026-07-10T14:00:00,DEMO_MONITORING_FEED,COMPLIANT,0,DEMO_CONFIGURATION,"Configured thresholds are synthetic for software testing, not legal limits"
ENV-0002241,M008,ENV-ST-M008-03,COD,87.82,mg/L,,250,21.82249,83.92724,2026-07-10T22:00:00,DEMO_MONITORING_FEED,COMPLIANT,0,DEMO_CONFIGURATION,"Configured thresholds are synthetic for software testing, not legal limits"
ENV-0002242,M008,ENV-ST-M008-01,BOD,10.45,mg/L,,30,21.815059,83.923824,2026-07-10T14:00:00,DEMO_MONITORING_FEED,COMPLIANT,0,DEMO_CONFIGURATION,"Configured thresholds are synthetic for software testing, not legal limits"
ENV-0002243,M008,ENV-ST-M008-02,Oil_Grease,3.56,mg/L,,10,21.823344,83.913641,2026-07-10T06:00:00,DEMO_MONITORING_FEED,COMPLIANT,0,DEMO_CONFIGURATION,"Configured thresholds are synthetic for software testing, not legal limits"
ENV-0002244,M008,ENV-ST-M008-03,Noise,43.25,dB(A),,85,21.811146,83.912887,2026-07-10T22:00:00,DEMO_MONITORING_FEED,COMPLIANT,0,DEMO_CONFIGURATION,"Configured thresholds are synthetic for software testing, not legal limits"
ENV-0002245,M008,ENV-ST-M008-03,PM2.5,21.15,ug/m3,,60,21.813175,83.913095,2026-07-07T06:00:00,DEMO_MONITORING_FEED,COMPLIANT,0,DEMO_CONFIGURATION,"Configured thresholds are synthetic for software testing, not legal limits"
ENV-0002246,M008,ENV-ST-M008-01,PM10,46.23,ug/m3,,100,21.815564,83.920203,2026-07-07T14:00:00,DEMO_MONITORING_FEED,COMPLIANT,0,DEMO_CONFIGURATION,"Configured thresholds are synthetic for software testing, not legal limits"
ENV-0002247,M008,ENV-ST-M008-03,SO2,17.5,ug/m3,,80,21.816051,83.917313,2026-07-07T14:00:00,DEMO_MONITORING_FEED,COMPLIANT,0,DEMO_CONFIGURATION,"Configured thresholds are synthetic for software testing, not legal limits"
ENV-0002248,M008,ENV-ST-M008-01,NO2,30.22,ug/m3,,80,21.812338,83.922915,2026-07-07T06:00:00,DEMO_MONITORING_FEED,COMPLIANT,0,DEMO_CONFIGURATION,"Configured thresholds are synthetic for software testing, not legal limits"
ENV-0002249,M008,ENV-ST-M008-01,CO,0.67,mg/m3,,4,21.823972,83.914059,2026-07-07T14:00:00,DEMO_MONITORING_FEED,COMPLIANT,0,DEMO_CONFIGURATION,"Configured thresholds are synthetic for software testing, not legal limits"
ENV-0002250,M008,ENV-ST-M008-01,pH,7.19,pH,6.5,8.5,21.827052,83.917373,2026-07-07T14:00:00,DEMO_MONITORING_FEED,COMPLIANT,0,DEMO_CONFIGURATION,"Configured thresholds are synthetic for software testing, not legal limits"
ENV-0002251,M008,ENV-ST-M008-03,TSS,30.53,mg/L,,100,21.814404,83.921925,2026-07-07T14:00:00,DEMO_MONITORING_FEED,COMPLIANT,0,DEMO_CONFIGURATION,"Configured thresholds are synthetic for software testing, not legal limits"
ENV-0002252,M008,ENV-ST-M008-02,TDS,758.7,mg/L,,2100,21.810303,83.913467,2026-07-07T06:00:00,DEMO_MONITORING_FEED,COMPLIANT,0,DEMO_CONFIGURATION,"Configured thresholds are synthetic for software testing, not legal limits"
ENV-0002253,M008,ENV-ST-M008-01,COD,83.13,mg/L,,250,21.813761,83.914926,2026-07-07T06:00:00,DEMO_MONITORING_FEED,COMPLIANT,0,DEMO_CONFIGURATION,"Configured thresholds are synthetic for software testing, not legal limits"
ENV-0002254,M008,ENV-ST-M008-01,BOD,7.35,mg/L,,30,21.823427,83.922094,2026-07-07T22:00:00,DEMO_MONITORING_FEED,COMPLIANT,0,DEMO_CONFIGURATION,"Configured thresholds are synthetic for software testing, not legal limits"
ENV-0002255,M008,ENV-ST-M008-03,Oil_Grease,1.92,mg/L,,10,21.826426,83.917325,2026-07-07T14:00:00,DEMO_MONITORING_FEED,COMPLIANT,0,DEMO_CONFIGURATION,"Configured thresholds are synthetic for software testing, not legal limits"
ENV-0002256,M008,ENV-ST-M008-03,Noise,53.86,dB(A),,85,21.819783,83.913413,2026-07-07T14:00:00,DEMO_MONITORING_FEED,COMPLIANT,0,DEMO_CONFIGURATION,"Configured thresholds are synthetic for software testing, not legal limits"
ENV-0002257,M008,ENV-ST-M008-01,PM2.5,24.07,ug/m3,,60,21.825319,83.912269,2026-07-04T06:00:00,DEMO_MONITORING_FEED,COMPLIANT,0,DEMO_CONFIGURATION,"Configured thresholds are synthetic for software testing, not legal limits"
ENV-0002258,M008,ENV-ST-M008-03,PM10,46.27,ug/m3,,100,21.829048,83.9217,2026-07-04T06:00:00,DEMO_MONITORING_FEED,COMPLIANT,0,DEMO_CONFIGURATION,"Configured thresholds are synthetic for software testing, not legal limits"
ENV-0002259,M008,ENV-ST-M008-03,SO2,20.89,ug/m3,,80,21.810703,83.912728,2026-07-04T06:00:00,DEMO_MONITORING_FEED,COMPLIANT,0,DEMO_CONFIGURATION,"Configured thresholds are synthetic for software testing, not legal limits"
ENV-0002260,M008,ENV-ST-M008-02,NO2,33.36,ug/m3,,80,21.819553,83.911506,2026-07-04T14:00:00,DEMO_MONITORING_FEED,COMPLIANT,0,DEMO_CONFIGURATION,"Configured thresholds are synthetic for software testing, not legal limits"
ENV-0002261,M008,ENV-ST-M008-01,CO,0.9,mg/m3,,4,21.815544,83.925778,2026-07-04T14:00:00,DEMO_MONITORING_FEED,COMPLIANT,0,DEMO_CONFIGURATION,"Configured thresholds are synthetic for software testing, not legal limits"
ENV-0002262,M008,ENV-ST-M008-02,pH,7.47,pH,6.5,8.5,21.822334,83.927137,2026-07-04T06:00:00,DEMO_MONITORING_FEED,COMPLIANT,0,DEMO_CONFIGURATION,"Configured thresholds are synthetic for software testing, not legal limits"
ENV-0002263,M008,ENV-ST-M008-03,TSS,37.55,mg/L,,100,21.825633,83.918812,2026-07-04T06:00:00,DEMO_MONITORING_FEED,COMPLIANT,0,DEMO_CONFIGURATION,"Configured thresholds are synthetic for software testing, not legal limits"
ENV-0002264,M008,ENV-ST-M008-03,TDS,540.49,mg/L,,2100,21.81786,83.915614,2026-07-04T06:00:00,DEMO_MONITORING_FEED,COMPLIANT,0,DEMO_CONFIGURATION,"Configured thresholds are synthetic for software testing, not legal limits"
ENV-0002265,M008,ENV-ST-M008-02,COD,87.44,mg/L,,250,21.823911,83.922024,2026-07-04T14:00:00,DEMO_MONITORING_FEED,COMPLIANT,0,DEMO_CONFIGURATION,"Configured thresholds are synthetic for software testing, not legal limits"
ENV-0002266,M008,ENV-ST-M008-02,BOD,9.42,mg/L,,30,21.824005,83.929991,2026-07-04T22:00:00,DEMO_MONITORING_FEED,COMPLIANT,0,DEMO_CONFIGURATION,"Configured thresholds are synthetic for software testing, not legal limits"
ENV-0002267,M008,ENV-ST-M008-02,Oil_Grease,2.18,mg/L,,10,21.813725,83.915772,2026-07-04T14:00:00,DEMO_MONITORING_FEED,COMPLIANT,0,DEMO_CONFIGURATION,"Configured thresholds are synthetic for software testing, not legal limits"
ENV-0002268,M008,ENV-ST-M008-03,Noise,48.05,dB(A),,85,21.810342,83.91761,2026-07-04T06:00:00,DEMO_MONITORING_FEED,COMPLIANT,0,DEMO_CONFIGURATION,"Configured thresholds are synthetic for software testing, not legal limits"
ENV-0002269,M008,ENV-ST-M008-01,PM2.5,25.72,ug/m3,,60,21.811792,83.926947,2026-07-01T14:00:00,DEMO_MONITORING_FEED,COMPLIANT,0,DEMO_CONFIGURATION,"Configured thresholds are synthetic for software testing, not legal limits"
ENV-0002270,M008,ENV-ST-M008-02,PM10,43.14,ug/m3,,100,21.828399,83.921164,2026-07-01T14:00:00,DEMO_MONITORING_FEED,COMPLIANT,0,DEMO_CONFIGURATION,"Configured thresholds are synthetic for software testing, not legal limits"
ENV-0002271,M008,ENV-ST-M008-03,SO2,23.09,ug/m3,,80,21.827618,83.916048,2026-07-01T14:00:00,DEMO_MONITORING_FEED,COMPLIANT,0,DEMO_CONFIGURATION,"Configured thresholds are synthetic for software testing, not legal limits"
ENV-0002272,M008,ENV-ST-M008-03,NO2,19.47,ug/m3,,80,21.813367,83.926991,2026-07-01T14:00:00,DEMO_MONITORING_FEED,COMPLIANT,0,DEMO_CONFIGURATION,"Configured thresholds are synthetic for software testing, not legal limits"
ENV-0002273,M008,ENV-ST-M008-02,CO,0.82,mg/m3,,4,21.829698,83.910757,2026-07-01T22:00:00,DEMO_MONITORING_FEED,COMPLIANT,0,DEMO_CONFIGURATION,"Configured thresholds are synthetic for software testing, not legal limits"
ENV-0002274,M008,ENV-ST-M008-01,pH,7.15,pH,6.5,8.5,21.816219,83.910507,2026-07-01T06:00:00,DEMO_MONITORING_FEED,COMPLIANT,0,DEMO_CONFIGURATION,"Configured thresholds are synthetic for software testing, not legal limits"
ENV-0002275,M008,ENV-ST-M008-02,TSS,45.78,mg/L,,100,21.815214,83.911818,2026-07-01T22:00:00,DEMO_MONITORING_FEED,COMPLIANT,0,DEMO_CONFIGURATION,"Configured thresholds are synthetic for software testing, not legal limits"
ENV-0002276,M008,ENV-ST-M008-01,TDS,578.41,mg/L,,2100,21.815385,83.924147,2026-07-01T06:00:00,DEMO_MONITORING_FEED,COMPLIANT,0,DEMO_CONFIGURATION,"Configured thresholds are synthetic for software testing, not legal limits"
ENV-0002277,M008,ENV-ST-M008-01,COD,45.01,mg/L,,250,21.813266,83.927819,2026-07-01T22:00:00,DEMO_MONITORING_FEED,COMPLIANT,0,DEMO_CONFIGURATION,"Configured thresholds are synthetic for software testing, not legal limits"
ENV-0002278,M008,ENV-ST-M008-01,BOD,6.75,mg/L,,30,21.819762,83.92615,2026-07-01T22:00:00,DEMO_MONITORING_FEED,COMPLIANT,0,DEMO_CONFIGURATION,"Configured thresholds are synthetic for software testing, not legal limits"
ENV-0002279,M008,ENV-ST-M008-01,Oil_Grease,1.6,mg/L,,10,21.823134,83.917471,2026-07-01T06:00:00,DEMO_MONITORING_FEED,COMPLIANT,0,DEMO_CONFIGURATION,"Configured thresholds are synthetic for software testing, not legal limits"
ENV-0002280,M008,ENV-ST-M008-02,Noise,38.92,dB(A),,85,21.826238,83.914442,2026-07-01T14:00:00,DEMO_MONITORING_FEED,COMPLIANT,0,DEMO_CONFIGURATION,"Configured thresholds are synthetic for software testing, not legal limits"
ENV-0002281,M008,ENV-ST-M008-01,PM2.5,26.67,ug/m3,,60,21.821809,83.923814,2026-06-28T06:00:00,DEMO_MONITORING_FEED,COMPLIANT,0,DEMO_CONFIGURATION,"Configured thresholds are synthetic for software testing, not legal limits"
ENV-0002282,M008,ENV-ST-M008-03,PM10,41.86,ug/m3,,100,21.825047,83.927197,2026-06-28T06:00:00,DEMO_MONITORING_FEED,COMPLIANT,0,DEMO_CONFIGURATION,"Configured thresholds are synthetic for software testing, not legal limits"
ENV-0002283,M008,ENV-ST-M008-03,SO2,22.91,ug/m3,,80,21.812468,83.92939,2026-06-28T22:00:00,DEMO_MONITORING_FEED,COMPLIANT,0,DEMO_CONFIGURATION,"Configured thresholds are synthetic for software testing, not legal limits"
ENV-0002284,M008,ENV-ST-M008-03,NO2,17.54,ug/m3,,80,21.825133,83.919488,2026-06-28T14:00:00,DEMO_MONITORING_FEED,COMPLIANT,0,DEMO_CONFIGURATION,"Configured thresholds are synthetic for software testing, not legal limits"
ENV-0002285,M008,ENV-ST-M008-01,CO,0.43,mg/m3,,4,21.815083,83.919974,2026-06-28T14:00:00,DEMO_MONITORING_FEED,COMPLIANT,0,DEMO_CONFIGURATION,"Configured thresholds are synthetic for software testing, not legal limits"
ENV-0002286,M008,ENV-ST-M008-01,pH,7.26,pH,6.5,8.5,21.824684,83.928699,2026-06-28T14:00:00,DEMO_MONITORING_FEED,COMPLIANT,0,DEMO_CONFIGURATION,"Configured thresholds are synthetic for software testing, not legal limits"
ENV-0002287,M008,ENV-ST-M008-03,TSS,27.23,mg/L,,100,21.817266,83.911923,2026-06-28T14:00:00,DEMO_MONITORING_FEED,COMPLIANT,0,DEMO_CONFIGURATION,"Configured thresholds are synthetic for software testing, not legal limits"
ENV-0002288,M008,ENV-ST-M008-03,TDS,288.81,mg/L,,2100,21.813732,83.911149,2026-06-28T06:00:00,DEMO_MONITORING_FEED,COMPLIANT,0,DEMO_CONFIGURATION,"Configured thresholds are synthetic for software testing, not legal limits"
ENV-0002289,M008,ENV-ST-M008-03,COD,91.05,mg/L,,250,21.821616,83.922852,2026-06-28T22:00:00,DEMO_MONITORING_FEED,COMPLIANT,0,DEMO_CONFIGURATION,"Configured thresholds are synthetic for software testing, not legal limits"
ENV-0002290,M008,ENV-ST-M008-01,BOD,9.95,mg/L,,30,21.82855,83.918157,2026-06-28T22:00:00,DEMO_MONITORING_FEED,COMPLIANT,0,DEMO_CONFIGURATION,"Configured thresholds are synthetic for software testing, not legal limits"
ENV-0002291,M008,ENV-ST-M008-01,Oil_Grease,2.83,mg/L,,10,21.823003,83.915509,2026-06-28T14:00:00,DEMO_MONITORING_FEED,COMPLIANT,0,DEMO_CONFIGURATION,"Configured thresholds are synthetic for software testing, not legal limits"
ENV-0002292,M008,ENV-ST-M008-01,Noise,35.59,dB(A),,85,21.81445,83.912098,2026-06-28T06:00:00,DEMO_MONITORING_FEED,COMPLIANT,0,DEMO_CONFIGURATION,"Configured thresholds are synthetic for software testing, not legal limits"
ENV-0002293,M008,ENV-ST-M008-02,PM2.5,18.96,ug/m3,,60,21.813797,83.928995,2026-06-25T22:00:00,DEMO_MONITORING_FEED,COMPLIANT,0,DEMO_CONFIGURATION,"Configured thresholds are synthetic for software testing, not legal limits"
ENV-0002294,M008,ENV-ST-M008-01,PM10,29.71,ug/m3,,100,21.821677,83.928726,2026-06-25T22:00:00,DEMO_MONITORING_FEED,COMPLIANT,0,DEMO_CONFIGURATION,"Configured thresholds are synthetic for software testing, not legal limits"
ENV-0002295,M008,ENV-ST-M008-02,SO2,22.13,ug/m3,,80,21.810202,83.918535,2026-06-25T22:00:00,DEMO_MONITORING_FEED,COMPLIANT,0,DEMO_CONFIGURATION,"Configured thresholds are synthetic for software testing, not legal limits"
ENV-0002296,M008,ENV-ST-M008-01,NO2,28.92,ug/m3,,80,21.823865,83.917034,2026-06-25T06:00:00,DEMO_MONITORING_FEED,COMPLIANT,0,DEMO_CONFIGURATION,"Configured thresholds are synthetic for software testing, not legal limits"
ENV-0002297,M008,ENV-ST-M008-01,CO,0.54,mg/m3,,4,21.822496,83.92345,2026-06-25T06:00:00,DEMO_MONITORING_FEED,COMPLIANT,0,DEMO_CONFIGURATION,"Configured thresholds are synthetic for software testing, not legal limits"
ENV-0002298,M008,ENV-ST-M008-02,pH,7.37,pH,6.5,8.5,21.818193,83.925879,2026-06-25T22:00:00,DEMO_MONITORING_FEED,COMPLIANT,0,DEMO_CONFIGURATION,"Configured thresholds are synthetic for software testing, not legal limits"
ENV-0002299,M008,ENV-ST-M008-03,TSS,44.95,mg/L,,100,21.81692,83.922246,2026-06-25T14:00:00,DEMO_MONITORING_FEED,COMPLIANT,0,DEMO_CONFIGURATION,"Configured thresholds are synthetic for software testing, not legal limits"
ENV-0002300,M008,ENV-ST-M008-02,TDS,615.87,mg/L,,2100,21.818195,83.923315,2026-06-25T22:00:00,DEMO_MONITORING_FEED,COMPLIANT,0,DEMO_CONFIGURATION,"Configured thresholds are synthetic for software testing, not legal limits"
ENV-0002301,M008,ENV-ST-M008-02,COD,90.86,mg/L,,250,21.816942,83.924075,2026-06-25T22:00:00,DEMO_MONITORING_FEED,COMPLIANT,0,DEMO_CONFIGURATION,"Configured thresholds are synthetic for software testing, not legal limits"
ENV-0002302,M008,ENV-ST-M008-03,BOD,7.32,mg/L,,30,21.820204,83.917918,2026-06-25T22:00:00,DEMO_MONITORING_FEED,COMPLIANT,0,DEMO_CONFIGURATION,"Configured thresholds are synthetic for software testing, not legal limits"
ENV-0002303,M008,ENV-ST-M008-01,Oil_Grease,0.9,mg/L,,10,21.814445,83.910174,2026-06-25T22:00:00,DEMO_MONITORING_FEED,COMPLIANT,0,DEMO_CONFIGURATION,"Configured thresholds are synthetic for software testing, not legal limits"
ENV-0002304,M008,ENV-ST-M008-02,Noise,42.0,dB(A),,85,21.810892,83.917156,2026-06-25T22:00:00,DEMO_MONITORING_FEED,COMPLIANT,0,DEMO_CONFIGURATION,"Configured thresholds are synthetic for software testing, not legal limits"
ENV-0002305,M009,ENV-ST-M009-03,PM2.5,18.0,ug/m3,,60,23.294816,82.345891,2026-09-02T14:00:00,DEMO_MONITORING_FEED,COMPLIANT,0,DEMO_CONFIGURATION,"Configured thresholds are synthetic for software testing, not legal limits"
ENV-0002306,M009,ENV-ST-M009-03,PM10,32.18,ug/m3,,100,23.292048,82.345314,2026-09-02T06:00:00,DEMO_MONITORING_FEED,COMPLIANT,0,DEMO_CONFIGURATION,"Configured thresholds are synthetic for software testing, not legal limits"
ENV-0002307,M009,ENV-ST-M009-02,SO2,24.43,ug/m3,,80,23.306673,82.342905,2026-09-02T06:00:00,DEMO_MONITORING_FEED,COMPLIANT,0,DEMO_CONFIGURATION,"Configured thresholds are synthetic for software testing, not legal limits"
ENV-0002308,M009,ENV-ST-M009-02,NO2,17.42,ug/m3,,80,23.299856,82.345843,2026-09-02T22:00:00,DEMO_MONITORING_FEED,COMPLIANT,0,DEMO_CONFIGURATION,"Configured thresholds are synthetic for software testing, not legal limits"
ENV-0002309,M009,ENV-ST-M009-02,CO,0.45,mg/m3,,4,23.291054,82.355835,2026-09-02T14:00:00,DEMO_MONITORING_FEED,COMPLIANT,0,DEMO_CONFIGURATION,"Configured thresholds are synthetic for software testing, not legal limits"
ENV-0002310,M009,ENV-ST-M009-03,pH,6.78,pH,6.5,8.5,23.298935,82.355839,2026-09-02T22:00:00,DEMO_MONITORING_FEED,COMPLIANT,0,DEMO_CONFIGURATION,"Configured thresholds are synthetic for software testing, not legal limits"
ENV-0002311,M009,ENV-ST-M009-02,TSS,22.87,mg/L,,100,23.30023,82.358245,2026-09-02T22:00:00,DEMO_MONITORING_FEED,COMPLIANT,0,DEMO_CONFIGURATION,"Configured thresholds are synthetic for software testing, not legal limits"
ENV-0002312,M009,ENV-ST-M009-03,TDS,284.05,mg/L,,2100,23.302678,82.351805,2026-09-02T06:00:00,DEMO_MONITORING_FEED,COMPLIANT,0,DEMO_CONFIGURATION,"Configured thresholds are synthetic for software testing, not legal limits"
ENV-0002313,M009,ENV-ST-M009-02,COD,38.25,mg/L,,250,23.308993,82.351618,2026-09-02T22:00:00,DEMO_MONITORING_FEED,COMPLIANT,0,DEMO_CONFIGURATION,"Configured thresholds are synthetic for software testing, not legal limits"
ENV-0002314,M009,ENV-ST-M009-03,BOD,5.98,mg/L,,30,23.30846,82.344196,2026-09-02T22:00:00,DEMO_MONITORING_FEED,COMPLIANT,0,DEMO_CONFIGURATION,"Configured thresholds are synthetic for software testing, not legal limits"
ENV-0002315,M009,ENV-ST-M009-02,Oil_Grease,2.37,mg/L,,10,23.306854,82.35532,2026-09-02T22:00:00,DEMO_MONITORING_FEED,COMPLIANT,0,DEMO_CONFIGURATION,"Configured thresholds are synthetic for software testing, not legal limits"
ENV-0002316,M009,ENV-ST-M009-03,Noise,34.23,dB(A),,85,23.296427,82.356528,2026-09-02T06:00:00,DEMO_MONITORING_FEED,COMPLIANT,0,DEMO_CONFIGURATION,"Configured thresholds are synthetic for software testing, not legal limits"
ENV-0002317,M009,ENV-ST-M009-02,PM2.5,19.07,ug/m3,,60,23.29357,82.359435,2026-08-30T14:00:00,DEMO_MONITORING_FEED,COMPLIANT,0,DEMO_CONFIGURATION,"Configured thresholds are synthetic for software testing, not legal limits"
ENV-0002318,M009,ENV-ST-M009-01,PM10,39.58,ug/m3,,100,23.30829,82.358806,2026-08-30T14:00:00,DEMO_MONITORING_FEED,COMPLIANT,0,DEMO_CONFIGURATION,"Configured thresholds are synthetic for software testing, not legal limits"
ENV-0002319,M009,ENV-ST-M009-03,SO2,17.93,ug/m3,,80,23.296699,82.358446,2026-08-30T22:00:00,DEMO_MONITORING_FEED,COMPLIANT,0,DEMO_CONFIGURATION,"Configured thresholds are synthetic for software testing, not legal limits"
ENV-0002320,M009,ENV-ST-M009-01,NO2,15.53,ug/m3,,80,23.299245,82.356947,2026-08-30T14:00:00,DEMO_MONITORING_FEED,COMPLIANT,0,DEMO_CONFIGURATION,"Configured thresholds are synthetic for software testing, not legal limits"
ENV-0002321,M009,ENV-ST-M009-01,CO,0.83,mg/m3,,4,23.2965,82.352488,2026-08-30T22:00:00,DEMO_MONITORING_FEED,COMPLIANT,0,DEMO_CONFIGURATION,"Configured thresholds are synthetic for software testing, not legal limits"
ENV-0002322,M009,ENV-ST-M009-01,pH,7.4,pH,6.5,8.5,23.302169,82.346106,2026-08-30T22:00:00,DEMO_MONITORING_FEED,COMPLIANT,0,DEMO_CONFIGURATION,"Configured thresholds are synthetic for software testing, not legal limits"
ENV-0002323,M009,ENV-ST-M009-01,TSS,20.23,mg/L,,100,23.305257,82.353672,2026-08-30T14:00:00,DEMO_MONITORING_FEED,COMPLIANT,0,DEMO_CONFIGURATION,"Configured thresholds are synthetic for software testing, not legal limits"
ENV-0002324,M009,ENV-ST-M009-03,TDS,587.34,mg/L,,2100,23.309722,82.350869,2026-08-30T22:00:00,DEMO_MONITORING_FEED,COMPLIANT,0,DEMO_CONFIGURATION,"Configured thresholds are synthetic for software testing, not legal limits"
ENV-0002325,M009,ENV-ST-M009-03,COD,47.36,mg/L,,250,23.306054,82.351077,2026-08-30T06:00:00,DEMO_MONITORING_FEED,COMPLIANT,0,DEMO_CONFIGURATION,"Configured thresholds are synthetic for software testing, not legal limits"
ENV-0002326,M009,ENV-ST-M009-03,BOD,8.68,mg/L,,30,23.303684,82.342766,2026-08-30T22:00:00,DEMO_MONITORING_FEED,COMPLIANT,0,DEMO_CONFIGURATION,"Configured thresholds are synthetic for software testing, not legal limits"
ENV-0002327,M009,ENV-ST-M009-03,Oil_Grease,1.44,mg/L,,10,23.30313,82.352315,2026-08-30T06:00:00,DEMO_MONITORING_FEED,COMPLIANT,0,DEMO_CONFIGURATION,"Configured thresholds are synthetic for software testing, not legal limits"
ENV-0002328,M009,ENV-ST-M009-01,Noise,40.76,dB(A),,85,23.300344,82.348713,2026-08-30T14:00:00,DEMO_MONITORING_FEED,COMPLIANT,0,DEMO_CONFIGURATION,"Configured thresholds are synthetic for software testing, not legal limits"
ENV-0002329,M009,ENV-ST-M009-03,PM2.5,15.47,ug/m3,,60,23.300025,82.342792,2026-08-27T14:00:00,DEMO_MONITORING_FEED,COMPLIANT,0,DEMO_CONFIGURATION,"Configured thresholds are synthetic for software testing, not legal limits"
ENV-0002330,M009,ENV-ST-M009-01,PM10,35.27,ug/m3,,100,23.29005,82.35043,2026-08-27T06:00:00,DEMO_MONITORING_FEED,COMPLIANT,0,DEMO_CONFIGURATION,"Configured thresholds are synthetic for software testing, not legal limits"
ENV-0002331,M009,ENV-ST-M009-01,SO2,16.82,ug/m3,,80,23.304511,82.340127,2026-08-27T22:00:00,DEMO_MONITORING_FEED,COMPLIANT,0,DEMO_CONFIGURATION,"Configured thresholds are synthetic for software testing, not legal limits"
ENV-0002332,M009,ENV-ST-M009-02,NO2,19.45,ug/m3,,80,23.301165,82.347879,2026-08-27T06:00:00,DEMO_MONITORING_FEED,COMPLIANT,0,DEMO_CONFIGURATION,"Configured thresholds are synthetic for software testing, not legal limits"
ENV-0002333,M009,ENV-ST-M009-03,CO,0.23,mg/m3,,4,23.302194,82.345483,2026-08-27T22:00:00,DEMO_MONITORING_FEED,COMPLIANT,0,DEMO_CONFIGURATION,"Configured thresholds are synthetic for software testing, not legal limits"
ENV-0002334,M009,ENV-ST-M009-03,pH,7.26,pH,6.5,8.5,23.29482,82.343191,2026-08-27T14:00:00,DEMO_MONITORING_FEED,COMPLIANT,0,DEMO_CONFIGURATION,"Configured thresholds are synthetic for software testing, not legal limits"
ENV-0002335,M009,ENV-ST-M009-01,TSS,36.33,mg/L,,100,23.296877,82.354244,2026-08-27T06:00:00,DEMO_MONITORING_FEED,COMPLIANT,0,DEMO_CONFIGURATION,"Configured thresholds are synthetic for software testing, not legal limits"
ENV-0002336,M009,ENV-ST-M009-02,TDS,493.95,mg/L,,2100,23.304456,82.340177,2026-08-27T06:00:00,DEMO_MONITORING_FEED,COMPLIANT,0,DEMO_CONFIGURATION,"Configured thresholds are synthetic for software testing, not legal limits"
ENV-0002337,M009,ENV-ST-M009-03,COD,86.22,mg/L,,250,23.306564,82.346191,2026-08-27T14:00:00,DEMO_MONITORING_FEED,COMPLIANT,0,DEMO_CONFIGURATION,"Configured thresholds are synthetic for software testing, not legal limits"
ENV-0002338,M009,ENV-ST-M009-03,BOD,7.12,mg/L,,30,23.292464,82.358956,2026-08-27T22:00:00,DEMO_MONITORING_FEED,COMPLIANT,0,DEMO_CONFIGURATION,"Configured thresholds are synthetic for software testing, not legal limits"
ENV-0002339,M009,ENV-ST-M009-02,Oil_Grease,1.9,mg/L,,10,23.307496,82.350476,2026-08-27T14:00:00,DEMO_MONITORING_FEED,COMPLIANT,0,DEMO_CONFIGURATION,"Configured thresholds are synthetic for software testing, not legal limits"
ENV-0002340,M009,ENV-ST-M009-02,Noise,25.75,dB(A),,85,23.298594,82.348736,2026-08-27T22:00:00,DEMO_MONITORING_FEED,COMPLIANT,0,DEMO_CONFIGURATION,"Configured thresholds are synthetic for software testing, not legal limits"
ENV-0002341,M009,ENV-ST-M009-01,PM2.5,17.21,ug/m3,,60,23.299584,82.359246,2026-08-24T22:00:00,DEMO_MONITORING_FEED,COMPLIANT,0,DEMO_CONFIGURATION,"Configured thresholds are synthetic for software testing, not legal limits"
ENV-0002342,M009,ENV-ST-M009-01,PM10,34.19,ug/m3,,100,23.30611,82.35187,2026-08-24T14:00:00,DEMO_MONITORING_FEED,COMPLIANT,0,DEMO_CONFIGURATION,"Configured thresholds are synthetic for software testing, not legal limits"
ENV-0002343,M009,ENV-ST-M009-03,SO2,14.69,ug/m3,,80,23.301816,82.345735,2026-08-24T22:00:00,DEMO_MONITORING_FEED,COMPLIANT,0,DEMO_CONFIGURATION,"Configured thresholds are synthetic for software testing, not legal limits"
ENV-0002344,M009,ENV-ST-M009-02,NO2,23.88,ug/m3,,80,23.293956,82.353693,2026-08-24T14:00:00,DEMO_MONITORING_FEED,COMPLIANT,0,DEMO_CONFIGURATION,"Configured thresholds are synthetic for software testing, not legal limits"
ENV-0002345,M009,ENV-ST-M009-02,CO,0.29,mg/m3,,4,23.301589,82.355908,2026-08-24T06:00:00,DEMO_MONITORING_FEED,COMPLIANT,0,DEMO_CONFIGURATION,"Configured thresholds are synthetic for software testing, not legal limits"
ENV-0002346,M009,ENV-ST-M009-02,pH,6.83,pH,6.5,8.5,23.303461,82.356768,2026-08-24T22:00:00,DEMO_MONITORING_FEED,COMPLIANT,0,DEMO_CONFIGURATION,"Configured thresholds are synthetic for software testing, not legal limits"
ENV-0002347,M009,ENV-ST-M009-02,TSS,23.87,mg/L,,100,23.293266,82.343295,2026-08-24T06:00:00,DEMO_MONITORING_FEED,COMPLIANT,0,DEMO_CONFIGURATION,"Configured thresholds are synthetic for software testing, not legal limits"
ENV-0002348,M009,ENV-ST-M009-01,TDS,297.58,mg/L,,2100,23.298983,82.357501,2026-08-24T14:00:00,DEMO_MONITORING_FEED,COMPLIANT,0,DEMO_CONFIGURATION,"Configured thresholds are synthetic for software testing, not legal limits"
ENV-0002349,M009,ENV-ST-M009-02,COD,50.45,mg/L,,250,23.291151,82.351838,2026-08-24T14:00:00,DEMO_MONITORING_FEED,COMPLIANT,0,DEMO_CONFIGURATION,"Configured thresholds are synthetic for software testing, not legal limits"
ENV-0002350,M009,ENV-ST-M009-01,BOD,4.81,mg/L,,30,23.300518,82.340434,2026-08-24T06:00:00,DEMO_MONITORING_FEED,COMPLIANT,0,DEMO_CONFIGURATION,"Configured thresholds are synthetic for software testing, not legal limits"
ENV-0002351,M009,ENV-ST-M009-02,Oil_Grease,1.95,mg/L,,10,23.292028,82.354848,2026-08-24T06:00:00,DEMO_MONITORING_FEED,COMPLIANT,0,DEMO_CONFIGURATION,"Configured thresholds are synthetic for software testing, not legal limits"
ENV-0002352,M009,ENV-ST-M009-02,Noise,26.7,dB(A),,85,23.291916,82.348139,2026-08-24T22:00:00,DEMO_MONITORING_FEED,COMPLIANT,0,DEMO_CONFIGURATION,"Configured thresholds are synthetic for software testing, not legal limits"
ENV-0002353,M009,ENV-ST-M009-01,PM2.5,15.21,ug/m3,,60,23.294784,82.341216,2026-08-21T14:00:00,DEMO_MONITORING_FEED,COMPLIANT,0,DEMO_CONFIGURATION,"Configured thresholds are synthetic for software testing, not legal limits"
ENV-0002354,M009,ENV-ST-M009-03,PM10,33.59,ug/m3,,100,23.300834,82.3426,2026-08-21T14:00:00,DEMO_MONITORING_FEED,COMPLIANT,0,DEMO_CONFIGURATION,"Configured thresholds are synthetic for software testing, not legal limits"
ENV-0002355,M009,ENV-ST-M009-01,SO2,18.32,ug/m3,,80,23.308385,82.358402,2026-08-21T06:00:00,DEMO_MONITORING_FEED,COMPLIANT,0,DEMO_CONFIGURATION,"Configured thresholds are synthetic for software testing, not legal limits"
ENV-0002356,M009,ENV-ST-M009-02,NO2,13.25,ug/m3,,80,23.300375,82.349282,2026-08-21T14:00:00,DEMO_MONITORING_FEED,COMPLIANT,0,DEMO_CONFIGURATION,"Configured thresholds are synthetic for software testing, not legal limits"
ENV-0002357,M009,ENV-ST-M009-03,CO,0.22,mg/m3,,4,23.304259,82.350418,2026-08-21T22:00:00,DEMO_MONITORING_FEED,COMPLIANT,0,DEMO_CONFIGURATION,"Configured thresholds are synthetic for software testing, not legal limits"
ENV-0002358,M009,ENV-ST-M009-01,pH,6.83,pH,6.5,8.5,23.294131,82.34916,2026-08-21T22:00:00,DEMO_MONITORING_FEED,COMPLIANT,0,DEMO_CONFIGURATION,"Configured thresholds are synthetic for software testing, not legal limits"
ENV-0002359,M009,ENV-ST-M009-01,TSS,31.42,mg/L,,100,23.30162,82.341585,2026-08-21T22:00:00,DEMO_MONITORING_FEED,COMPLIANT,0,DEMO_CONFIGURATION,"Configured thresholds are synthetic for software testing, not legal limits"
ENV-0002360,M009,ENV-ST-M009-03,TDS,473.86,mg/L,,2100,23.297196,82.356321,2026-08-21T06:00:00,DEMO_MONITORING_FEED,COMPLIANT,0,DEMO_CONFIGURATION,"Configured thresholds are synthetic for software testing, not legal limits"
ENV-0002361,M009,ENV-ST-M009-02,COD,69.67,mg/L,,250,23.290135,82.359115,2026-08-21T14:00:00,DEMO_MONITORING_FEED,COMPLIANT,0,DEMO_CONFIGURATION,"Configured thresholds are synthetic for software testing, not legal limits"
ENV-0002362,M009,ENV-ST-M009-02,BOD,7.18,mg/L,,30,23.291052,82.340858,2026-08-21T22:00:00,DEMO_MONITORING_FEED,COMPLIANT,0,DEMO_CONFIGURATION,"Configured thresholds are synthetic for software testing, not legal limits"
ENV-0002363,M009,ENV-ST-M009-03,Oil_Grease,1.81,mg/L,,10,23.299673,82.343746,2026-08-21T14:00:00,DEMO_MONITORING_FEED,COMPLIANT,0,DEMO_CONFIGURATION,"Configured thresholds are synthetic for software testing, not legal limits"
ENV-0002364,M009,ENV-ST-M009-02,Noise,39.87,dB(A),,85,23.293217,82.343659,2026-08-21T06:00:00,DEMO_MONITORING_FEED,COMPLIANT,0,DEMO_CONFIGURATION,"Configured thresholds are synthetic for software testing, not legal limits"
ENV-0002365,M009,ENV-ST-M009-01,PM2.5,19.84,ug/m3,,60,23.294573,82.352307,2026-08-18T06:00:00,DEMO_MONITORING_FEED,COMPLIANT,0,DEMO_CONFIGURATION,"Configured thresholds are synthetic for software testing, not legal limits"
ENV-0002366,M009,ENV-ST-M009-03,PM10,25.18,ug/m3,,100,23.307804,82.341322,2026-08-18T14:00:00,DEMO_MONITORING_FEED,COMPLIANT,0,DEMO_CONFIGURATION,"Configured thresholds are synthetic for software testing, not legal limits"
ENV-0002367,M009,ENV-ST-M009-01,SO2,16.93,ug/m3,,80,23.296685,82.351237,2026-08-18T22:00:00,DEMO_MONITORING_FEED,COMPLIANT,0,DEMO_CONFIGURATION,"Configured thresholds are synthetic for software testing, not legal limits"
ENV-0002368,M009,ENV-ST-M009-03,NO2,17.39,ug/m3,,80,23.301773,82.353856,2026-08-18T22:00:00,DEMO_MONITORING_FEED,COMPLIANT,0,DEMO_CONFIGURATION,"Configured thresholds are synthetic for software testing, not legal limits"
ENV-0002369,M009,ENV-ST-M009-03,CO,0.34,mg/m3,,4,23.300339,82.353387,2026-08-18T06:00:00,DEMO_MONITORING_FEED,COMPLIANT,0,DEMO_CONFIGURATION,"Configured thresholds are synthetic for software testing, not legal limits"
ENV-0002370,M009,ENV-ST-M009-03,pH,7.15,pH,6.5,8.5,23.30105,82.354623,2026-08-18T06:00:00,DEMO_MONITORING_FEED,COMPLIANT,0,DEMO_CONFIGURATION,"Configured thresholds are synthetic for software testing, not legal limits"
ENV-0002371,M009,ENV-ST-M009-02,TSS,28.85,mg/L,,100,23.302488,82.34708,2026-08-18T14:00:00,DEMO_MONITORING_FEED,COMPLIANT,0,DEMO_CONFIGURATION,"Configured thresholds are synthetic for software testing, not legal limits"
ENV-0002372,M009,ENV-ST-M009-03,TDS,330.29,mg/L,,2100,23.308747,82.342756,2026-08-18T14:00:00,DEMO_MONITORING_FEED,COMPLIANT,0,DEMO_CONFIGURATION,"Configured thresholds are synthetic for software testing, not legal limits"
ENV-0002373,M009,ENV-ST-M009-03,COD,59.32,mg/L,,250,23.292705,82.356798,2026-08-18T22:00:00,DEMO_MONITORING_FEED,COMPLIANT,0,DEMO_CONFIGURATION,"Configured thresholds are synthetic for software testing, not legal limits"
ENV-0002374,M009,ENV-ST-M009-03,BOD,7.71,mg/L,,30,23.295567,82.355462,2026-08-18T06:00:00,DEMO_MONITORING_FEED,COMPLIANT,0,DEMO_CONFIGURATION,"Configured thresholds are synthetic for software testing, not legal limits"
ENV-0002375,M009,ENV-ST-M009-01,Oil_Grease,2.28,mg/L,,10,23.307015,82.347003,2026-08-18T22:00:00,DEMO_MONITORING_FEED,COMPLIANT,0,DEMO_CONFIGURATION,"Configured thresholds are synthetic for software testing, not legal limits"
ENV-0002376,M009,ENV-ST-M009-03,Noise,25.7,dB(A),,85,23.29382,82.34386,2026-08-18T14:00:00,DEMO_MONITORING_FEED,COMPLIANT,0,DEMO_CONFIGURATION,"Configured thresholds are synthetic for software testing, not legal limits"
ENV-0002377,M009,ENV-ST-M009-03,PM2.5,19.75,ug/m3,,60,23.298076,82.356797,2026-08-15T06:00:00,DEMO_MONITORING_FEED,COMPLIANT,0,DEMO_CONFIGURATION,"Configured thresholds are synthetic for software testing, not legal limits"
ENV-0002378,M009,ENV-ST-M009-01,PM10,19.36,ug/m3,,100,23.294164,82.35801,2026-08-15T22:00:00,DEMO_MONITORING_FEED,COMPLIANT,0,DEMO_CONFIGURATION,"Configured thresholds are synthetic for software testing, not legal limits"
ENV-0002379,M009,ENV-ST-M009-03,SO2,14.96,ug/m3,,80,23.30955,82.351238,2026-08-15T22:00:00,DEMO_MONITORING_FEED,COMPLIANT,0,DEMO_CONFIGURATION,"Configured thresholds are synthetic for software testing, not legal limits"
ENV-0002380,M009,ENV-ST-M009-02,NO2,22.27,ug/m3,,80,23.30816,82.3455,2026-08-15T14:00:00,DEMO_MONITORING_FEED,COMPLIANT,0,DEMO_CONFIGURATION,"Configured thresholds are synthetic for software testing, not legal limits"
ENV-0002381,M009,ENV-ST-M009-01,CO,0.21,mg/m3,,4,23.306013,82.359373,2026-08-15T22:00:00,DEMO_MONITORING_FEED,COMPLIANT,0,DEMO_CONFIGURATION,"Configured thresholds are synthetic for software testing, not legal limits"
ENV-0002382,M009,ENV-ST-M009-02,pH,7.26,pH,6.5,8.5,23.307683,82.347816,2026-08-15T06:00:00,DEMO_MONITORING_FEED,COMPLIANT,0,DEMO_CONFIGURATION,"Configured thresholds are synthetic for software testing, not legal limits"
ENV-0002383,M009,ENV-ST-M009-03,TSS,41.33,mg/L,,100,23.299227,82.347699,2026-08-15T14:00:00,DEMO_MONITORING_FEED,COMPLIANT,0,DEMO_CONFIGURATION,"Configured thresholds are synthetic for software testing, not legal limits"
ENV-0002384,M009,ENV-ST-M009-01,TDS,472.34,mg/L,,2100,23.294614,82.354612,2026-08-15T14:00:00,DEMO_MONITORING_FEED,COMPLIANT,0,DEMO_CONFIGURATION,"Configured thresholds are synthetic for software testing, not legal limits"
ENV-0002385,M009,ENV-ST-M009-03,COD,48.68,mg/L,,250,23.295929,82.355721,2026-08-15T22:00:00,DEMO_MONITORING_FEED,COMPLIANT,0,DEMO_CONFIGURATION,"Configured thresholds are synthetic for software testing, not legal limits"
ENV-0002386,M009,ENV-ST-M009-02,BOD,6.49,mg/L,,30,23.306627,82.344964,2026-08-15T14:00:00,DEMO_MONITORING_FEED,COMPLIANT,0,DEMO_CONFIGURATION,"Configured thresholds are synthetic for software testing, not legal limits"
ENV-0002387,M009,ENV-ST-M009-01,Oil_Grease,1.42,mg/L,,10,23.30378,82.35339,2026-08-15T06:00:00,DEMO_MONITORING_FEED,COMPLIANT,0,DEMO_CONFIGURATION,"Configured thresholds are synthetic for software testing, not legal limits"
ENV-0002388,M009,ENV-ST-M009-03,Noise,41.14,dB(A),,85,23.303827,82.350038,2026-08-15T14:00:00,DEMO_MONITORING_FEED,COMPLIANT,0,DEMO_CONFIGURATION,"Configured thresholds are synthetic for software testing, not legal limits"
ENV-0002389,M009,ENV-ST-M009-01,PM2.5,20.89,ug/m3,,60,23.294809,82.35111,2026-08-12T06:00:00,DEMO_MONITORING_FEED,COMPLIANT,0,DEMO_CONFIGURATION,"Configured thresholds are synthetic for software testing, not legal limits"
ENV-0002390,M009,ENV-ST-M009-01,PM10,35.04,ug/m3,,100,23.305331,82.351493,2026-08-12T14:00:00,DEMO_MONITORING_FEED,COMPLIANT,0,DEMO_CONFIGURATION,"Configured thresholds are synthetic for software testing, not legal limits"
ENV-0002391,M009,ENV-ST-M009-03,SO2,20.58,ug/m3,,80,23.295539,82.343327,2026-08-12T22:00:00,DEMO_MONITORING_FEED,COMPLIANT,0,DEMO_CONFIGURATION,"Configured thresholds are synthetic for software testing, not legal limits"
ENV-0002392,M009,ENV-ST-M009-03,NO2,16.75,ug/m3,,80,23.304782,82.344022,2026-08-12T22:00:00,DEMO_MONITORING_FEED,COMPLIANT,0,DEMO_CONFIGURATION,"Configured thresholds are synthetic for software testing, not legal limits"
ENV-0002393,M009,ENV-ST-M009-01,CO,0.41,mg/m3,,4,23.300577,82.356694,2026-08-12T06:00:00,DEMO_MONITORING_FEED,COMPLIANT,0,DEMO_CONFIGURATION,"Configured thresholds are synthetic for software testing, not legal limits"
ENV-0002394,M009,ENV-ST-M009-03,pH,7.38,pH,6.5,8.5,23.292427,82.354523,2026-08-12T14:00:00,DEMO_MONITORING_FEED,COMPLIANT,0,DEMO_CONFIGURATION,"Configured thresholds are synthetic for software testing, not legal limits"
ENV-0002395,M009,ENV-ST-M009-03,TSS,20.86,mg/L,,100,23.306006,82.35313,2026-08-12T22:00:00,DEMO_MONITORING_FEED,COMPLIANT,0,DEMO_CONFIGURATION,"Configured thresholds are synthetic for software testing, not legal limits"
ENV-0002396,M009,ENV-ST-M009-01,TDS,490.33,mg/L,,2100,23.293805,82.352294,2026-08-12T14:00:00,DEMO_MONITORING_FEED,COMPLIANT,0,DEMO_CONFIGURATION,"Configured thresholds are synthetic for software testing, not legal limits"
ENV-0002397,M009,ENV-ST-M009-01,COD,60.07,mg/L,,250,23.29466,82.346937,2026-08-12T06:00:00,DEMO_MONITORING_FEED,COMPLIANT,0,DEMO_CONFIGURATION,"Configured thresholds are synthetic for software testing, not legal limits"
ENV-0002398,M009,ENV-ST-M009-01,BOD,5.42,mg/L,,30,23.295603,82.350671,2026-08-12T22:00:00,DEMO_MONITORING_FEED,COMPLIANT,0,DEMO_CONFIGURATION,"Configured thresholds are synthetic for software testing, not legal limits"
ENV-0002399,M009,ENV-ST-M009-03,Oil_Grease,1.82,mg/L,,10,23.298931,82.343623,2026-08-12T14:00:00,DEMO_MONITORING_FEED,COMPLIANT,0,DEMO_CONFIGURATION,"Configured thresholds are synthetic for software testing, not legal limits"
ENV-0002400,M009,ENV-ST-M009-01,Noise,25.62,dB(A),,85,23.309905,82.342699,2026-08-12T14:00:00,DEMO_MONITORING_FEED,COMPLIANT,0,DEMO_CONFIGURATION,"Configured thresholds are synthetic for software testing, not legal limits"
ENV-0002401,M009,ENV-ST-M009-03,PM2.5,17.63,ug/m3,,60,23.306255,82.358338,2026-08-09T14:00:00,DEMO_MONITORING_FEED,COMPLIANT,0,DEMO_CONFIGURATION,"Configured thresholds are synthetic for software testing, not legal limits"
ENV-0002402,M009,ENV-ST-M009-02,PM10,24.55,ug/m3,,100,23.293542,82.345716,2026-08-09T22:00:00,DEMO_MONITORING_FEED,COMPLIANT,0,DEMO_CONFIGURATION,"Configured thresholds are synthetic for software testing, not legal limits"
ENV-0002403,M009,ENV-ST-M009-01,SO2,17.18,ug/m3,,80,23.293536,82.345924,2026-08-09T22:00:00,DEMO_MONITORING_FEED,COMPLIANT,0,DEMO_CONFIGURATION,"Configured thresholds are synthetic for software testing, not legal limits"
ENV-0002404,M009,ENV-ST-M009-01,NO2,19.63,ug/m3,,80,23.299375,82.355175,2026-08-09T22:00:00,DEMO_MONITORING_FEED,COMPLIANT,0,DEMO_CONFIGURATION,"Configured thresholds are synthetic for software testing, not legal limits"
ENV-0002405,M009,ENV-ST-M009-03,CO,0.59,mg/m3,,4,23.292643,82.352344,2026-08-09T06:00:00,DEMO_MONITORING_FEED,COMPLIANT,0,DEMO_CONFIGURATION,"Configured thresholds are synthetic for software testing, not legal limits"
ENV-0002406,M009,ENV-ST-M009-01,pH,7.23,pH,6.5,8.5,23.309733,82.34908,2026-08-09T14:00:00,DEMO_MONITORING_FEED,COMPLIANT,0,DEMO_CONFIGURATION,"Configured thresholds are synthetic for software testing, not legal limits"
ENV-0002407,M009,ENV-ST-M009-02,TSS,20.08,mg/L,,100,23.301343,82.353358,2026-08-09T06:00:00,DEMO_MONITORING_FEED,COMPLIANT,0,DEMO_CONFIGURATION,"Configured thresholds are synthetic for software testing, not legal limits"
ENV-0002408,M009,ENV-ST-M009-02,TDS,267.49,mg/L,,2100,23.294475,82.341556,2026-08-09T06:00:00,DEMO_MONITORING_FEED,COMPLIANT,0,DEMO_CONFIGURATION,"Configured thresholds are synthetic for software testing, not legal limits"
ENV-0002409,M009,ENV-ST-M009-01,COD,62.34,mg/L,,250,23.305171,82.356652,2026-08-09T14:00:00,DEMO_MONITORING_FEED,COMPLIANT,0,DEMO_CONFIGURATION,"Configured thresholds are synthetic for software testing, not legal limits"
ENV-0002410,M009,ENV-ST-M009-02,BOD,7.22,mg/L,,30,23.309296,82.357365,2026-08-09T14:00:00,DEMO_MONITORING_FEED,COMPLIANT,0,DEMO_CONFIGURATION,"Configured thresholds are synthetic for software testing, not legal limits"
ENV-0002411,M009,ENV-ST-M009-03,Oil_Grease,1.21,mg/L,,10,23.300864,82.357881,2026-08-09T14:00:00,DEMO_MONITORING_FEED,COMPLIANT,0,DEMO_CONFIGURATION,"Configured thresholds are synthetic for software testing, not legal limits"
ENV-0002412,M009,ENV-ST-M009-03,Noise,36.48,dB(A),,85,23.298706,82.355473,2026-08-09T22:00:00,DEMO_MONITORING_FEED,COMPLIANT,0,DEMO_CONFIGURATION,"Configured thresholds are synthetic for software testing, not legal limits"
ENV-0002413,M009,ENV-ST-M009-01,PM2.5,17.15,ug/m3,,60,23.298927,82.350603,2026-08-06T14:00:00,DEMO_MONITORING_FEED,COMPLIANT,0,DEMO_CONFIGURATION,"Configured thresholds are synthetic for software testing, not legal limits"
ENV-0002414,M009,ENV-ST-M009-03,PM10,35.87,ug/m3,,100,23.302515,82.342769,2026-08-06T22:00:00,DEMO_MONITORING_FEED,COMPLIANT,0,DEMO_CONFIGURATION,"Configured thresholds are synthetic for software testing, not legal limits"
ENV-0002415,M009,ENV-ST-M009-01,SO2,11.83,ug/m3,,80,23.298586,82.348713,2026-08-06T14:00:00,DEMO_MONITORING_FEED,COMPLIANT,0,DEMO_CONFIGURATION,"Configured thresholds are synthetic for software testing, not legal limits"
ENV-0002416,M009,ENV-ST-M009-03,NO2,22.81,ug/m3,,80,23.29629,82.345477,2026-08-06T22:00:00,DEMO_MONITORING_FEED,COMPLIANT,0,DEMO_CONFIGURATION,"Configured thresholds are synthetic for software testing, not legal limits"
ENV-0002417,M009,ENV-ST-M009-02,CO,0.36,mg/m3,,4,23.294184,82.35148,2026-08-06T06:00:00,DEMO_MONITORING_FEED,COMPLIANT,0,DEMO_CONFIGURATION,"Configured thresholds are synthetic for software testing, not legal limits"
ENV-0002418,M009,ENV-ST-M009-03,pH,7.5,pH,6.5,8.5,23.293313,82.348893,2026-08-06T06:00:00,DEMO_MONITORING_FEED,COMPLIANT,0,DEMO_CONFIGURATION,"Configured thresholds are synthetic for software testing, not legal limits"
ENV-0002419,M009,ENV-ST-M009-03,TSS,15.91,mg/L,,100,23.293445,82.357299,2026-08-06T22:00:00,DEMO_MONITORING_FEED,COMPLIANT,0,DEMO_CONFIGURATION,"Configured thresholds are synthetic for software testing, not legal limits"
ENV-0002420,M009,ENV-ST-M009-03,TDS,283.53,mg/L,,2100,23.290518,82.343868,2026-08-06T22:00:00,DEMO_MONITORING_FEED,COMPLIANT,0,DEMO_CONFIGURATION,"Configured thresholds are synthetic for software testing, not legal limits"
ENV-0002421,M009,ENV-ST-M009-02,COD,66.37,mg/L,,250,23.296473,82.355633,2026-08-06T22:00:00,DEMO_MONITORING_FEED,COMPLIANT,0,DEMO_CONFIGURATION,"Configured thresholds are synthetic for software testing, not legal limits"
ENV-0002422,M009,ENV-ST-M009-02,BOD,5.91,mg/L,,30,23.301221,82.358414,2026-08-06T22:00:00,DEMO_MONITORING_FEED,COMPLIANT,0,DEMO_CONFIGURATION,"Configured thresholds are synthetic for software testing, not legal limits"
ENV-0002423,M009,ENV-ST-M009-01,Oil_Grease,1.1,mg/L,,10,23.297131,82.347156,2026-08-06T14:00:00,DEMO_MONITORING_FEED,COMPLIANT,0,DEMO_CONFIGURATION,"Configured thresholds are synthetic for software testing, not legal limits"
ENV-0002424,M009,ENV-ST-M009-01,Noise,38.8,dB(A),,85,23.298821,82.342334,2026-08-06T14:00:00,DEMO_MONITORING_FEED,COMPLIANT,0,DEMO_CONFIGURATION,"Configured thresholds are synthetic for software testing, not legal limits"
ENV-0002425,M009,ENV-ST-M009-02,PM2.5,10.67,ug/m3,,60,23.30645,82.340048,2026-08-03T22:00:00,DEMO_MONITORING_FEED,COMPLIANT,0,DEMO_CONFIGURATION,"Configured thresholds are synthetic for software testing, not legal limits"
ENV-0002426,M009,ENV-ST-M009-03,PM10,36.59,ug/m3,,100,23.294427,82.341656,2026-08-03T14:00:00,DEMO_MONITORING_FEED,COMPLIANT,0,DEMO_CONFIGURATION,"Configured thresholds are synthetic for software testing, not legal limits"
ENV-0002427,M009,ENV-ST-M009-03,SO2,17.7,ug/m3,,80,23.296415,82.358419,2026-08-03T14:00:00,DEMO_MONITORING_FEED,COMPLIANT,0,DEMO_CONFIGURATION,"Configured thresholds are synthetic for software testing, not legal limits"
ENV-0002428,M009,ENV-ST-M009-01,NO2,9.51,ug/m3,,80,23.301154,82.358728,2026-08-03T06:00:00,DEMO_MONITORING_FEED,COMPLIANT,0,DEMO_CONFIGURATION,"Configured thresholds are synthetic for software testing, not legal limits"
ENV-0002429,M009,ENV-ST-M009-03,CO,0.64,mg/m3,,4,23.303279,82.350298,2026-08-03T14:00:00,DEMO_MONITORING_FEED,COMPLIANT,0,DEMO_CONFIGURATION,"Configured thresholds are synthetic for software testing, not legal limits"
ENV-0002430,M009,ENV-ST-M009-03,pH,7.34,pH,6.5,8.5,23.300394,82.355121,2026-08-03T22:00:00,DEMO_MONITORING_FEED,COMPLIANT,0,DEMO_CONFIGURATION,"Configured thresholds are synthetic for software testing, not legal limits"
ENV-0002431,M009,ENV-ST-M009-02,TSS,28.91,mg/L,,100,23.295124,82.347325,2026-08-03T06:00:00,DEMO_MONITORING_FEED,COMPLIANT,0,DEMO_CONFIGURATION,"Configured thresholds are synthetic for software testing, not legal limits"
ENV-0002432,M009,ENV-ST-M009-02,TDS,321.12,mg/L,,2100,23.297393,82.357115,2026-08-03T14:00:00,DEMO_MONITORING_FEED,COMPLIANT,0,DEMO_CONFIGURATION,"Configured thresholds are synthetic for software testing, not legal limits"
ENV-0002433,M009,ENV-ST-M009-02,COD,54.5,mg/L,,250,23.308481,82.354874,2026-08-03T22:00:00,DEMO_MONITORING_FEED,COMPLIANT,0,DEMO_CONFIGURATION,"Configured thresholds are synthetic for software testing, not legal limits"
ENV-0002434,M009,ENV-ST-M009-03,BOD,7.61,mg/L,,30,23.303727,82.353359,2026-08-03T14:00:00,DEMO_MONITORING_FEED,COMPLIANT,0,DEMO_CONFIGURATION,"Configured thresholds are synthetic for software testing, not legal limits"
ENV-0002435,M009,ENV-ST-M009-02,Oil_Grease,2.06,mg/L,,10,23.308957,82.346457,2026-08-03T14:00:00,DEMO_MONITORING_FEED,COMPLIANT,0,DEMO_CONFIGURATION,"Configured thresholds are synthetic for software testing, not legal limits"
ENV-0002436,M009,ENV-ST-M009-02,Noise,30.84,dB(A),,85,23.305602,82.340717,2026-08-03T22:00:00,DEMO_MONITORING_FEED,COMPLIANT,0,DEMO_CONFIGURATION,"Configured thresholds are synthetic for software testing, not legal limits"
ENV-0002437,M009,ENV-ST-M009-01,PM2.5,17.29,ug/m3,,60,23.290971,82.358144,2026-07-31T22:00:00,DEMO_MONITORING_FEED,COMPLIANT,0,DEMO_CONFIGURATION,"Configured thresholds are synthetic for software testing, not legal limits"
ENV-0002438,M009,ENV-ST-M009-03,PM10,35.6,ug/m3,,100,23.294319,82.349432,2026-07-31T22:00:00,DEMO_MONITORING_FEED,COMPLIANT,0,DEMO_CONFIGURATION,"Configured thresholds are synthetic for software testing, not legal limits"
ENV-0002439,M009,ENV-ST-M009-03,SO2,13.69,ug/m3,,80,23.30944,82.357594,2026-07-31T14:00:00,DEMO_MONITORING_FEED,COMPLIANT,0,DEMO_CONFIGURATION,"Configured thresholds are synthetic for software testing, not legal limits"
ENV-0002440,M009,ENV-ST-M009-02,NO2,20.54,ug/m3,,80,23.296638,82.340894,2026-07-31T22:00:00,DEMO_MONITORING_FEED,COMPLIANT,0,DEMO_CONFIGURATION,"Configured thresholds are synthetic for software testing, not legal limits"
ENV-0002441,M009,ENV-ST-M009-02,CO,0.95,mg/m3,,4,23.308291,82.345218,2026-07-31T14:00:00,DEMO_MONITORING_FEED,COMPLIANT,0,DEMO_CONFIGURATION,"Configured thresholds are synthetic for software testing, not legal limits"
ENV-0002442,M009,ENV-ST-M009-02,pH,7.22,pH,6.5,8.5,23.303885,82.359255,2026-07-31T06:00:00,DEMO_MONITORING_FEED,COMPLIANT,0,DEMO_CONFIGURATION,"Configured thresholds are synthetic for software testing, not legal limits"
ENV-0002443,M009,ENV-ST-M009-02,TSS,22.17,mg/L,,100,23.29879,82.352059,2026-07-31T22:00:00,DEMO_MONITORING_FEED,COMPLIANT,0,DEMO_CONFIGURATION,"Configured thresholds are synthetic for software testing, not legal limits"
ENV-0002444,M009,ENV-ST-M009-01,TDS,530.01,mg/L,,2100,23.29824,82.359337,2026-07-31T14:00:00,DEMO_MONITORING_FEED,COMPLIANT,0,DEMO_CONFIGURATION,"Configured thresholds are synthetic for software testing, not legal limits"
ENV-0002445,M009,ENV-ST-M009-01,COD,26.16,mg/L,,250,23.296051,82.343949,2026-07-31T06:00:00,DEMO_MONITORING_FEED,COMPLIANT,0,DEMO_CONFIGURATION,"Configured thresholds are synthetic for software testing, not legal limits"
ENV-0002446,M009,ENV-ST-M009-03,BOD,6.94,mg/L,,30,23.295513,82.343307,2026-07-31T06:00:00,DEMO_MONITORING_FEED,COMPLIANT,0,DEMO_CONFIGURATION,"Configured thresholds are synthetic for software testing, not legal limits"
ENV-0002447,M009,ENV-ST-M009-02,Oil_Grease,1.65,mg/L,,10,23.290076,82.348917,2026-07-31T14:00:00,DEMO_MONITORING_FEED,COMPLIANT,0,DEMO_CONFIGURATION,"Configured thresholds are synthetic for software testing, not legal limits"
ENV-0002448,M009,ENV-ST-M009-03,Noise,28.07,dB(A),,85,23.308888,82.348757,2026-07-31T06:00:00,DEMO_MONITORING_FEED,COMPLIANT,0,DEMO_CONFIGURATION,"Configured thresholds are synthetic for software testing, not legal limits"
ENV-0002449,M009,ENV-ST-M009-02,PM2.5,17.36,ug/m3,,60,23.304274,82.340442,2026-07-28T06:00:00,DEMO_MONITORING_FEED,COMPLIANT,0,DEMO_CONFIGURATION,"Configured thresholds are synthetic for software testing, not legal limits"
ENV-0002450,M009,ENV-ST-M009-03,PM10,34.21,ug/m3,,100,23.298258,82.358498,2026-07-28T06:00:00,DEMO_MONITORING_FEED,COMPLIANT,0,DEMO_CONFIGURATION,"Configured thresholds are synthetic for software testing, not legal limits"
ENV-0002451,M009,ENV-ST-M009-03,SO2,8.64,ug/m3,,80,23.294565,82.353063,2026-07-28T06:00:00,DEMO_MONITORING_FEED,COMPLIANT,0,DEMO_CONFIGURATION,"Configured thresholds are synthetic for software testing, not legal limits"
ENV-0002452,M009,ENV-ST-M009-02,NO2,16.57,ug/m3,,80,23.296709,82.357014,2026-07-28T14:00:00,DEMO_MONITORING_FEED,COMPLIANT,0,DEMO_CONFIGURATION,"Configured thresholds are synthetic for software testing, not legal limits"
ENV-0002453,M009,ENV-ST-M009-03,CO,0.04,mg/m3,,4,23.30571,82.353067,2026-07-28T06:00:00,DEMO_MONITORING_FEED,COMPLIANT,0,DEMO_CONFIGURATION,"Configured thresholds are synthetic for software testing, not legal limits"
ENV-0002454,M009,ENV-ST-M009-01,pH,6.93,pH,6.5,8.5,23.306517,82.357728,2026-07-28T14:00:00,DEMO_MONITORING_FEED,COMPLIANT,0,DEMO_CONFIGURATION,"Configured thresholds are synthetic for software testing, not legal limits"
ENV-0002455,M009,ENV-ST-M009-02,TSS,13.24,mg/L,,100,23.301628,82.340071,2026-07-28T14:00:00,DEMO_MONITORING_FEED,COMPLIANT,0,DEMO_CONFIGURATION,"Configured thresholds are synthetic for software testing, not legal limits"
ENV-0002456,M009,ENV-ST-M009-02,TDS,318.28,mg/L,,2100,23.303416,82.355997,2026-07-28T22:00:00,DEMO_MONITORING_FEED,COMPLIANT,0,DEMO_CONFIGURATION,"Configured thresholds are synthetic for software testing, not legal limits"
ENV-0002457,M009,ENV-ST-M009-03,COD,21.51,mg/L,,250,23.297556,82.35407,2026-07-28T22:00:00,DEMO_MONITORING_FEED,COMPLIANT,0,DEMO_CONFIGURATION,"Configured thresholds are synthetic for software testing, not legal limits"
ENV-0002458,M009,ENV-ST-M009-03,BOD,8.98,mg/L,,30,23.293355,82.357408,2026-07-28T22:00:00,DEMO_MONITORING_FEED,COMPLIANT,0,DEMO_CONFIGURATION,"Configured thresholds are synthetic for software testing, not legal limits"
ENV-0002459,M009,ENV-ST-M009-03,Oil_Grease,1.42,mg/L,,10,23.296462,82.342969,2026-07-28T14:00:00,DEMO_MONITORING_FEED,COMPLIANT,0,DEMO_CONFIGURATION,"Configured thresholds are synthetic for software testing, not legal limits"
ENV-0002460,M009,ENV-ST-M009-01,Noise,33.36,dB(A),,85,23.306443,82.345964,2026-07-28T22:00:00,DEMO_MONITORING_FEED,COMPLIANT,0,DEMO_CONFIGURATION,"Configured thresholds are synthetic for software testing, not legal limits"
ENV-0002461,M009,ENV-ST-M009-01,PM2.5,18.57,ug/m3,,60,23.290006,82.345962,2026-07-25T14:00:00,DEMO_MONITORING_FEED,COMPLIANT,0,DEMO_CONFIGURATION,"Configured thresholds are synthetic for software testing, not legal limits"
ENV-0002462,M009,ENV-ST-M009-02,PM10,26.64,ug/m3,,100,23.308002,82.347681,2026-07-25T22:00:00,DEMO_MONITORING_FEED,COMPLIANT,0,DEMO_CONFIGURATION,"Configured thresholds are synthetic for software testing, not legal limits"
ENV-0002463,M009,ENV-ST-M009-01,SO2,13.81,ug/m3,,80,23.309819,82.346912,2026-07-25T22:00:00,DEMO_MONITORING_FEED,COMPLIANT,0,DEMO_CONFIGURATION,"Configured thresholds are synthetic for software testing, not legal limits"
ENV-0002464,M009,ENV-ST-M009-03,NO2,19.9,ug/m3,,80,23.30941,82.342711,2026-07-25T22:00:00,DEMO_MONITORING_FEED,COMPLIANT,0,DEMO_CONFIGURATION,"Configured thresholds are synthetic for software testing, not legal limits"
ENV-0002465,M009,ENV-ST-M009-02,CO,0.7,mg/m3,,4,23.293477,82.34653,2026-07-25T22:00:00,DEMO_MONITORING_FEED,COMPLIANT,0,DEMO_CONFIGURATION,"Configured thresholds are synthetic for software testing, not legal limits"
ENV-0002466,M009,ENV-ST-M009-01,pH,6.93,pH,6.5,8.5,23.309619,82.351278,2026-07-25T22:00:00,DEMO_MONITORING_FEED,COMPLIANT,0,DEMO_CONFIGURATION,"Configured thresholds are synthetic for software testing, not legal limits"
ENV-0002467,M009,ENV-ST-M009-02,TSS,32.74,mg/L,,100,23.307217,82.346734,2026-07-25T06:00:00,DEMO_MONITORING_FEED,COMPLIANT,0,DEMO_CONFIGURATION,"Configured thresholds are synthetic for software testing, not legal limits"
ENV-0002468,M009,ENV-ST-M009-01,TDS,521.8,mg/L,,2100,23.293393,82.353782,2026-07-25T14:00:00,DEMO_MONITORING_FEED,COMPLIANT,0,DEMO_CONFIGURATION,"Configured thresholds are synthetic for software testing, not legal limits"
ENV-0002469,M009,ENV-ST-M009-03,COD,44.26,mg/L,,250,23.291455,82.347497,2026-07-25T14:00:00,DEMO_MONITORING_FEED,COMPLIANT,0,DEMO_CONFIGURATION,"Configured thresholds are synthetic for software testing, not legal limits"
ENV-0002470,M009,ENV-ST-M009-01,BOD,4.14,mg/L,,30,23.294059,82.341898,2026-07-25T22:00:00,DEMO_MONITORING_FEED,COMPLIANT,0,DEMO_CONFIGURATION,"Configured thresholds are synthetic for software testing, not legal limits"
ENV-0002471,M009,ENV-ST-M009-02,Oil_Grease,2.42,mg/L,,10,23.294204,82.342447,2026-07-25T22:00:00,DEMO_MONITORING_FEED,COMPLIANT,0,DEMO_CONFIGURATION,"Configured thresholds are synthetic for software testing, not legal limits"
ENV-0002472,M009,ENV-ST-M009-01,Noise,40.26,dB(A),,85,23.299876,82.355234,2026-07-25T22:00:00,DEMO_MONITORING_FEED,COMPLIANT,0,DEMO_CONFIGURATION,"Configured thresholds are synthetic for software testing, not legal limits"
ENV-0002473,M009,ENV-ST-M009-03,PM2.5,17.83,ug/m3,,60,23.30976,82.355493,2026-07-22T14:00:00,DEMO_MONITORING_FEED,COMPLIANT,0,DEMO_CONFIGURATION,"Configured thresholds are synthetic for software testing, not legal limits"
ENV-0002474,M009,ENV-ST-M009-02,PM10,40.02,ug/m3,,100,23.296271,82.344445,2026-07-22T06:00:00,DEMO_MONITORING_FEED,COMPLIANT,0,DEMO_CONFIGURATION,"Configured thresholds are synthetic for software testing, not legal limits"
ENV-0002475,M009,ENV-ST-M009-01,SO2,19.37,ug/m3,,80,23.308452,82.351857,2026-07-22T14:00:00,DEMO_MONITORING_FEED,COMPLIANT,0,DEMO_CONFIGURATION,"Configured thresholds are synthetic for software testing, not legal limits"
ENV-0002476,M009,ENV-ST-M009-03,NO2,11.56,ug/m3,,80,23.308885,82.351909,2026-07-22T14:00:00,DEMO_MONITORING_FEED,COMPLIANT,0,DEMO_CONFIGURATION,"Configured thresholds are synthetic for software testing, not legal limits"
ENV-0002477,M009,ENV-ST-M009-03,CO,0.09,mg/m3,,4,23.295451,82.351241,2026-07-22T14:00:00,DEMO_MONITORING_FEED,COMPLIANT,0,DEMO_CONFIGURATION,"Configured thresholds are synthetic for software testing, not legal limits"
ENV-0002478,M009,ENV-ST-M009-03,pH,7.51,pH,6.5,8.5,23.296174,82.346967,2026-07-22T22:00:00,DEMO_MONITORING_FEED,COMPLIANT,0,DEMO_CONFIGURATION,"Configured thresholds are synthetic for software testing, not legal limits"
ENV-0002479,M009,ENV-ST-M009-01,TSS,33.54,mg/L,,100,23.298498,82.347389,2026-07-22T06:00:00,DEMO_MONITORING_FEED,COMPLIANT,0,DEMO_CONFIGURATION,"Configured thresholds are synthetic for software testing, not legal limits"
ENV-0002480,M009,ENV-ST-M009-01,TDS,337.54,mg/L,,2100,23.300906,82.359164,2026-07-22T06:00:00,DEMO_MONITORING_FEED,COMPLIANT,0,DEMO_CONFIGURATION,"Configured thresholds are synthetic for software testing, not legal limits"
ENV-0002481,M009,ENV-ST-M009-03,COD,65.35,mg/L,,250,23.306773,82.340242,2026-07-22T06:00:00,DEMO_MONITORING_FEED,COMPLIANT,0,DEMO_CONFIGURATION,"Configured thresholds are synthetic for software testing, not legal limits"
ENV-0002482,M009,ENV-ST-M009-02,BOD,11.53,mg/L,,30,23.309095,82.340763,2026-07-22T14:00:00,DEMO_MONITORING_FEED,COMPLIANT,0,DEMO_CONFIGURATION,"Configured thresholds are synthetic for software testing, not legal limits"
ENV-0002483,M009,ENV-ST-M009-02,Oil_Grease,1.09,mg/L,,10,23.29103,82.357878,2026-07-22T22:00:00,DEMO_MONITORING_FEED,COMPLIANT,0,DEMO_CONFIGURATION,"Configured thresholds are synthetic for software testing, not legal limits"
ENV-0002484,M009,ENV-ST-M009-03,Noise,30.35,dB(A),,85,23.302047,82.346488,2026-07-22T22:00:00,DEMO_MONITORING_FEED,COMPLIANT,0,DEMO_CONFIGURATION,"Configured thresholds are synthetic for software testing, not legal limits"
ENV-0002485,M009,ENV-ST-M009-02,PM2.5,17.7,ug/m3,,60,23.295589,82.343108,2026-07-19T22:00:00,DEMO_MONITORING_FEED,COMPLIANT,0,DEMO_CONFIGURATION,"Configured thresholds are synthetic for software testing, not legal limits"
ENV-0002486,M009,ENV-ST-M009-03,PM10,19.51,ug/m3,,100,23.303539,82.347508,2026-07-19T22:00:00,DEMO_MONITORING_FEED,COMPLIANT,0,DEMO_CONFIGURATION,"Configured thresholds are synthetic for software testing, not legal limits"
ENV-0002487,M009,ENV-ST-M009-03,SO2,15.23,ug/m3,,80,23.292646,82.347652,2026-07-19T22:00:00,DEMO_MONITORING_FEED,COMPLIANT,0,DEMO_CONFIGURATION,"Configured thresholds are synthetic for software testing, not legal limits"
ENV-0002488,M009,ENV-ST-M009-01,NO2,16.68,ug/m3,,80,23.290014,82.354835,2026-07-19T22:00:00,DEMO_MONITORING_FEED,COMPLIANT,0,DEMO_CONFIGURATION,"Configured thresholds are synthetic for software testing, not legal limits"
ENV-0002489,M009,ENV-ST-M009-03,CO,0.63,mg/m3,,4,23.293291,82.343486,2026-07-19T06:00:00,DEMO_MONITORING_FEED,COMPLIANT,0,DEMO_CONFIGURATION,"Configured thresholds are synthetic for software testing, not legal limits"
ENV-0002490,M009,ENV-ST-M009-03,pH,7.59,pH,6.5,8.5,23.302133,82.34557,2026-07-19T22:00:00,DEMO_MONITORING_FEED,COMPLIANT,0,DEMO_CONFIGURATION,"Configured thresholds are synthetic for software testing, not legal limits"
ENV-0002491,M009,ENV-ST-M009-01,TSS,26.87,mg/L,,100,23.30659,82.342633,2026-07-19T14:00:00,DEMO_MONITORING_FEED,COMPLIANT,0,DEMO_CONFIGURATION,"Configured thresholds are synthetic for software testing, not legal limits"
ENV-0002492,M009,ENV-ST-M009-01,TDS,270.15,mg/L,,2100,23.300745,82.354771,2026-07-19T22:00:00,DEMO_MONITORING_FEED,COMPLIANT,0,DEMO_CONFIGURATION,"Configured thresholds are synthetic for software testing, not legal limits"
ENV-0002493,M009,ENV-ST-M009-01,COD,68.19,mg/L,,250,23.299977,82.35811,2026-07-19T14:00:00,DEMO_MONITORING_FEED,COMPLIANT,0,DEMO_CONFIGURATION,"Configured thresholds are synthetic for software testing, not legal limits"
ENV-0002494,M009,ENV-ST-M009-01,BOD,7.74,mg/L,,30,23.300267,82.351537,2026-07-19T06:00:00,DEMO_MONITORING_FEED,COMPLIANT,0,DEMO_CONFIGURATION,"Configured thresholds are synthetic for software testing, not legal limits"
ENV-0002495,M009,ENV-ST-M009-03,Oil_Grease,1.61,mg/L,,10,23.305173,82.347076,2026-07-19T14:00:00,DEMO_MONITORING_FEED,COMPLIANT,0,DEMO_CONFIGURATION,"Configured thresholds are synthetic for software testing, not legal limits"
ENV-0002496,M009,ENV-ST-M009-03,Noise,33.08,dB(A),,85,23.295335,82.35095,2026-07-19T06:00:00,DEMO_MONITORING_FEED,COMPLIANT,0,DEMO_CONFIGURATION,"Configured thresholds are synthetic for software testing, not legal limits"
ENV-0002497,M009,ENV-ST-M009-02,PM2.5,13.51,ug/m3,,60,23.302453,82.347521,2026-07-16T22:00:00,DEMO_MONITORING_FEED,COMPLIANT,0,DEMO_CONFIGURATION,"Configured thresholds are synthetic for software testing, not legal limits"
ENV-0002498,M009,ENV-ST-M009-01,PM10,40.2,ug/m3,,100,23.29543,82.353568,2026-07-16T14:00:00,DEMO_MONITORING_FEED,COMPLIANT,0,DEMO_CONFIGURATION,"Configured thresholds are synthetic for software testing, not legal limits"
ENV-0002499,M009,ENV-ST-M009-02,SO2,18.49,ug/m3,,80,23.291276,82.357554,2026-07-16T22:00:00,DEMO_MONITORING_FEED,COMPLIANT,0,DEMO_CONFIGURATION,"Configured thresholds are synthetic for software testing, not legal limits"
ENV-0002500,M009,ENV-ST-M009-02,NO2,20.54,ug/m3,,80,23.298335,82.35576,2026-07-16T22:00:00,DEMO_MONITORING_FEED,COMPLIANT,0,DEMO_CONFIGURATION,"Configured thresholds are synthetic for software testing, not legal limits"
ENV-0002501,M009,ENV-ST-M009-03,CO,0.66,mg/m3,,4,23.29153,82.353319,2026-07-16T06:00:00,DEMO_MONITORING_FEED,COMPLIANT,0,DEMO_CONFIGURATION,"Configured thresholds are synthetic for software testing, not legal limits"
ENV-0002502,M009,ENV-ST-M009-01,pH,6.87,pH,6.5,8.5,23.290231,82.34666,2026-07-16T06:00:00,DEMO_MONITORING_FEED,COMPLIANT,0,DEMO_CONFIGURATION,"Configured thresholds are synthetic for software testing, not legal limits"
ENV-0002503,M009,ENV-ST-M009-02,TSS,25.4,mg/L,,100,23.304262,82.352371,2026-07-16T22:00:00,DEMO_MONITORING_FEED,COMPLIANT,0,DEMO_CONFIGURATION,"Configured thresholds are synthetic for software testing, not legal limits"
ENV-0002504,M009,ENV-ST-M009-03,TDS,200.88,mg/L,,2100,23.291822,82.355934,2026-07-16T22:00:00,DEMO_MONITORING_FEED,COMPLIANT,0,DEMO_CONFIGURATION,"Configured thresholds are synthetic for software testing, not legal limits"
ENV-0002505,M009,ENV-ST-M009-02,COD,63.15,mg/L,,250,23.301017,82.357043,2026-07-16T14:00:00,DEMO_MONITORING_FEED,COMPLIANT,0,DEMO_CONFIGURATION,"Configured thresholds are synthetic for software testing, not legal limits"
ENV-0002506,M009,ENV-ST-M009-02,BOD,8.78,mg/L,,30,23.305433,82.356444,2026-07-16T14:00:00,DEMO_MONITORING_FEED,COMPLIANT,0,DEMO_CONFIGURATION,"Configured thresholds are synthetic for software testing, not legal limits"
ENV-0002507,M009,ENV-ST-M009-02,Oil_Grease,1.09,mg/L,,10,23.302947,82.358373,2026-07-16T14:00:00,DEMO_MONITORING_FEED,COMPLIANT,0,DEMO_CONFIGURATION,"Configured thresholds are synthetic for software testing, not legal limits"
ENV-0002508,M009,ENV-ST-M009-01,Noise,33.33,dB(A),,85,23.308763,82.341744,2026-07-16T22:00:00,DEMO_MONITORING_FEED,COMPLIANT,0,DEMO_CONFIGURATION,"Configured thresholds are synthetic for software testing, not legal limits"
ENV-0002509,M009,ENV-ST-M009-02,PM2.5,20.92,ug/m3,,60,23.30718,82.349556,2026-07-13T14:00:00,DEMO_MONITORING_FEED,COMPLIANT,0,DEMO_CONFIGURATION,"Configured thresholds are synthetic for software testing, not legal limits"
ENV-0002510,M009,ENV-ST-M009-01,PM10,40.31,ug/m3,,100,23.309351,82.356688,2026-07-13T06:00:00,DEMO_MONITORING_FEED,COMPLIANT,0,DEMO_CONFIGURATION,"Configured thresholds are synthetic for software testing, not legal limits"
ENV-0002511,M009,ENV-ST-M009-02,SO2,14.78,ug/m3,,80,23.290032,82.343176,2026-07-13T14:00:00,DEMO_MONITORING_FEED,COMPLIANT,0,DEMO_CONFIGURATION,"Configured thresholds are synthetic for software testing, not legal limits"
ENV-0002512,M009,ENV-ST-M009-02,NO2,20.08,ug/m3,,80,23.297155,82.358768,2026-07-13T14:00:00,DEMO_MONITORING_FEED,COMPLIANT,0,DEMO_CONFIGURATION,"Configured thresholds are synthetic for software testing, not legal limits"
ENV-0002513,M009,ENV-ST-M009-02,CO,0.31,mg/m3,,4,23.297506,82.356625,2026-07-13T22:00:00,DEMO_MONITORING_FEED,COMPLIANT,0,DEMO_CONFIGURATION,"Configured thresholds are synthetic for software testing, not legal limits"
ENV-0002514,M009,ENV-ST-M009-01,pH,7.24,pH,6.5,8.5,23.299747,82.353817,2026-07-13T14:00:00,DEMO_MONITORING_FEED,COMPLIANT,0,DEMO_CONFIGURATION,"Configured thresholds are synthetic for software testing, not legal limits"
ENV-0002515,M009,ENV-ST-M009-02,TSS,30.08,mg/L,,100,23.29142,82.344497,2026-07-13T06:00:00,DEMO_MONITORING_FEED,COMPLIANT,0,DEMO_CONFIGURATION,"Configured thresholds are synthetic for software testing, not legal limits"
ENV-0002516,M009,ENV-ST-M009-01,TDS,355.05,mg/L,,2100,23.290746,82.341405,2026-07-13T06:00:00,DEMO_MONITORING_FEED,COMPLIANT,0,DEMO_CONFIGURATION,"Configured thresholds are synthetic for software testing, not legal limits"
ENV-0002517,M009,ENV-ST-M009-03,COD,61.15,mg/L,,250,23.301613,82.358214,2026-07-13T22:00:00,DEMO_MONITORING_FEED,COMPLIANT,0,DEMO_CONFIGURATION,"Configured thresholds are synthetic for software testing, not legal limits"
ENV-0002518,M009,ENV-ST-M009-02,BOD,9.53,mg/L,,30,23.291776,82.355811,2026-07-13T06:00:00,DEMO_MONITORING_FEED,COMPLIANT,0,DEMO_CONFIGURATION,"Configured thresholds are synthetic for software testing, not legal limits"
ENV-0002519,M009,ENV-ST-M009-01,Oil_Grease,1.69,mg/L,,10,23.306836,82.342213,2026-07-13T14:00:00,DEMO_MONITORING_FEED,COMPLIANT,0,DEMO_CONFIGURATION,"Configured thresholds are synthetic for software testing, not legal limits"
ENV-0002520,M009,ENV-ST-M009-01,Noise,41.52,dB(A),,85,23.2961,82.356313,2026-07-13T22:00:00,DEMO_MONITORING_FEED,COMPLIANT,0,DEMO_CONFIGURATION,"Configured thresholds are synthetic for software testing, not legal limits"
ENV-0002521,M009,ENV-ST-M009-01,PM2.5,8.86,ug/m3,,60,23.299399,82.351393,2026-07-10T06:00:00,DEMO_MONITORING_FEED,COMPLIANT,0,DEMO_CONFIGURATION,"Configured thresholds are synthetic for software testing, not legal limits"
ENV-0002522,M009,ENV-ST-M009-02,PM10,31.67,ug/m3,,100,23.295155,82.35873,2026-07-10T06:00:00,DEMO_MONITORING_FEED,COMPLIANT,0,DEMO_CONFIGURATION,"Configured thresholds are synthetic for software testing, not legal limits"
ENV-0002523,M009,ENV-ST-M009-02,SO2,18.09,ug/m3,,80,23.293202,82.352524,2026-07-10T14:00:00,DEMO_MONITORING_FEED,COMPLIANT,0,DEMO_CONFIGURATION,"Configured thresholds are synthetic for software testing, not legal limits"
ENV-0002524,M009,ENV-ST-M009-01,NO2,18.62,ug/m3,,80,23.306122,82.341718,2026-07-10T14:00:00,DEMO_MONITORING_FEED,COMPLIANT,0,DEMO_CONFIGURATION,"Configured thresholds are synthetic for software testing, not legal limits"
ENV-0002525,M009,ENV-ST-M009-02,CO,0.4,mg/m3,,4,23.299503,82.349938,2026-07-10T22:00:00,DEMO_MONITORING_FEED,COMPLIANT,0,DEMO_CONFIGURATION,"Configured thresholds are synthetic for software testing, not legal limits"
ENV-0002526,M009,ENV-ST-M009-02,pH,7.24,pH,6.5,8.5,23.303075,82.353682,2026-07-10T06:00:00,DEMO_MONITORING_FEED,COMPLIANT,0,DEMO_CONFIGURATION,"Configured thresholds are synthetic for software testing, not legal limits"
ENV-0002527,M009,ENV-ST-M009-01,TSS,26.95,mg/L,,100,23.303303,82.355902,2026-07-10T14:00:00,DEMO_MONITORING_FEED,COMPLIANT,0,DEMO_CONFIGURATION,"Configured thresholds are synthetic for software testing, not legal limits"
ENV-0002528,M009,ENV-ST-M009-03,TDS,327.6,mg/L,,2100,23.294395,82.345178,2026-07-10T22:00:00,DEMO_MONITORING_FEED,COMPLIANT,0,DEMO_CONFIGURATION,"Configured thresholds are synthetic for software testing, not legal limits"
ENV-0002529,M009,ENV-ST-M009-01,COD,45.51,mg/L,,250,23.300974,82.35341,2026-07-10T06:00:00,DEMO_MONITORING_FEED,COMPLIANT,0,DEMO_CONFIGURATION,"Configured thresholds are synthetic for software testing, not legal limits"
ENV-0002530,M009,ENV-ST-M009-01,BOD,10.83,mg/L,,30,23.290638,82.346884,2026-07-10T14:00:00,DEMO_MONITORING_FEED,COMPLIANT,0,DEMO_CONFIGURATION,"Configured thresholds are synthetic for software testing, not legal limits"
ENV-0002531,M009,ENV-ST-M009-03,Oil_Grease,0.61,mg/L,,10,23.302174,82.35769,2026-07-10T14:00:00,DEMO_MONITORING_FEED,COMPLIANT,0,DEMO_CONFIGURATION,"Configured thresholds are synthetic for software testing, not legal limits"
ENV-0002532,M009,ENV-ST-M009-02,Noise,32.23,dB(A),,85,23.305302,82.341834,2026-07-10T14:00:00,DEMO_MONITORING_FEED,COMPLIANT,0,DEMO_CONFIGURATION,"Configured thresholds are synthetic for software testing, not legal limits"
ENV-0002533,M009,ENV-ST-M009-01,PM2.5,17.06,ug/m3,,60,23.290764,82.353663,2026-07-07T14:00:00,DEMO_MONITORING_FEED,COMPLIANT,0,DEMO_CONFIGURATION,"Configured thresholds are synthetic for software testing, not legal limits"
ENV-0002534,M009,ENV-ST-M009-02,PM10,37.58,ug/m3,,100,23.296787,82.347138,2026-07-07T22:00:00,DEMO_MONITORING_FEED,COMPLIANT,0,DEMO_CONFIGURATION,"Configured thresholds are synthetic for software testing, not legal limits"
ENV-0002535,M009,ENV-ST-M009-01,SO2,20.37,ug/m3,,80,23.298912,82.345071,2026-07-07T14:00:00,DEMO_MONITORING_FEED,COMPLIANT,0,DEMO_CONFIGURATION,"Configured thresholds are synthetic for software testing, not legal limits"
ENV-0002536,M009,ENV-ST-M009-02,NO2,23.49,ug/m3,,80,23.300305,82.355285,2026-07-07T14:00:00,DEMO_MONITORING_FEED,COMPLIANT,0,DEMO_CONFIGURATION,"Configured thresholds are synthetic for software testing, not legal limits"
ENV-0002537,M009,ENV-ST-M009-01,CO,0.44,mg/m3,,4,23.29438,82.346565,2026-07-07T22:00:00,DEMO_MONITORING_FEED,COMPLIANT,0,DEMO_CONFIGURATION,"Configured thresholds are synthetic for software testing, not legal limits"
ENV-0002538,M009,ENV-ST-M009-02,pH,7.56,pH,6.5,8.5,23.297223,82.344367,2026-07-07T06:00:00,DEMO_MONITORING_FEED,COMPLIANT,0,DEMO_CONFIGURATION,"Configured thresholds are synthetic for software testing, not legal limits"
ENV-0002539,M009,ENV-ST-M009-02,TSS,20.79,mg/L,,100,23.299324,82.340282,2026-07-07T06:00:00,DEMO_MONITORING_FEED,COMPLIANT,0,DEMO_CONFIGURATION,"Configured thresholds are synthetic for software testing, not legal limits"
ENV-0002540,M009,ENV-ST-M009-01,TDS,522.99,mg/L,,2100,23.302207,82.357904,2026-07-07T22:00:00,DEMO_MONITORING_FEED,COMPLIANT,0,DEMO_CONFIGURATION,"Configured thresholds are synthetic for software testing, not legal limits"
ENV-0002541,M009,ENV-ST-M009-02,COD,58.55,mg/L,,250,23.304949,82.356319,2026-07-07T14:00:00,DEMO_MONITORING_FEED,COMPLIANT,0,DEMO_CONFIGURATION,"Configured thresholds are synthetic for software testing, not legal limits"
ENV-0002542,M009,ENV-ST-M009-03,BOD,4.44,mg/L,,30,23.291428,82.343167,2026-07-07T06:00:00,DEMO_MONITORING_FEED,COMPLIANT,0,DEMO_CONFIGURATION,"Configured thresholds are synthetic for software testing, not legal limits"
ENV-0002543,M009,ENV-ST-M009-03,Oil_Grease,2.75,mg/L,,10,23.301419,82.34881,2026-07-07T06:00:00,DEMO_MONITORING_FEED,COMPLIANT,0,DEMO_CONFIGURATION,"Configured thresholds are synthetic for software testing, not legal limits"
ENV-0002544,M009,ENV-ST-M009-02,Noise,26.43,dB(A),,85,23.293454,82.354785,2026-07-07T14:00:00,DEMO_MONITORING_FEED,COMPLIANT,0,DEMO_CONFIGURATION,"Configured thresholds are synthetic for software testing, not legal limits"
ENV-0002545,M009,ENV-ST-M009-01,PM2.5,14.72,ug/m3,,60,23.308294,82.352303,2026-07-04T14:00:00,DEMO_MONITORING_FEED,COMPLIANT,0,DEMO_CONFIGURATION,"Configured thresholds are synthetic for software testing, not legal limits"
ENV-0002546,M009,ENV-ST-M009-01,PM10,29.77,ug/m3,,100,23.294549,82.345709,2026-07-04T22:00:00,DEMO_MONITORING_FEED,COMPLIANT,0,DEMO_CONFIGURATION,"Configured thresholds are synthetic for software testing, not legal limits"
ENV-0002547,M009,ENV-ST-M009-02,SO2,15.32,ug/m3,,80,23.298443,82.340392,2026-07-04T06:00:00,DEMO_MONITORING_FEED,COMPLIANT,0,DEMO_CONFIGURATION,"Configured thresholds are synthetic for software testing, not legal limits"
ENV-0002548,M009,ENV-ST-M009-03,NO2,15.18,ug/m3,,80,23.297548,82.340788,2026-07-04T14:00:00,DEMO_MONITORING_FEED,COMPLIANT,0,DEMO_CONFIGURATION,"Configured thresholds are synthetic for software testing, not legal limits"
ENV-0002549,M009,ENV-ST-M009-03,CO,0.51,mg/m3,,4,23.298545,82.356459,2026-07-04T22:00:00,DEMO_MONITORING_FEED,COMPLIANT,0,DEMO_CONFIGURATION,"Configured thresholds are synthetic for software testing, not legal limits"
ENV-0002550,M009,ENV-ST-M009-01,pH,7.01,pH,6.5,8.5,23.294547,82.355853,2026-07-04T14:00:00,DEMO_MONITORING_FEED,COMPLIANT,0,DEMO_CONFIGURATION,"Configured thresholds are synthetic for software testing, not legal limits"
ENV-0002551,M009,ENV-ST-M009-03,TSS,26.23,mg/L,,100,23.302092,82.350847,2026-07-04T22:00:00,DEMO_MONITORING_FEED,COMPLIANT,0,DEMO_CONFIGURATION,"Configured thresholds are synthetic for software testing, not legal limits"
ENV-0002552,M009,ENV-ST-M009-02,TDS,446.28,mg/L,,2100,23.298211,82.353766,2026-07-04T22:00:00,DEMO_MONITORING_FEED,COMPLIANT,0,DEMO_CONFIGURATION,"Configured thresholds are synthetic for software testing, not legal limits"
ENV-0002553,M009,ENV-ST-M009-02,COD,30.85,mg/L,,250,23.29629,82.350228,2026-07-04T14:00:00,DEMO_MONITORING_FEED,COMPLIANT,0,DEMO_CONFIGURATION,"Configured thresholds are synthetic for software testing, not legal limits"
ENV-0002554,M009,ENV-ST-M009-01,BOD,5.93,mg/L,,30,23.297439,82.353256,2026-07-04T14:00:00,DEMO_MONITORING_FEED,COMPLIANT,0,DEMO_CONFIGURATION,"Configured thresholds are synthetic for software testing, not legal limits"
ENV-0002555,M009,ENV-ST-M009-01,Oil_Grease,1.74,mg/L,,10,23.299287,82.359797,2026-07-04T14:00:00,DEMO_MONITORING_FEED,COMPLIANT,0,DEMO_CONFIGURATION,"Configured thresholds are synthetic for software testing, not legal limits"
ENV-0002556,M009,ENV-ST-M009-01,Noise,34.68,dB(A),,85,23.300146,82.353224,2026-07-04T22:00:00,DEMO_MONITORING_FEED,COMPLIANT,0,DEMO_CONFIGURATION,"Configured thresholds are synthetic for software testing, not legal limits"
ENV-0002557,M009,ENV-ST-M009-01,PM2.5,17.25,ug/m3,,60,23.291934,82.345373,2026-07-01T22:00:00,DEMO_MONITORING_FEED,COMPLIANT,0,DEMO_CONFIGURATION,"Configured thresholds are synthetic for software testing, not legal limits"
ENV-0002558,M009,ENV-ST-M009-02,PM10,29.49,ug/m3,,100,23.303864,82.347087,2026-07-01T22:00:00,DEMO_MONITORING_FEED,COMPLIANT,0,DEMO_CONFIGURATION,"Configured thresholds are synthetic for software testing, not legal limits"
ENV-0002559,M009,ENV-ST-M009-02,SO2,13.49,ug/m3,,80,23.29148,82.34034,2026-07-01T14:00:00,DEMO_MONITORING_FEED,COMPLIANT,0,DEMO_CONFIGURATION,"Configured thresholds are synthetic for software testing, not legal limits"
ENV-0002560,M009,ENV-ST-M009-03,NO2,18.32,ug/m3,,80,23.304587,82.35681,2026-07-01T14:00:00,DEMO_MONITORING_FEED,COMPLIANT,0,DEMO_CONFIGURATION,"Configured thresholds are synthetic for software testing, not legal limits"
ENV-0002561,M009,ENV-ST-M009-01,CO,0.22,mg/m3,,4,23.293957,82.347517,2026-07-01T06:00:00,DEMO_MONITORING_FEED,COMPLIANT,0,DEMO_CONFIGURATION,"Configured thresholds are synthetic for software testing, not legal limits"
ENV-0002562,M009,ENV-ST-M009-02,pH,7.25,pH,6.5,8.5,23.303018,82.342689,2026-07-01T14:00:00,DEMO_MONITORING_FEED,COMPLIANT,0,DEMO_CONFIGURATION,"Configured thresholds are synthetic for software testing, not legal limits"
ENV-0002563,M009,ENV-ST-M009-02,TSS,16.51,mg/L,,100,23.304643,82.34034,2026-07-01T14:00:00,DEMO_MONITORING_FEED,COMPLIANT,0,DEMO_CONFIGURATION,"Configured thresholds are synthetic for software testing, not legal limits"
ENV-0002564,M009,ENV-ST-M009-01,TDS,401.4,mg/L,,2100,23.297971,82.349792,2026-07-01T14:00:00,DEMO_MONITORING_FEED,COMPLIANT,0,DEMO_CONFIGURATION,"Configured thresholds are synthetic for software testing, not legal limits"
ENV-0002565,M009,ENV-ST-M009-02,COD,90.77,mg/L,,250,23.29932,82.340278,2026-07-01T14:00:00,DEMO_MONITORING_FEED,COMPLIANT,0,DEMO_CONFIGURATION,"Configured thresholds are synthetic for software testing, not legal limits"
ENV-0002566,M009,ENV-ST-M009-03,BOD,6.65,mg/L,,30,23.306825,82.358946,2026-07-01T22:00:00,DEMO_MONITORING_FEED,COMPLIANT,0,DEMO_CONFIGURATION,"Configured thresholds are synthetic for software testing, not legal limits"
ENV-0002567,M009,ENV-ST-M009-02,Oil_Grease,1.61,mg/L,,10,23.292705,82.351664,2026-07-01T22:00:00,DEMO_MONITORING_FEED,COMPLIANT,0,DEMO_CONFIGURATION,"Configured thresholds are synthetic for software testing, not legal limits"
ENV-0002568,M009,ENV-ST-M009-03,Noise,31.25,dB(A),,85,23.301995,82.34517,2026-07-01T06:00:00,DEMO_MONITORING_FEED,COMPLIANT,0,DEMO_CONFIGURATION,"Configured thresholds are synthetic for software testing, not legal limits"
ENV-0002569,M009,ENV-ST-M009-01,PM2.5,18.83,ug/m3,,60,23.295024,82.340036,2026-06-28T14:00:00,DEMO_MONITORING_FEED,COMPLIANT,0,DEMO_CONFIGURATION,"Configured thresholds are synthetic for software testing, not legal limits"
ENV-0002570,M009,ENV-ST-M009-02,PM10,30.49,ug/m3,,100,23.298381,82.345417,2026-06-28T22:00:00,DEMO_MONITORING_FEED,COMPLIANT,0,DEMO_CONFIGURATION,"Configured thresholds are synthetic for software testing, not legal limits"
ENV-0002571,M009,ENV-ST-M009-03,SO2,10.78,ug/m3,,80,23.292728,82.353709,2026-06-28T22:00:00,DEMO_MONITORING_FEED,COMPLIANT,0,DEMO_CONFIGURATION,"Configured thresholds are synthetic for software testing, not legal limits"
ENV-0002572,M009,ENV-ST-M009-03,NO2,20.26,ug/m3,,80,23.303842,82.350007,2026-06-28T06:00:00,DEMO_MONITORING_FEED,COMPLIANT,0,DEMO_CONFIGURATION,"Configured thresholds are synthetic for software testing, not legal limits"
ENV-0002573,M009,ENV-ST-M009-02,CO,0.35,mg/m3,,4,23.296444,82.346443,2026-06-28T14:00:00,DEMO_MONITORING_FEED,COMPLIANT,0,DEMO_CONFIGURATION,"Configured thresholds are synthetic for software testing, not legal limits"
ENV-0002574,M009,ENV-ST-M009-02,pH,7.21,pH,6.5,8.5,23.301805,82.357297,2026-06-28T06:00:00,DEMO_MONITORING_FEED,COMPLIANT,0,DEMO_CONFIGURATION,"Configured thresholds are synthetic for software testing, not legal limits"
ENV-0002575,M009,ENV-ST-M009-01,TSS,16.52,mg/L,,100,23.302459,82.346368,2026-06-28T22:00:00,DEMO_MONITORING_FEED,COMPLIANT,0,DEMO_CONFIGURATION,"Configured thresholds are synthetic for software testing, not legal limits"
ENV-0002576,M009,ENV-ST-M009-02,TDS,320.5,mg/L,,2100,23.307766,82.352391,2026-06-28T06:00:00,DEMO_MONITORING_FEED,COMPLIANT,0,DEMO_CONFIGURATION,"Configured thresholds are synthetic for software testing, not legal limits"
ENV-0002577,M009,ENV-ST-M009-02,COD,62.56,mg/L,,250,23.307815,82.341247,2026-06-28T06:00:00,DEMO_MONITORING_FEED,COMPLIANT,0,DEMO_CONFIGURATION,"Configured thresholds are synthetic for software testing, not legal limits"
ENV-0002578,M009,ENV-ST-M009-01,BOD,7.55,mg/L,,30,23.302823,82.341273,2026-06-28T14:00:00,DEMO_MONITORING_FEED,COMPLIANT,0,DEMO_CONFIGURATION,"Configured thresholds are synthetic for software testing, not legal limits"
ENV-0002579,M009,ENV-ST-M009-02,Oil_Grease,1.66,mg/L,,10,23.309463,82.341355,2026-06-28T22:00:00,DEMO_MONITORING_FEED,COMPLIANT,0,DEMO_CONFIGURATION,"Configured thresholds are synthetic for software testing, not legal limits"
ENV-0002580,M009,ENV-ST-M009-03,Noise,34.2,dB(A),,85,23.308594,82.345393,2026-06-28T14:00:00,DEMO_MONITORING_FEED,COMPLIANT,0,DEMO_CONFIGURATION,"Configured thresholds are synthetic for software testing, not legal limits"
ENV-0002581,M009,ENV-ST-M009-03,PM2.5,21.52,ug/m3,,60,23.300802,82.344648,2026-06-25T14:00:00,DEMO_MONITORING_FEED,COMPLIANT,0,DEMO_CONFIGURATION,"Configured thresholds are synthetic for software testing, not legal limits"
ENV-0002582,M009,ENV-ST-M009-03,PM10,32.51,ug/m3,,100,23.294728,82.35858,2026-06-25T22:00:00,DEMO_MONITORING_FEED,COMPLIANT,0,DEMO_CONFIGURATION,"Configured thresholds are synthetic for software testing, not legal limits"
ENV-0002583,M009,ENV-ST-M009-02,SO2,10.41,ug/m3,,80,23.291761,82.344832,2026-06-25T22:00:00,DEMO_MONITORING_FEED,COMPLIANT,0,DEMO_CONFIGURATION,"Configured thresholds are synthetic for software testing, not legal limits"
ENV-0002584,M009,ENV-ST-M009-02,NO2,26.61,ug/m3,,80,23.301374,82.340256,2026-06-25T22:00:00,DEMO_MONITORING_FEED,COMPLIANT,0,DEMO_CONFIGURATION,"Configured thresholds are synthetic for software testing, not legal limits"
ENV-0002585,M009,ENV-ST-M009-01,CO,0.51,mg/m3,,4,23.304726,82.357208,2026-06-25T22:00:00,DEMO_MONITORING_FEED,COMPLIANT,0,DEMO_CONFIGURATION,"Configured thresholds are synthetic for software testing, not legal limits"
ENV-0002586,M009,ENV-ST-M009-03,pH,7.1,pH,6.5,8.5,23.29549,82.350821,2026-06-25T22:00:00,DEMO_MONITORING_FEED,COMPLIANT,0,DEMO_CONFIGURATION,"Configured thresholds are synthetic for software testing, not legal limits"
ENV-0002587,M009,ENV-ST-M009-03,TSS,37.72,mg/L,,100,23.296207,82.354583,2026-06-25T14:00:00,DEMO_MONITORING_FEED,COMPLIANT,0,DEMO_CONFIGURATION,"Configured thresholds are synthetic for software testing, not legal limits"
ENV-0002588,M009,ENV-ST-M009-03,TDS,431.25,mg/L,,2100,23.304529,82.358289,2026-06-25T22:00:00,DEMO_MONITORING_FEED,COMPLIANT,0,DEMO_CONFIGURATION,"Configured thresholds are synthetic for software testing, not legal limits"
ENV-0002589,M009,ENV-ST-M009-03,COD,44.32,mg/L,,250,23.290427,82.35019,2026-06-25T06:00:00,DEMO_MONITORING_FEED,COMPLIANT,0,DEMO_CONFIGURATION,"Configured thresholds are synthetic for software testing, not legal limits"
ENV-0002590,M009,ENV-ST-M009-01,BOD,6.54,mg/L,,30,23.295709,82.351789,2026-06-25T06:00:00,DEMO_MONITORING_FEED,COMPLIANT,0,DEMO_CONFIGURATION,"Configured thresholds are synthetic for software testing, not legal limits"
ENV-0002591,M009,ENV-ST-M009-03,Oil_Grease,1.41,mg/L,,10,23.306868,82.356815,2026-06-25T06:00:00,DEMO_MONITORING_FEED,COMPLIANT,0,DEMO_CONFIGURATION,"Configured thresholds are synthetic for software testing, not legal limits"
ENV-0002592,M009,ENV-ST-M009-03,Noise,36.29,dB(A),,85,23.297522,82.346545,2026-06-25T06:00:00,DEMO_MONITORING_FEED,COMPLIANT,0,DEMO_CONFIGURATION,"Configured thresholds are synthetic for software testing, not legal limits"
ENV-0002593,M010,ENV-ST-M010-01,PM2.5,25.28,ug/m3,,60,23.692262,85.98464,2026-09-02T22:00:00,DEMO_MONITORING_FEED,COMPLIANT,0,DEMO_CONFIGURATION,"Configured thresholds are synthetic for software testing, not legal limits"
ENV-0002594,M010,ENV-ST-M010-01,PM10,42.14,ug/m3,,100,23.680656,85.985555,2026-09-02T06:00:00,DEMO_MONITORING_FEED,COMPLIANT,0,DEMO_CONFIGURATION,"Configured thresholds are synthetic for software testing, not legal limits"
ENV-0002595,M010,ENV-ST-M010-02,SO2,17.87,ug/m3,,80,23.69398,85.995344,2026-09-02T22:00:00,DEMO_MONITORING_FEED,COMPLIANT,0,DEMO_CONFIGURATION,"Configured thresholds are synthetic for software testing, not legal limits"
ENV-0002596,M010,ENV-ST-M010-01,NO2,7.85,ug/m3,,80,23.699571,85.995888,2026-09-02T14:00:00,DEMO_MONITORING_FEED,COMPLIANT,0,DEMO_CONFIGURATION,"Configured thresholds are synthetic for software testing, not legal limits"
ENV-0002597,M010,ENV-ST-M010-01,CO,0.89,mg/m3,,4,23.686649,85.984491,2026-09-02T14:00:00,DEMO_MONITORING_FEED,COMPLIANT,0,DEMO_CONFIGURATION,"Configured thresholds are synthetic for software testing, not legal limits"
ENV-0002598,M010,ENV-ST-M010-03,pH,7.41,pH,6.5,8.5,23.698603,85.982225,2026-09-02T14:00:00,DEMO_MONITORING_FEED,COMPLIANT,0,DEMO_CONFIGURATION,"Configured thresholds are synthetic for software testing, not legal limits"
ENV-0002599,M010,ENV-ST-M010-03,TSS,46.35,mg/L,,100,23.695877,85.980052,2026-09-02T14:00:00,DEMO_MONITORING_FEED,COMPLIANT,0,DEMO_CONFIGURATION,"Configured thresholds are synthetic for software testing, not legal limits"
ENV-0002600,M010,ENV-ST-M010-03,TDS,720.41,mg/L,,2100,23.69809,85.990884,2026-09-02T22:00:00,DEMO_MONITORING_FEED,COMPLIANT,0,DEMO_CONFIGURATION,"Configured thresholds are synthetic for software testing, not legal limits"
ENV-0002601,M010,ENV-ST-M010-01,COD,68.92,mg/L,,250,23.686856,85.990397,2026-09-02T06:00:00,DEMO_MONITORING_FEED,COMPLIANT,0,DEMO_CONFIGURATION,"Configured thresholds are synthetic for software testing, not legal limits"
ENV-0002602,M010,ENV-ST-M010-03,BOD,9.89,mg/L,,30,23.681601,85.991467,2026-09-02T14:00:00,DEMO_MONITORING_FEED,COMPLIANT,0,DEMO_CONFIGURATION,"Configured thresholds are synthetic for software testing, not legal limits"
ENV-0002603,M010,ENV-ST-M010-03,Oil_Grease,0.66,mg/L,,10,23.689688,85.996739,2026-09-02T06:00:00,DEMO_MONITORING_FEED,COMPLIANT,0,DEMO_CONFIGURATION,"Configured thresholds are synthetic for software testing, not legal limits"
ENV-0002604,M010,ENV-ST-M010-01,Noise,35.0,dB(A),,85,23.689084,85.994493,2026-09-02T06:00:00,DEMO_MONITORING_FEED,COMPLIANT,0,DEMO_CONFIGURATION,"Configured thresholds are synthetic for software testing, not legal limits"
ENV-0002605,M010,ENV-ST-M010-03,PM2.5,21.56,ug/m3,,60,23.695241,85.997676,2026-08-30T06:00:00,DEMO_MONITORING_FEED,COMPLIANT,0,DEMO_CONFIGURATION,"Configured thresholds are synthetic for software testing, not legal limits"
ENV-0002606,M010,ENV-ST-M010-02,PM10,38.68,ug/m3,,100,23.693798,85.997599,2026-08-30T14:00:00,DEMO_MONITORING_FEED,COMPLIANT,0,DEMO_CONFIGURATION,"Configured thresholds are synthetic for software testing, not legal limits"
ENV-0002607,M010,ENV-ST-M010-02,SO2,21.89,ug/m3,,80,23.695274,85.990671,2026-08-30T22:00:00,DEMO_MONITORING_FEED,COMPLIANT,0,DEMO_CONFIGURATION,"Configured thresholds are synthetic for software testing, not legal limits"
ENV-0002608,M010,ENV-ST-M010-02,NO2,18.59,ug/m3,,80,23.69343,85.991015,2026-08-30T22:00:00,DEMO_MONITORING_FEED,COMPLIANT,0,DEMO_CONFIGURATION,"Configured thresholds are synthetic for software testing, not legal limits"
ENV-0002609,M010,ENV-ST-M010-03,CO,0.65,mg/m3,,4,23.688066,85.983349,2026-08-30T14:00:00,DEMO_MONITORING_FEED,COMPLIANT,0,DEMO_CONFIGURATION,"Configured thresholds are synthetic for software testing, not legal limits"
ENV-0002610,M010,ENV-ST-M010-02,pH,6.75,pH,6.5,8.5,23.698116,85.983511,2026-08-30T22:00:00,DEMO_MONITORING_FEED,COMPLIANT,0,DEMO_CONFIGURATION,"Configured thresholds are synthetic for software testing, not legal limits"
ENV-0002611,M010,ENV-ST-M010-03,TSS,33.86,mg/L,,100,23.691607,85.985936,2026-08-30T22:00:00,DEMO_MONITORING_FEED,COMPLIANT,0,DEMO_CONFIGURATION,"Configured thresholds are synthetic for software testing, not legal limits"
ENV-0002612,M010,ENV-ST-M010-02,TDS,414.99,mg/L,,2100,23.694001,85.993247,2026-08-30T14:00:00,DEMO_MONITORING_FEED,COMPLIANT,0,DEMO_CONFIGURATION,"Configured thresholds are synthetic for software testing, not legal limits"
ENV-0002613,M010,ENV-ST-M010-01,COD,67.45,mg/L,,250,23.692179,85.993668,2026-08-30T22:00:00,DEMO_MONITORING_FEED,COMPLIANT,0,DEMO_CONFIGURATION,"Configured thresholds are synthetic for software testing, not legal limits"
ENV-0002614,M010,ENV-ST-M010-03,BOD,9.45,mg/L,,30,23.69416,85.997203,2026-08-30T22:00:00,DEMO_MONITORING_FEED,COMPLIANT,0,DEMO_CONFIGURATION,"Configured thresholds are synthetic for software testing, not legal limits"
ENV-0002615,M010,ENV-ST-M010-03,Oil_Grease,1.66,mg/L,,10,23.682631,85.994558,2026-08-30T14:00:00,DEMO_MONITORING_FEED,COMPLIANT,0,DEMO_CONFIGURATION,"Configured thresholds are synthetic for software testing, not legal limits"
ENV-0002616,M010,ENV-ST-M010-03,Noise,35.55,dB(A),,85,23.680844,85.992494,2026-08-30T14:00:00,DEMO_MONITORING_FEED,COMPLIANT,0,DEMO_CONFIGURATION,"Configured thresholds are synthetic for software testing, not legal limits"
ENV-0002617,M010,ENV-ST-M010-01,PM2.5,27.41,ug/m3,,60,23.683618,85.998584,2026-08-27T06:00:00,DEMO_MONITORING_FEED,COMPLIANT,0,DEMO_CONFIGURATION,"Configured thresholds are synthetic for software testing, not legal limits"
ENV-0002618,M010,ENV-ST-M010-01,PM10,39.88,ug/m3,,100,23.685248,85.990082,2026-08-27T22:00:00,DEMO_MONITORING_FEED,COMPLIANT,0,DEMO_CONFIGURATION,"Configured thresholds are synthetic for software testing, not legal limits"
ENV-0002619,M010,ENV-ST-M010-02,SO2,16.69,ug/m3,,80,23.697963,85.983857,2026-08-27T22:00:00,DEMO_MONITORING_FEED,COMPLIANT,0,DEMO_CONFIGURATION,"Configured thresholds are synthetic for software testing, not legal limits"
ENV-0002620,M010,ENV-ST-M010-03,NO2,16.28,ug/m3,,80,23.682787,85.989658,2026-08-27T22:00:00,DEMO_MONITORING_FEED,COMPLIANT,0,DEMO_CONFIGURATION,"Configured thresholds are synthetic for software testing, not legal limits"
ENV-0002621,M010,ENV-ST-M010-03,CO,0.37,mg/m3,,4,23.685512,85.990685,2026-08-27T06:00:00,DEMO_MONITORING_FEED,COMPLIANT,0,DEMO_CONFIGURATION,"Configured thresholds are synthetic for software testing, not legal limits"
ENV-0002622,M010,ENV-ST-M010-02,pH,6.91,pH,6.5,8.5,23.691377,85.989594,2026-08-27T06:00:00,DEMO_MONITORING_FEED,COMPLIANT,0,DEMO_CONFIGURATION,"Configured thresholds are synthetic for software testing, not legal limits"
ENV-0002623,M010,ENV-ST-M010-02,TSS,29.47,mg/L,,100,23.694232,85.991421,2026-08-27T14:00:00,DEMO_MONITORING_FEED,COMPLIANT,0,DEMO_CONFIGURATION,"Configured thresholds are synthetic for software testing, not legal limits"
ENV-0002624,M010,ENV-ST-M010-01,TDS,599.83,mg/L,,2100,23.688338,85.984231,2026-08-27T22:00:00,DEMO_MONITORING_FEED,COMPLIANT,0,DEMO_CONFIGURATION,"Configured thresholds are synthetic for software testing, not legal limits"
ENV-0002625,M010,ENV-ST-M010-02,COD,84.4,mg/L,,250,23.680727,85.992027,2026-08-27T22:00:00,DEMO_MONITORING_FEED,COMPLIANT,0,DEMO_CONFIGURATION,"Configured thresholds are synthetic for software testing, not legal limits"
ENV-0002626,M010,ENV-ST-M010-03,BOD,4.53,mg/L,,30,23.698699,85.997809,2026-08-27T06:00:00,DEMO_MONITORING_FEED,COMPLIANT,0,DEMO_CONFIGURATION,"Configured thresholds are synthetic for software testing, not legal limits"
ENV-0002627,M010,ENV-ST-M010-03,Oil_Grease,1.82,mg/L,,10,23.688631,85.998589,2026-08-27T14:00:00,DEMO_MONITORING_FEED,COMPLIANT,0,DEMO_CONFIGURATION,"Configured thresholds are synthetic for software testing, not legal limits"
ENV-0002628,M010,ENV-ST-M010-01,Noise,41.47,dB(A),,85,23.688442,85.986147,2026-08-27T14:00:00,DEMO_MONITORING_FEED,COMPLIANT,0,DEMO_CONFIGURATION,"Configured thresholds are synthetic for software testing, not legal limits"
ENV-0002629,M010,ENV-ST-M010-02,PM2.5,19.57,ug/m3,,60,23.687543,85.987928,2026-08-24T22:00:00,DEMO_MONITORING_FEED,COMPLIANT,0,DEMO_CONFIGURATION,"Configured thresholds are synthetic for software testing, not legal limits"
ENV-0002630,M010,ENV-ST-M010-03,PM10,47.66,ug/m3,,100,23.688473,85.991005,2026-08-24T06:00:00,DEMO_MONITORING_FEED,COMPLIANT,0,DEMO_CONFIGURATION,"Configured thresholds are synthetic for software testing, not legal limits"
ENV-0002631,M010,ENV-ST-M010-02,SO2,11.28,ug/m3,,80,23.680613,85.983389,2026-08-24T06:00:00,DEMO_MONITORING_FEED,COMPLIANT,0,DEMO_CONFIGURATION,"Configured thresholds are synthetic for software testing, not legal limits"
ENV-0002632,M010,ENV-ST-M010-01,NO2,15.65,ug/m3,,80,23.693672,85.980011,2026-08-24T22:00:00,DEMO_MONITORING_FEED,COMPLIANT,0,DEMO_CONFIGURATION,"Configured thresholds are synthetic for software testing, not legal limits"
ENV-0002633,M010,ENV-ST-M010-02,CO,0.83,mg/m3,,4,23.698665,85.991203,2026-08-24T22:00:00,DEMO_MONITORING_FEED,COMPLIANT,0,DEMO_CONFIGURATION,"Configured thresholds are synthetic for software testing, not legal limits"
ENV-0002634,M010,ENV-ST-M010-02,pH,7.3,pH,6.5,8.5,23.689086,85.983309,2026-08-24T14:00:00,DEMO_MONITORING_FEED,COMPLIANT,0,DEMO_CONFIGURATION,"Configured thresholds are synthetic for software testing, not legal limits"
ENV-0002635,M010,ENV-ST-M010-03,TSS,28.0,mg/L,,100,23.68935,85.984381,2026-08-24T14:00:00,DEMO_MONITORING_FEED,COMPLIANT,0,DEMO_CONFIGURATION,"Configured thresholds are synthetic for software testing, not legal limits"
ENV-0002636,M010,ENV-ST-M010-02,TDS,275.93,mg/L,,2100,23.693035,85.996113,2026-08-24T06:00:00,DEMO_MONITORING_FEED,COMPLIANT,0,DEMO_CONFIGURATION,"Configured thresholds are synthetic for software testing, not legal limits"
ENV-0002637,M010,ENV-ST-M010-03,COD,26.38,mg/L,,250,23.683179,85.998173,2026-08-24T22:00:00,DEMO_MONITORING_FEED,COMPLIANT,0,DEMO_CONFIGURATION,"Configured thresholds are synthetic for software testing, not legal limits"
ENV-0002638,M010,ENV-ST-M010-01,BOD,5.71,mg/L,,30,23.696398,85.994896,2026-08-24T06:00:00,DEMO_MONITORING_FEED,COMPLIANT,0,DEMO_CONFIGURATION,"Configured thresholds are synthetic for software testing, not legal limits"
ENV-0002639,M010,ENV-ST-M010-03,Oil_Grease,0.8,mg/L,,10,23.682286,85.994948,2026-08-24T14:00:00,DEMO_MONITORING_FEED,COMPLIANT,0,DEMO_CONFIGURATION,"Configured thresholds are synthetic for software testing, not legal limits"
ENV-0002640,M010,ENV-ST-M010-01,Noise,49.29,dB(A),,85,23.699051,85.984413,2026-08-24T06:00:00,DEMO_MONITORING_FEED,COMPLIANT,0,DEMO_CONFIGURATION,"Configured thresholds are synthetic for software testing, not legal limits"
ENV-0002641,M010,ENV-ST-M010-01,PM2.5,20.15,ug/m3,,60,23.689654,85.986282,2026-08-21T22:00:00,DEMO_MONITORING_FEED,COMPLIANT,0,DEMO_CONFIGURATION,"Configured thresholds are synthetic for software testing, not legal limits"
ENV-0002642,M010,ENV-ST-M010-03,PM10,41.46,ug/m3,,100,23.698896,85.987943,2026-08-21T14:00:00,DEMO_MONITORING_FEED,COMPLIANT,0,DEMO_CONFIGURATION,"Configured thresholds are synthetic for software testing, not legal limits"
ENV-0002643,M010,ENV-ST-M010-03,SO2,7.98,ug/m3,,80,23.687177,85.985669,2026-08-21T14:00:00,DEMO_MONITORING_FEED,COMPLIANT,0,DEMO_CONFIGURATION,"Configured thresholds are synthetic for software testing, not legal limits"
ENV-0002644,M010,ENV-ST-M010-02,NO2,31.61,ug/m3,,80,23.693049,85.990443,2026-08-21T06:00:00,DEMO_MONITORING_FEED,COMPLIANT,0,DEMO_CONFIGURATION,"Configured thresholds are synthetic for software testing, not legal limits"
ENV-0002645,M010,ENV-ST-M010-03,CO,1.0,mg/m3,,4,23.690721,85.99999,2026-08-21T22:00:00,DEMO_MONITORING_FEED,COMPLIANT,0,DEMO_CONFIGURATION,"Configured thresholds are synthetic for software testing, not legal limits"
ENV-0002646,M010,ENV-ST-M010-03,pH,7.35,pH,6.5,8.5,23.687614,85.984957,2026-08-21T14:00:00,DEMO_MONITORING_FEED,COMPLIANT,0,DEMO_CONFIGURATION,"Configured thresholds are synthetic for software testing, not legal limits"
ENV-0002647,M010,ENV-ST-M010-01,TSS,21.58,mg/L,,100,23.692258,85.983361,2026-08-21T22:00:00,DEMO_MONITORING_FEED,COMPLIANT,0,DEMO_CONFIGURATION,"Configured thresholds are synthetic for software testing, not legal limits"
ENV-0002648,M010,ENV-ST-M010-03,TDS,576.78,mg/L,,2100,23.699425,85.998269,2026-08-21T14:00:00,DEMO_MONITORING_FEED,COMPLIANT,0,DEMO_CONFIGURATION,"Configured thresholds are synthetic for software testing, not legal limits"
ENV-0002649,M010,ENV-ST-M010-01,COD,45.23,mg/L,,250,23.697988,85.981932,2026-08-21T06:00:00,DEMO_MONITORING_FEED,COMPLIANT,0,DEMO_CONFIGURATION,"Configured thresholds are synthetic for software testing, not legal limits"
ENV-0002650,M010,ENV-ST-M010-02,BOD,7.73,mg/L,,30,23.688523,85.996953,2026-08-21T06:00:00,DEMO_MONITORING_FEED,COMPLIANT,0,DEMO_CONFIGURATION,"Configured thresholds are synthetic for software testing, not legal limits"
ENV-0002651,M010,ENV-ST-M010-02,Oil_Grease,1.37,mg/L,,10,23.690219,85.99646,2026-08-21T14:00:00,DEMO_MONITORING_FEED,COMPLIANT,0,DEMO_CONFIGURATION,"Configured thresholds are synthetic for software testing, not legal limits"
ENV-0002652,M010,ENV-ST-M010-02,Noise,41.26,dB(A),,85,23.686703,85.995033,2026-08-21T06:00:00,DEMO_MONITORING_FEED,COMPLIANT,0,DEMO_CONFIGURATION,"Configured thresholds are synthetic for software testing, not legal limits"
ENV-0002653,M010,ENV-ST-M010-02,PM2.5,19.0,ug/m3,,60,23.699871,85.990302,2026-08-18T14:00:00,DEMO_MONITORING_FEED,COMPLIANT,0,DEMO_CONFIGURATION,"Configured thresholds are synthetic for software testing, not legal limits"
ENV-0002654,M010,ENV-ST-M010-01,PM10,50.34,ug/m3,,100,23.684642,85.993746,2026-08-18T22:00:00,DEMO_MONITORING_FEED,COMPLIANT,0,DEMO_CONFIGURATION,"Configured thresholds are synthetic for software testing, not legal limits"
ENV-0002655,M010,ENV-ST-M010-03,SO2,26.85,ug/m3,,80,23.690642,85.996458,2026-08-18T14:00:00,DEMO_MONITORING_FEED,COMPLIANT,0,DEMO_CONFIGURATION,"Configured thresholds are synthetic for software testing, not legal limits"
ENV-0002656,M010,ENV-ST-M010-02,NO2,12.27,ug/m3,,80,23.698772,85.992735,2026-08-18T22:00:00,DEMO_MONITORING_FEED,COMPLIANT,0,DEMO_CONFIGURATION,"Configured thresholds are synthetic for software testing, not legal limits"
ENV-0002657,M010,ENV-ST-M010-03,CO,0.25,mg/m3,,4,23.684767,85.990359,2026-08-18T14:00:00,DEMO_MONITORING_FEED,COMPLIANT,0,DEMO_CONFIGURATION,"Configured thresholds are synthetic for software testing, not legal limits"
ENV-0002658,M010,ENV-ST-M010-03,pH,7.4,pH,6.5,8.5,23.680382,85.988746,2026-08-18T14:00:00,DEMO_MONITORING_FEED,COMPLIANT,0,DEMO_CONFIGURATION,"Configured thresholds are synthetic for software testing, not legal limits"
ENV-0002659,M010,ENV-ST-M010-02,TSS,25.47,mg/L,,100,23.68156,85.99043,2026-08-18T22:00:00,DEMO_MONITORING_FEED,COMPLIANT,0,DEMO_CONFIGURATION,"Configured thresholds are synthetic for software testing, not legal limits"
ENV-0002660,M010,ENV-ST-M010-02,TDS,811.0,mg/L,,2100,23.690903,85.988609,2026-08-18T06:00:00,DEMO_MONITORING_FEED,COMPLIANT,0,DEMO_CONFIGURATION,"Configured thresholds are synthetic for software testing, not legal limits"
ENV-0002661,M010,ENV-ST-M010-01,COD,37.87,mg/L,,250,23.68499,85.980175,2026-08-18T06:00:00,DEMO_MONITORING_FEED,COMPLIANT,0,DEMO_CONFIGURATION,"Configured thresholds are synthetic for software testing, not legal limits"
ENV-0002662,M010,ENV-ST-M010-01,BOD,6.88,mg/L,,30,23.68668,85.995659,2026-08-18T06:00:00,DEMO_MONITORING_FEED,COMPLIANT,0,DEMO_CONFIGURATION,"Configured thresholds are synthetic for software testing, not legal limits"
ENV-0002663,M010,ENV-ST-M010-01,Oil_Grease,1.23,mg/L,,10,23.687131,85.980236,2026-08-18T06:00:00,DEMO_MONITORING_FEED,COMPLIANT,0,DEMO_CONFIGURATION,"Configured thresholds are synthetic for software testing, not legal limits"
ENV-0002664,M010,ENV-ST-M010-03,Noise,50.3,dB(A),,85,23.687778,85.985922,2026-08-18T06:00:00,DEMO_MONITORING_FEED,COMPLIANT,0,DEMO_CONFIGURATION,"Configured thresholds are synthetic for software testing, not legal limits"
ENV-0002665,M010,ENV-ST-M010-03,PM2.5,16.08,ug/m3,,60,23.685606,85.988908,2026-08-15T06:00:00,DEMO_MONITORING_FEED,COMPLIANT,0,DEMO_CONFIGURATION,"Configured thresholds are synthetic for software testing, not legal limits"
ENV-0002666,M010,ENV-ST-M010-02,PM10,30.1,ug/m3,,100,23.685659,85.981742,2026-08-15T14:00:00,DEMO_MONITORING_FEED,COMPLIANT,0,DEMO_CONFIGURATION,"Configured thresholds are synthetic for software testing, not legal limits"
ENV-0002667,M010,ENV-ST-M010-02,SO2,19.78,ug/m3,,80,23.698419,85.994655,2026-08-15T22:00:00,DEMO_MONITORING_FEED,COMPLIANT,0,DEMO_CONFIGURATION,"Configured thresholds are synthetic for software testing, not legal limits"
ENV-0002668,M010,ENV-ST-M010-02,NO2,30.43,ug/m3,,80,23.697192,85.992714,2026-08-15T14:00:00,DEMO_MONITORING_FEED,COMPLIANT,0,DEMO_CONFIGURATION,"Configured thresholds are synthetic for software testing, not legal limits"
ENV-0002669,M010,ENV-ST-M010-03,CO,0.63,mg/m3,,4,23.686876,85.981981,2026-08-15T22:00:00,DEMO_MONITORING_FEED,COMPLIANT,0,DEMO_CONFIGURATION,"Configured thresholds are synthetic for software testing, not legal limits"
ENV-0002670,M010,ENV-ST-M010-02,pH,6.2,pH,6.5,8.5,23.68332,85.99766,2026-08-15T06:00:00,DEMO_MONITORING_FEED,EXCEEDED,15.0,DEMO_CONFIGURATION,"Configured thresholds are synthetic for software testing, not legal limits"
ENV-0002671,M010,ENV-ST-M010-01,TSS,33.45,mg/L,,100,23.697001,85.99646,2026-08-15T14:00:00,DEMO_MONITORING_FEED,COMPLIANT,0,DEMO_CONFIGURATION,"Configured thresholds are synthetic for software testing, not legal limits"
ENV-0002672,M010,ENV-ST-M010-03,TDS,328.48,mg/L,,2100,23.687567,85.994723,2026-08-15T22:00:00,DEMO_MONITORING_FEED,COMPLIANT,0,DEMO_CONFIGURATION,"Configured thresholds are synthetic for software testing, not legal limits"
ENV-0002673,M010,ENV-ST-M010-01,COD,47.08,mg/L,,250,23.683655,85.992064,2026-08-15T22:00:00,DEMO_MONITORING_FEED,COMPLIANT,0,DEMO_CONFIGURATION,"Configured thresholds are synthetic for software testing, not legal limits"
ENV-0002674,M010,ENV-ST-M010-02,BOD,5.71,mg/L,,30,23.685282,85.999882,2026-08-15T06:00:00,DEMO_MONITORING_FEED,COMPLIANT,0,DEMO_CONFIGURATION,"Configured thresholds are synthetic for software testing, not legal limits"
ENV-0002675,M010,ENV-ST-M010-03,Oil_Grease,1.49,mg/L,,10,23.682628,85.995878,2026-08-15T22:00:00,DEMO_MONITORING_FEED,COMPLIANT,0,DEMO_CONFIGURATION,"Configured thresholds are synthetic for software testing, not legal limits"
ENV-0002676,M010,ENV-ST-M010-02,Noise,40.17,dB(A),,85,23.690507,85.987609,2026-08-15T06:00:00,DEMO_MONITORING_FEED,COMPLIANT,0,DEMO_CONFIGURATION,"Configured thresholds are synthetic for software testing, not legal limits"
ENV-0002677,M010,ENV-ST-M010-02,PM2.5,24.0,ug/m3,,60,23.693943,85.999451,2026-08-12T06:00:00,DEMO_MONITORING_FEED,COMPLIANT,0,DEMO_CONFIGURATION,"Configured thresholds are synthetic for software testing, not legal limits"
ENV-0002678,M010,ENV-ST-M010-01,PM10,38.36,ug/m3,,100,23.688044,85.988986,2026-08-12T06:00:00,DEMO_MONITORING_FEED,COMPLIANT,0,DEMO_CONFIGURATION,"Configured thresholds are synthetic for software testing, not legal limits"
ENV-0002679,M010,ENV-ST-M010-03,SO2,16.59,ug/m3,,80,23.695918,85.992968,2026-08-12T14:00:00,DEMO_MONITORING_FEED,COMPLIANT,0,DEMO_CONFIGURATION,"Configured thresholds are synthetic for software testing, not legal limits"
ENV-0002680,M010,ENV-ST-M010-01,NO2,26.01,ug/m3,,80,23.687363,85.993129,2026-08-12T06:00:00,DEMO_MONITORING_FEED,COMPLIANT,0,DEMO_CONFIGURATION,"Configured thresholds are synthetic for software testing, not legal limits"
ENV-0002681,M010,ENV-ST-M010-03,CO,0.87,mg/m3,,4,23.687792,85.98425,2026-08-12T06:00:00,DEMO_MONITORING_FEED,COMPLIANT,0,DEMO_CONFIGURATION,"Configured thresholds are synthetic for software testing, not legal limits"
ENV-0002682,M010,ENV-ST-M010-02,pH,7.29,pH,6.5,8.5,23.697706,85.988706,2026-08-12T14:00:00,DEMO_MONITORING_FEED,COMPLIANT,0,DEMO_CONFIGURATION,"Configured thresholds are synthetic for software testing, not legal limits"
ENV-0002683,M010,ENV-ST-M010-02,TSS,39.81,mg/L,,100,23.685064,85.980013,2026-08-12T22:00:00,DEMO_MONITORING_FEED,COMPLIANT,0,DEMO_CONFIGURATION,"Configured thresholds are synthetic for software testing, not legal limits"
ENV-0002684,M010,ENV-ST-M010-03,TDS,418.37,mg/L,,2100,23.693215,85.989841,2026-08-12T14:00:00,DEMO_MONITORING_FEED,COMPLIANT,0,DEMO_CONFIGURATION,"Configured thresholds are synthetic for software testing, not legal limits"
ENV-0002685,M010,ENV-ST-M010-01,COD,34.9,mg/L,,250,23.688649,85.996409,2026-08-12T14:00:00,DEMO_MONITORING_FEED,COMPLIANT,0,DEMO_CONFIGURATION,"Configured thresholds are synthetic for software testing, not legal limits"
ENV-0002686,M010,ENV-ST-M010-01,BOD,8.43,mg/L,,30,23.688807,85.999944,2026-08-12T14:00:00,DEMO_MONITORING_FEED,COMPLIANT,0,DEMO_CONFIGURATION,"Configured thresholds are synthetic for software testing, not legal limits"
ENV-0002687,M010,ENV-ST-M010-02,Oil_Grease,1.77,mg/L,,10,23.688014,85.99444,2026-08-12T14:00:00,DEMO_MONITORING_FEED,COMPLIANT,0,DEMO_CONFIGURATION,"Configured thresholds are synthetic for software testing, not legal limits"
ENV-0002688,M010,ENV-ST-M010-01,Noise,36.96,dB(A),,85,23.690652,85.980012,2026-08-12T06:00:00,DEMO_MONITORING_FEED,COMPLIANT,0,DEMO_CONFIGURATION,"Configured thresholds are synthetic for software testing, not legal limits"
ENV-0002689,M010,ENV-ST-M010-01,PM2.5,15.65,ug/m3,,60,23.682073,85.989502,2026-08-09T06:00:00,DEMO_MONITORING_FEED,COMPLIANT,0,DEMO_CONFIGURATION,"Configured thresholds are synthetic for software testing, not legal limits"
ENV-0002690,M010,ENV-ST-M010-03,PM10,44.49,ug/m3,,100,23.686048,85.984589,2026-08-09T22:00:00,DEMO_MONITORING_FEED,COMPLIANT,0,DEMO_CONFIGURATION,"Configured thresholds are synthetic for software testing, not legal limits"
ENV-0002691,M010,ENV-ST-M010-03,SO2,17.6,ug/m3,,80,23.690205,85.99517,2026-08-09T22:00:00,DEMO_MONITORING_FEED,COMPLIANT,0,DEMO_CONFIGURATION,"Configured thresholds are synthetic for software testing, not legal limits"
ENV-0002692,M010,ENV-ST-M010-02,NO2,8.03,ug/m3,,80,23.69617,85.987454,2026-08-09T06:00:00,DEMO_MONITORING_FEED,COMPLIANT,0,DEMO_CONFIGURATION,"Configured thresholds are synthetic for software testing, not legal limits"
ENV-0002693,M010,ENV-ST-M010-03,CO,0.95,mg/m3,,4,23.688876,85.983757,2026-08-09T14:00:00,DEMO_MONITORING_FEED,COMPLIANT,0,DEMO_CONFIGURATION,"Configured thresholds are synthetic for software testing, not legal limits"
ENV-0002694,M010,ENV-ST-M010-01,pH,6.96,pH,6.5,8.5,23.694579,85.990156,2026-08-09T14:00:00,DEMO_MONITORING_FEED,COMPLIANT,0,DEMO_CONFIGURATION,"Configured thresholds are synthetic for software testing, not legal limits"
ENV-0002695,M010,ENV-ST-M010-03,TSS,37.01,mg/L,,100,23.692857,85.990583,2026-08-09T22:00:00,DEMO_MONITORING_FEED,COMPLIANT,0,DEMO_CONFIGURATION,"Configured thresholds are synthetic for software testing, not legal limits"
ENV-0002696,M010,ENV-ST-M010-02,TDS,399.37,mg/L,,2100,23.68262,85.99896,2026-08-09T22:00:00,DEMO_MONITORING_FEED,COMPLIANT,0,DEMO_CONFIGURATION,"Configured thresholds are synthetic for software testing, not legal limits"
ENV-0002697,M010,ENV-ST-M010-02,COD,48.07,mg/L,,250,23.685432,85.98214,2026-08-09T14:00:00,DEMO_MONITORING_FEED,COMPLIANT,0,DEMO_CONFIGURATION,"Configured thresholds are synthetic for software testing, not legal limits"
ENV-0002698,M010,ENV-ST-M010-02,BOD,7.66,mg/L,,30,23.690106,85.991306,2026-08-09T14:00:00,DEMO_MONITORING_FEED,COMPLIANT,0,DEMO_CONFIGURATION,"Configured thresholds are synthetic for software testing, not legal limits"
ENV-0002699,M010,ENV-ST-M010-01,Oil_Grease,2.43,mg/L,,10,23.6906,85.983224,2026-08-09T22:00:00,DEMO_MONITORING_FEED,COMPLIANT,0,DEMO_CONFIGURATION,"Configured thresholds are synthetic for software testing, not legal limits"
ENV-0002700,M010,ENV-ST-M010-01,Noise,46.43,dB(A),,85,23.689806,85.984367,2026-08-09T06:00:00,DEMO_MONITORING_FEED,COMPLIANT,0,DEMO_CONFIGURATION,"Configured thresholds are synthetic for software testing, not legal limits"
ENV-0002701,M010,ENV-ST-M010-02,PM2.5,17.84,ug/m3,,60,23.685526,85.987683,2026-08-06T14:00:00,DEMO_MONITORING_FEED,COMPLIANT,0,DEMO_CONFIGURATION,"Configured thresholds are synthetic for software testing, not legal limits"
ENV-0002702,M010,ENV-ST-M010-01,PM10,37.22,ug/m3,,100,23.694283,85.986767,2026-08-06T14:00:00,DEMO_MONITORING_FEED,COMPLIANT,0,DEMO_CONFIGURATION,"Configured thresholds are synthetic for software testing, not legal limits"
ENV-0002703,M010,ENV-ST-M010-03,SO2,22.16,ug/m3,,80,23.696536,85.988449,2026-08-06T22:00:00,DEMO_MONITORING_FEED,COMPLIANT,0,DEMO_CONFIGURATION,"Configured thresholds are synthetic for software testing, not legal limits"
ENV-0002704,M010,ENV-ST-M010-03,NO2,25.68,ug/m3,,80,23.699321,85.980296,2026-08-06T14:00:00,DEMO_MONITORING_FEED,COMPLIANT,0,DEMO_CONFIGURATION,"Configured thresholds are synthetic for software testing, not legal limits"
ENV-0002705,M010,ENV-ST-M010-01,CO,0.17,mg/m3,,4,23.689998,85.993527,2026-08-06T14:00:00,DEMO_MONITORING_FEED,COMPLIANT,0,DEMO_CONFIGURATION,"Configured thresholds are synthetic for software testing, not legal limits"
ENV-0002706,M010,ENV-ST-M010-01,pH,7.14,pH,6.5,8.5,23.684807,85.987058,2026-08-06T06:00:00,DEMO_MONITORING_FEED,COMPLIANT,0,DEMO_CONFIGURATION,"Configured thresholds are synthetic for software testing, not legal limits"
ENV-0002707,M010,ENV-ST-M010-03,TSS,32.2,mg/L,,100,23.697402,85.994198,2026-08-06T14:00:00,DEMO_MONITORING_FEED,COMPLIANT,0,DEMO_CONFIGURATION,"Configured thresholds are synthetic for software testing, not legal limits"
ENV-0002708,M010,ENV-ST-M010-02,TDS,427.27,mg/L,,2100,23.694698,85.994364,2026-08-06T06:00:00,DEMO_MONITORING_FEED,COMPLIANT,0,DEMO_CONFIGURATION,"Configured thresholds are synthetic for software testing, not legal limits"
ENV-0002709,M010,ENV-ST-M010-03,COD,86.57,mg/L,,250,23.692802,85.995643,2026-08-06T22:00:00,DEMO_MONITORING_FEED,COMPLIANT,0,DEMO_CONFIGURATION,"Configured thresholds are synthetic for software testing, not legal limits"
ENV-0002710,M010,ENV-ST-M010-03,BOD,10.1,mg/L,,30,23.684064,85.99161,2026-08-06T14:00:00,DEMO_MONITORING_FEED,COMPLIANT,0,DEMO_CONFIGURATION,"Configured thresholds are synthetic for software testing, not legal limits"
ENV-0002711,M010,ENV-ST-M010-02,Oil_Grease,0.68,mg/L,,10,23.696787,85.99886,2026-08-06T22:00:00,DEMO_MONITORING_FEED,COMPLIANT,0,DEMO_CONFIGURATION,"Configured thresholds are synthetic for software testing, not legal limits"
ENV-0002712,M010,ENV-ST-M010-03,Noise,35.2,dB(A),,85,23.696403,85.986322,2026-08-06T06:00:00,DEMO_MONITORING_FEED,COMPLIANT,0,DEMO_CONFIGURATION,"Configured thresholds are synthetic for software testing, not legal limits"
ENV-0002713,M010,ENV-ST-M010-02,PM2.5,23.41,ug/m3,,60,23.696367,85.985067,2026-08-03T06:00:00,DEMO_MONITORING_FEED,COMPLIANT,0,DEMO_CONFIGURATION,"Configured thresholds are synthetic for software testing, not legal limits"
ENV-0002714,M010,ENV-ST-M010-01,PM10,44.44,ug/m3,,100,23.681242,85.998925,2026-08-03T06:00:00,DEMO_MONITORING_FEED,COMPLIANT,0,DEMO_CONFIGURATION,"Configured thresholds are synthetic for software testing, not legal limits"
ENV-0002715,M010,ENV-ST-M010-02,SO2,24.47,ug/m3,,80,23.68944,85.995623,2026-08-03T06:00:00,DEMO_MONITORING_FEED,COMPLIANT,0,DEMO_CONFIGURATION,"Configured thresholds are synthetic for software testing, not legal limits"
ENV-0002716,M010,ENV-ST-M010-02,NO2,25.67,ug/m3,,80,23.689956,85.981494,2026-08-03T06:00:00,DEMO_MONITORING_FEED,COMPLIANT,0,DEMO_CONFIGURATION,"Configured thresholds are synthetic for software testing, not legal limits"
ENV-0002717,M010,ENV-ST-M010-03,CO,0.34,mg/m3,,4,23.684711,85.991349,2026-08-03T22:00:00,DEMO_MONITORING_FEED,COMPLIANT,0,DEMO_CONFIGURATION,"Configured thresholds are synthetic for software testing, not legal limits"
ENV-0002718,M010,ENV-ST-M010-02,pH,7.08,pH,6.5,8.5,23.682136,85.982627,2026-08-03T22:00:00,DEMO_MONITORING_FEED,COMPLIANT,0,DEMO_CONFIGURATION,"Configured thresholds are synthetic for software testing, not legal limits"
ENV-0002719,M010,ENV-ST-M010-02,TSS,33.43,mg/L,,100,23.684473,85.997813,2026-08-03T14:00:00,DEMO_MONITORING_FEED,COMPLIANT,0,DEMO_CONFIGURATION,"Configured thresholds are synthetic for software testing, not legal limits"
ENV-0002720,M010,ENV-ST-M010-03,TDS,683.31,mg/L,,2100,23.686766,85.986312,2026-08-03T06:00:00,DEMO_MONITORING_FEED,COMPLIANT,0,DEMO_CONFIGURATION,"Configured thresholds are synthetic for software testing, not legal limits"
ENV-0002721,M010,ENV-ST-M010-03,COD,69.68,mg/L,,250,23.681479,85.993069,2026-08-03T06:00:00,DEMO_MONITORING_FEED,COMPLIANT,0,DEMO_CONFIGURATION,"Configured thresholds are synthetic for software testing, not legal limits"
ENV-0002722,M010,ENV-ST-M010-02,BOD,6.16,mg/L,,30,23.690465,85.980633,2026-08-03T22:00:00,DEMO_MONITORING_FEED,COMPLIANT,0,DEMO_CONFIGURATION,"Configured thresholds are synthetic for software testing, not legal limits"
ENV-0002723,M010,ENV-ST-M010-01,Oil_Grease,2.91,mg/L,,10,23.683582,85.980397,2026-08-03T22:00:00,DEMO_MONITORING_FEED,COMPLIANT,0,DEMO_CONFIGURATION,"Configured thresholds are synthetic for software testing, not legal limits"
ENV-0002724,M010,ENV-ST-M010-03,Noise,26.55,dB(A),,85,23.689969,85.9911,2026-08-03T22:00:00,DEMO_MONITORING_FEED,COMPLIANT,0,DEMO_CONFIGURATION,"Configured thresholds are synthetic for software testing, not legal limits"
ENV-0002725,M010,ENV-ST-M010-01,PM2.5,20.31,ug/m3,,60,23.680912,85.986192,2026-07-31T14:00:00,DEMO_MONITORING_FEED,COMPLIANT,0,DEMO_CONFIGURATION,"Configured thresholds are synthetic for software testing, not legal limits"
ENV-0002726,M010,ENV-ST-M010-02,PM10,35.71,ug/m3,,100,23.681386,85.982199,2026-07-31T14:00:00,DEMO_MONITORING_FEED,COMPLIANT,0,DEMO_CONFIGURATION,"Configured thresholds are synthetic for software testing, not legal limits"
ENV-0002727,M010,ENV-ST-M010-02,SO2,21.58,ug/m3,,80,23.694624,85.992767,2026-07-31T22:00:00,DEMO_MONITORING_FEED,COMPLIANT,0,DEMO_CONFIGURATION,"Configured thresholds are synthetic for software testing, not legal limits"
ENV-0002728,M010,ENV-ST-M010-02,NO2,30.41,ug/m3,,80,23.687225,85.997229,2026-07-31T14:00:00,DEMO_MONITORING_FEED,COMPLIANT,0,DEMO_CONFIGURATION,"Configured thresholds are synthetic for software testing, not legal limits"
ENV-0002729,M010,ENV-ST-M010-03,CO,0.93,mg/m3,,4,23.697532,85.996688,2026-07-31T14:00:00,DEMO_MONITORING_FEED,COMPLIANT,0,DEMO_CONFIGURATION,"Configured thresholds are synthetic for software testing, not legal limits"
ENV-0002730,M010,ENV-ST-M010-02,pH,7.3,pH,6.5,8.5,23.690602,85.989656,2026-07-31T14:00:00,DEMO_MONITORING_FEED,COMPLIANT,0,DEMO_CONFIGURATION,"Configured thresholds are synthetic for software testing, not legal limits"
ENV-0002731,M010,ENV-ST-M010-02,TSS,38.37,mg/L,,100,23.684811,85.997195,2026-07-31T22:00:00,DEMO_MONITORING_FEED,COMPLIANT,0,DEMO_CONFIGURATION,"Configured thresholds are synthetic for software testing, not legal limits"
ENV-0002732,M010,ENV-ST-M010-03,TDS,565.52,mg/L,,2100,23.692918,85.990298,2026-07-31T14:00:00,DEMO_MONITORING_FEED,COMPLIANT,0,DEMO_CONFIGURATION,"Configured thresholds are synthetic for software testing, not legal limits"
ENV-0002733,M010,ENV-ST-M010-03,COD,84.72,mg/L,,250,23.69995,85.999578,2026-07-31T14:00:00,DEMO_MONITORING_FEED,COMPLIANT,0,DEMO_CONFIGURATION,"Configured thresholds are synthetic for software testing, not legal limits"
ENV-0002734,M010,ENV-ST-M010-02,BOD,8.68,mg/L,,30,23.680147,85.985631,2026-07-31T06:00:00,DEMO_MONITORING_FEED,COMPLIANT,0,DEMO_CONFIGURATION,"Configured thresholds are synthetic for software testing, not legal limits"
ENV-0002735,M010,ENV-ST-M010-02,Oil_Grease,0.86,mg/L,,10,23.682476,85.985848,2026-07-31T06:00:00,DEMO_MONITORING_FEED,COMPLIANT,0,DEMO_CONFIGURATION,"Configured thresholds are synthetic for software testing, not legal limits"
ENV-0002736,M010,ENV-ST-M010-01,Noise,44.3,dB(A),,85,23.689363,85.981135,2026-07-31T06:00:00,DEMO_MONITORING_FEED,COMPLIANT,0,DEMO_CONFIGURATION,"Configured thresholds are synthetic for software testing, not legal limits"
ENV-0002737,M010,ENV-ST-M010-02,PM2.5,21.2,ug/m3,,60,23.696769,85.997899,2026-07-28T06:00:00,DEMO_MONITORING_FEED,COMPLIANT,0,DEMO_CONFIGURATION,"Configured thresholds are synthetic for software testing, not legal limits"
ENV-0002738,M010,ENV-ST-M010-03,PM10,37.37,ug/m3,,100,23.696815,85.983638,2026-07-28T14:00:00,DEMO_MONITORING_FEED,COMPLIANT,0,DEMO_CONFIGURATION,"Configured thresholds are synthetic for software testing, not legal limits"
ENV-0002739,M010,ENV-ST-M010-03,SO2,13.41,ug/m3,,80,23.691209,85.99992,2026-07-28T14:00:00,DEMO_MONITORING_FEED,COMPLIANT,0,DEMO_CONFIGURATION,"Configured thresholds are synthetic for software testing, not legal limits"
ENV-0002740,M010,ENV-ST-M010-01,NO2,17.91,ug/m3,,80,23.683257,85.982905,2026-07-28T14:00:00,DEMO_MONITORING_FEED,COMPLIANT,0,DEMO_CONFIGURATION,"Configured thresholds are synthetic for software testing, not legal limits"
ENV-0002741,M010,ENV-ST-M010-02,CO,0.65,mg/m3,,4,23.698957,85.996596,2026-07-28T22:00:00,DEMO_MONITORING_FEED,COMPLIANT,0,DEMO_CONFIGURATION,"Configured thresholds are synthetic for software testing, not legal limits"
ENV-0002742,M010,ENV-ST-M010-02,pH,7.43,pH,6.5,8.5,23.699317,85.98763,2026-07-28T06:00:00,DEMO_MONITORING_FEED,COMPLIANT,0,DEMO_CONFIGURATION,"Configured thresholds are synthetic for software testing, not legal limits"
ENV-0002743,M010,ENV-ST-M010-02,TSS,30.42,mg/L,,100,23.68128,85.990547,2026-07-28T06:00:00,DEMO_MONITORING_FEED,COMPLIANT,0,DEMO_CONFIGURATION,"Configured thresholds are synthetic for software testing, not legal limits"
ENV-0002744,M010,ENV-ST-M010-01,TDS,583.63,mg/L,,2100,23.690984,85.99008,2026-07-28T06:00:00,DEMO_MONITORING_FEED,COMPLIANT,0,DEMO_CONFIGURATION,"Configured thresholds are synthetic for software testing, not legal limits"
ENV-0002745,M010,ENV-ST-M010-02,COD,75.66,mg/L,,250,23.688866,85.985066,2026-07-28T06:00:00,DEMO_MONITORING_FEED,COMPLIANT,0,DEMO_CONFIGURATION,"Configured thresholds are synthetic for software testing, not legal limits"
ENV-0002746,M010,ENV-ST-M010-02,BOD,10.71,mg/L,,30,23.68445,85.991521,2026-07-28T14:00:00,DEMO_MONITORING_FEED,COMPLIANT,0,DEMO_CONFIGURATION,"Configured thresholds are synthetic for software testing, not legal limits"
ENV-0002747,M010,ENV-ST-M010-03,Oil_Grease,1.51,mg/L,,10,23.684481,85.981825,2026-07-28T14:00:00,DEMO_MONITORING_FEED,COMPLIANT,0,DEMO_CONFIGURATION,"Configured thresholds are synthetic for software testing, not legal limits"
ENV-0002748,M010,ENV-ST-M010-01,Noise,35.95,dB(A),,85,23.695071,85.989602,2026-07-28T14:00:00,DEMO_MONITORING_FEED,COMPLIANT,0,DEMO_CONFIGURATION,"Configured thresholds are synthetic for software testing, not legal limits"
ENV-0002749,M010,ENV-ST-M010-02,PM2.5,13.15,ug/m3,,60,23.698692,85.983558,2026-07-25T06:00:00,DEMO_MONITORING_FEED,COMPLIANT,0,DEMO_CONFIGURATION,"Configured thresholds are synthetic for software testing, not legal limits"
ENV-0002750,M010,ENV-ST-M010-03,PM10,31.02,ug/m3,,100,23.681952,85.989705,2026-07-25T06:00:00,DEMO_MONITORING_FEED,COMPLIANT,0,DEMO_CONFIGURATION,"Configured thresholds are synthetic for software testing, not legal limits"
ENV-0002751,M010,ENV-ST-M010-03,SO2,16.86,ug/m3,,80,23.689402,85.980201,2026-07-25T22:00:00,DEMO_MONITORING_FEED,COMPLIANT,0,DEMO_CONFIGURATION,"Configured thresholds are synthetic for software testing, not legal limits"
ENV-0002752,M010,ENV-ST-M010-02,NO2,18.49,ug/m3,,80,23.698334,85.986753,2026-07-25T22:00:00,DEMO_MONITORING_FEED,COMPLIANT,0,DEMO_CONFIGURATION,"Configured thresholds are synthetic for software testing, not legal limits"
ENV-0002753,M010,ENV-ST-M010-03,CO,0.53,mg/m3,,4,23.684835,85.997791,2026-07-25T22:00:00,DEMO_MONITORING_FEED,COMPLIANT,0,DEMO_CONFIGURATION,"Configured thresholds are synthetic for software testing, not legal limits"
ENV-0002754,M010,ENV-ST-M010-02,pH,7.17,pH,6.5,8.5,23.68978,85.999786,2026-07-25T14:00:00,DEMO_MONITORING_FEED,COMPLIANT,0,DEMO_CONFIGURATION,"Configured thresholds are synthetic for software testing, not legal limits"
ENV-0002755,M010,ENV-ST-M010-01,TSS,32.59,mg/L,,100,23.683008,85.983004,2026-07-25T22:00:00,DEMO_MONITORING_FEED,COMPLIANT,0,DEMO_CONFIGURATION,"Configured thresholds are synthetic for software testing, not legal limits"
ENV-0002756,M010,ENV-ST-M010-03,TDS,284.78,mg/L,,2100,23.693345,85.997123,2026-07-25T14:00:00,DEMO_MONITORING_FEED,COMPLIANT,0,DEMO_CONFIGURATION,"Configured thresholds are synthetic for software testing, not legal limits"
ENV-0002757,M010,ENV-ST-M010-03,COD,83.34,mg/L,,250,23.681987,85.999362,2026-07-25T06:00:00,DEMO_MONITORING_FEED,COMPLIANT,0,DEMO_CONFIGURATION,"Configured thresholds are synthetic for software testing, not legal limits"
ENV-0002758,M010,ENV-ST-M010-02,BOD,8.61,mg/L,,30,23.694231,85.986709,2026-07-25T22:00:00,DEMO_MONITORING_FEED,COMPLIANT,0,DEMO_CONFIGURATION,"Configured thresholds are synthetic for software testing, not legal limits"
ENV-0002759,M010,ENV-ST-M010-01,Oil_Grease,1.26,mg/L,,10,23.681515,85.989691,2026-07-25T14:00:00,DEMO_MONITORING_FEED,COMPLIANT,0,DEMO_CONFIGURATION,"Configured thresholds are synthetic for software testing, not legal limits"
ENV-0002760,M010,ENV-ST-M010-03,Noise,43.55,dB(A),,85,23.686718,85.997899,2026-07-25T06:00:00,DEMO_MONITORING_FEED,COMPLIANT,0,DEMO_CONFIGURATION,"Configured thresholds are synthetic for software testing, not legal limits"
ENV-0002761,M010,ENV-ST-M010-01,PM2.5,20.31,ug/m3,,60,23.688552,85.983498,2026-07-22T14:00:00,DEMO_MONITORING_FEED,COMPLIANT,0,DEMO_CONFIGURATION,"Configured thresholds are synthetic for software testing, not legal limits"
ENV-0002762,M010,ENV-ST-M010-01,PM10,30.24,ug/m3,,100,23.691492,85.997,2026-07-22T06:00:00,DEMO_MONITORING_FEED,COMPLIANT,0,DEMO_CONFIGURATION,"Configured thresholds are synthetic for software testing, not legal limits"
ENV-0002763,M010,ENV-ST-M010-03,SO2,23.58,ug/m3,,80,23.694371,85.982097,2026-07-22T14:00:00,DEMO_MONITORING_FEED,COMPLIANT,0,DEMO_CONFIGURATION,"Configured thresholds are synthetic for software testing, not legal limits"
ENV-0002764,M010,ENV-ST-M010-02,NO2,23.31,ug/m3,,80,23.686468,85.9883,2026-07-22T14:00:00,DEMO_MONITORING_FEED,COMPLIANT,0,DEMO_CONFIGURATION,"Configured thresholds are synthetic for software testing, not legal limits"
ENV-0002765,M010,ENV-ST-M010-01,CO,0.6,mg/m3,,4,23.682947,85.996689,2026-07-22T22:00:00,DEMO_MONITORING_FEED,COMPLIANT,0,DEMO_CONFIGURATION,"Configured thresholds are synthetic for software testing, not legal limits"
ENV-0002766,M010,ENV-ST-M010-03,pH,7.94,pH,6.5,8.5,23.68447,85.987342,2026-07-22T14:00:00,DEMO_MONITORING_FEED,COMPLIANT,0,DEMO_CONFIGURATION,"Configured thresholds are synthetic for software testing, not legal limits"
ENV-0002767,M010,ENV-ST-M010-03,TSS,29.3,mg/L,,100,23.698406,85.988511,2026-07-22T06:00:00,DEMO_MONITORING_FEED,COMPLIANT,0,DEMO_CONFIGURATION,"Configured thresholds are synthetic for software testing, not legal limits"
ENV-0002768,M010,ENV-ST-M010-01,TDS,510.68,mg/L,,2100,23.68548,85.982045,2026-07-22T14:00:00,DEMO_MONITORING_FEED,COMPLIANT,0,DEMO_CONFIGURATION,"Configured thresholds are synthetic for software testing, not legal limits"
ENV-0002769,M010,ENV-ST-M010-02,COD,84.48,mg/L,,250,23.693782,85.993021,2026-07-22T14:00:00,DEMO_MONITORING_FEED,COMPLIANT,0,DEMO_CONFIGURATION,"Configured thresholds are synthetic for software testing, not legal limits"
ENV-0002770,M010,ENV-ST-M010-03,BOD,9.94,mg/L,,30,23.689558,85.984254,2026-07-22T14:00:00,DEMO_MONITORING_FEED,COMPLIANT,0,DEMO_CONFIGURATION,"Configured thresholds are synthetic for software testing, not legal limits"
ENV-0002771,M010,ENV-ST-M010-02,Oil_Grease,1.92,mg/L,,10,23.687293,85.980339,2026-07-22T14:00:00,DEMO_MONITORING_FEED,COMPLIANT,0,DEMO_CONFIGURATION,"Configured thresholds are synthetic for software testing, not legal limits"
ENV-0002772,M010,ENV-ST-M010-03,Noise,30.95,dB(A),,85,23.688631,85.996205,2026-07-22T14:00:00,DEMO_MONITORING_FEED,COMPLIANT,0,DEMO_CONFIGURATION,"Configured thresholds are synthetic for software testing, not legal limits"
ENV-0002773,M010,ENV-ST-M010-01,PM2.5,25.01,ug/m3,,60,23.688709,85.981722,2026-07-19T22:00:00,DEMO_MONITORING_FEED,COMPLIANT,0,DEMO_CONFIGURATION,"Configured thresholds are synthetic for software testing, not legal limits"
ENV-0002774,M010,ENV-ST-M010-01,PM10,32.82,ug/m3,,100,23.687573,85.989925,2026-07-19T14:00:00,DEMO_MONITORING_FEED,COMPLIANT,0,DEMO_CONFIGURATION,"Configured thresholds are synthetic for software testing, not legal limits"
ENV-0002775,M010,ENV-ST-M010-03,SO2,16.34,ug/m3,,80,23.683028,85.998354,2026-07-19T22:00:00,DEMO_MONITORING_FEED,COMPLIANT,0,DEMO_CONFIGURATION,"Configured thresholds are synthetic for software testing, not legal limits"
ENV-0002776,M010,ENV-ST-M010-03,NO2,21.44,ug/m3,,80,23.690924,85.994273,2026-07-19T22:00:00,DEMO_MONITORING_FEED,COMPLIANT,0,DEMO_CONFIGURATION,"Configured thresholds are synthetic for software testing, not legal limits"
ENV-0002777,M010,ENV-ST-M010-03,CO,0.48,mg/m3,,4,23.680281,85.981855,2026-07-19T14:00:00,DEMO_MONITORING_FEED,COMPLIANT,0,DEMO_CONFIGURATION,"Configured thresholds are synthetic for software testing, not legal limits"
ENV-0002778,M010,ENV-ST-M010-02,pH,6.98,pH,6.5,8.5,23.682881,85.980945,2026-07-19T14:00:00,DEMO_MONITORING_FEED,COMPLIANT,0,DEMO_CONFIGURATION,"Configured thresholds are synthetic for software testing, not legal limits"
ENV-0002779,M010,ENV-ST-M010-03,TSS,35.04,mg/L,,100,23.692682,85.998003,2026-07-19T06:00:00,DEMO_MONITORING_FEED,COMPLIANT,0,DEMO_CONFIGURATION,"Configured thresholds are synthetic for software testing, not legal limits"
ENV-0002780,M010,ENV-ST-M010-01,TDS,307.3,mg/L,,2100,23.697253,85.991033,2026-07-19T22:00:00,DEMO_MONITORING_FEED,COMPLIANT,0,DEMO_CONFIGURATION,"Configured thresholds are synthetic for software testing, not legal limits"
ENV-0002781,M010,ENV-ST-M010-03,COD,42.94,mg/L,,250,23.694632,85.991351,2026-07-19T06:00:00,DEMO_MONITORING_FEED,COMPLIANT,0,DEMO_CONFIGURATION,"Configured thresholds are synthetic for software testing, not legal limits"
ENV-0002782,M010,ENV-ST-M010-03,BOD,10.99,mg/L,,30,23.691228,85.984887,2026-07-19T14:00:00,DEMO_MONITORING_FEED,COMPLIANT,0,DEMO_CONFIGURATION,"Configured thresholds are synthetic for software testing, not legal limits"
ENV-0002783,M010,ENV-ST-M010-02,Oil_Grease,0.95,mg/L,,10,23.689827,85.986882,2026-07-19T22:00:00,DEMO_MONITORING_FEED,COMPLIANT,0,DEMO_CONFIGURATION,"Configured thresholds are synthetic for software testing, not legal limits"
ENV-0002784,M010,ENV-ST-M010-03,Noise,46.39,dB(A),,85,23.683586,85.986243,2026-07-19T14:00:00,DEMO_MONITORING_FEED,COMPLIANT,0,DEMO_CONFIGURATION,"Configured thresholds are synthetic for software testing, not legal limits"
ENV-0002785,M010,ENV-ST-M010-03,PM2.5,16.49,ug/m3,,60,23.682966,85.990741,2026-07-16T14:00:00,DEMO_MONITORING_FEED,COMPLIANT,0,DEMO_CONFIGURATION,"Configured thresholds are synthetic for software testing, not legal limits"
ENV-0002786,M010,ENV-ST-M010-02,PM10,29.7,ug/m3,,100,23.688506,85.990037,2026-07-16T14:00:00,DEMO_MONITORING_FEED,COMPLIANT,0,DEMO_CONFIGURATION,"Configured thresholds are synthetic for software testing, not legal limits"
ENV-0002787,M010,ENV-ST-M010-01,SO2,14.85,ug/m3,,80,23.697755,85.990374,2026-07-16T06:00:00,DEMO_MONITORING_FEED,COMPLIANT,0,DEMO_CONFIGURATION,"Configured thresholds are synthetic for software testing, not legal limits"
ENV-0002788,M010,ENV-ST-M010-02,NO2,18.65,ug/m3,,80,23.690693,85.992147,2026-07-16T06:00:00,DEMO_MONITORING_FEED,COMPLIANT,0,DEMO_CONFIGURATION,"Configured thresholds are synthetic for software testing, not legal limits"
ENV-0002789,M010,ENV-ST-M010-03,CO,0.56,mg/m3,,4,23.692131,85.989951,2026-07-16T06:00:00,DEMO_MONITORING_FEED,COMPLIANT,0,DEMO_CONFIGURATION,"Configured thresholds are synthetic for software testing, not legal limits"
ENV-0002790,M010,ENV-ST-M010-03,pH,7.35,pH,6.5,8.5,23.685942,85.981822,2026-07-16T14:00:00,DEMO_MONITORING_FEED,COMPLIANT,0,DEMO_CONFIGURATION,"Configured thresholds are synthetic for software testing, not legal limits"
ENV-0002791,M010,ENV-ST-M010-03,TSS,35.47,mg/L,,100,23.697468,85.992202,2026-07-16T22:00:00,DEMO_MONITORING_FEED,COMPLIANT,0,DEMO_CONFIGURATION,"Configured thresholds are synthetic for software testing, not legal limits"
ENV-0002792,M010,ENV-ST-M010-03,TDS,352.31,mg/L,,2100,23.687667,85.989135,2026-07-16T06:00:00,DEMO_MONITORING_FEED,COMPLIANT,0,DEMO_CONFIGURATION,"Configured thresholds are synthetic for software testing, not legal limits"
ENV-0002793,M010,ENV-ST-M010-01,COD,29.48,mg/L,,250,23.690649,85.993602,2026-07-16T22:00:00,DEMO_MONITORING_FEED,COMPLIANT,0,DEMO_CONFIGURATION,"Configured thresholds are synthetic for software testing, not legal limits"
ENV-0002794,M010,ENV-ST-M010-03,BOD,8.21,mg/L,,30,23.686396,85.988267,2026-07-16T14:00:00,DEMO_MONITORING_FEED,COMPLIANT,0,DEMO_CONFIGURATION,"Configured thresholds are synthetic for software testing, not legal limits"
ENV-0002795,M010,ENV-ST-M010-02,Oil_Grease,1.98,mg/L,,10,23.683229,85.987145,2026-07-16T14:00:00,DEMO_MONITORING_FEED,COMPLIANT,0,DEMO_CONFIGURATION,"Configured thresholds are synthetic for software testing, not legal limits"
ENV-0002796,M010,ENV-ST-M010-01,Noise,39.08,dB(A),,85,23.681644,85.993525,2026-07-16T06:00:00,DEMO_MONITORING_FEED,COMPLIANT,0,DEMO_CONFIGURATION,"Configured thresholds are synthetic for software testing, not legal limits"
ENV-0002797,M010,ENV-ST-M010-02,PM2.5,21.83,ug/m3,,60,23.692865,85.983513,2026-07-13T14:00:00,DEMO_MONITORING_FEED,COMPLIANT,0,DEMO_CONFIGURATION,"Configured thresholds are synthetic for software testing, not legal limits"
ENV-0002798,M010,ENV-ST-M010-03,PM10,46.66,ug/m3,,100,23.686041,85.98558,2026-07-13T06:00:00,DEMO_MONITORING_FEED,COMPLIANT,0,DEMO_CONFIGURATION,"Configured thresholds are synthetic for software testing, not legal limits"
ENV-0002799,M010,ENV-ST-M010-01,SO2,19.07,ug/m3,,80,23.682409,85.985974,2026-07-13T06:00:00,DEMO_MONITORING_FEED,COMPLIANT,0,DEMO_CONFIGURATION,"Configured thresholds are synthetic for software testing, not legal limits"
ENV-0002800,M010,ENV-ST-M010-01,NO2,23.27,ug/m3,,80,23.699342,85.994984,2026-07-13T14:00:00,DEMO_MONITORING_FEED,COMPLIANT,0,DEMO_CONFIGURATION,"Configured thresholds are synthetic for software testing, not legal limits"
ENV-0002801,M010,ENV-ST-M010-02,CO,0.83,mg/m3,,4,23.695506,85.996667,2026-07-13T22:00:00,DEMO_MONITORING_FEED,COMPLIANT,0,DEMO_CONFIGURATION,"Configured thresholds are synthetic for software testing, not legal limits"
ENV-0002802,M010,ENV-ST-M010-01,pH,7.63,pH,6.5,8.5,23.691947,85.993467,2026-07-13T22:00:00,DEMO_MONITORING_FEED,COMPLIANT,0,DEMO_CONFIGURATION,"Configured thresholds are synthetic for software testing, not legal limits"
ENV-0002803,M010,ENV-ST-M010-03,TSS,28.16,mg/L,,100,23.681538,85.997113,2026-07-13T22:00:00,DEMO_MONITORING_FEED,COMPLIANT,0,DEMO_CONFIGURATION,"Configured thresholds are synthetic for software testing, not legal limits"
ENV-0002804,M010,ENV-ST-M010-02,TDS,529.63,mg/L,,2100,23.697025,85.992697,2026-07-13T22:00:00,DEMO_MONITORING_FEED,COMPLIANT,0,DEMO_CONFIGURATION,"Configured thresholds are synthetic for software testing, not legal limits"
ENV-0002805,M010,ENV-ST-M010-01,COD,40.72,mg/L,,250,23.684552,85.991394,2026-07-13T06:00:00,DEMO_MONITORING_FEED,COMPLIANT,0,DEMO_CONFIGURATION,"Configured thresholds are synthetic for software testing, not legal limits"
ENV-0002806,M010,ENV-ST-M010-03,BOD,12.89,mg/L,,30,23.69665,85.994729,2026-07-13T06:00:00,DEMO_MONITORING_FEED,COMPLIANT,0,DEMO_CONFIGURATION,"Configured thresholds are synthetic for software testing, not legal limits"
ENV-0002807,M010,ENV-ST-M010-03,Oil_Grease,1.61,mg/L,,10,23.684228,85.986534,2026-07-13T22:00:00,DEMO_MONITORING_FEED,COMPLIANT,0,DEMO_CONFIGURATION,"Configured thresholds are synthetic for software testing, not legal limits"
ENV-0002808,M010,ENV-ST-M010-01,Noise,28.13,dB(A),,85,23.687724,85.980386,2026-07-13T06:00:00,DEMO_MONITORING_FEED,COMPLIANT,0,DEMO_CONFIGURATION,"Configured thresholds are synthetic for software testing, not legal limits"
ENV-0002809,M010,ENV-ST-M010-03,PM2.5,27.03,ug/m3,,60,23.69882,85.997231,2026-07-10T14:00:00,DEMO_MONITORING_FEED,COMPLIANT,0,DEMO_CONFIGURATION,"Configured thresholds are synthetic for software testing, not legal limits"
ENV-0002810,M010,ENV-ST-M010-03,PM10,48.17,ug/m3,,100,23.690248,85.989265,2026-07-10T22:00:00,DEMO_MONITORING_FEED,COMPLIANT,0,DEMO_CONFIGURATION,"Configured thresholds are synthetic for software testing, not legal limits"
ENV-0002811,M010,ENV-ST-M010-02,SO2,21.07,ug/m3,,80,23.68846,85.994386,2026-07-10T06:00:00,DEMO_MONITORING_FEED,COMPLIANT,0,DEMO_CONFIGURATION,"Configured thresholds are synthetic for software testing, not legal limits"
ENV-0002812,M010,ENV-ST-M010-01,NO2,15.62,ug/m3,,80,23.696473,85.990311,2026-07-10T14:00:00,DEMO_MONITORING_FEED,COMPLIANT,0,DEMO_CONFIGURATION,"Configured thresholds are synthetic for software testing, not legal limits"
ENV-0002813,M010,ENV-ST-M010-03,CO,0.3,mg/m3,,4,23.690331,85.995802,2026-07-10T14:00:00,DEMO_MONITORING_FEED,COMPLIANT,0,DEMO_CONFIGURATION,"Configured thresholds are synthetic for software testing, not legal limits"
ENV-0002814,M010,ENV-ST-M010-01,pH,7.03,pH,6.5,8.5,23.685383,85.998801,2026-07-10T22:00:00,DEMO_MONITORING_FEED,COMPLIANT,0,DEMO_CONFIGURATION,"Configured thresholds are synthetic for software testing, not legal limits"
ENV-0002815,M010,ENV-ST-M010-03,TSS,20.38,mg/L,,100,23.683012,85.998375,2026-07-10T22:00:00,DEMO_MONITORING_FEED,COMPLIANT,0,DEMO_CONFIGURATION,"Configured thresholds are synthetic for software testing, not legal limits"
ENV-0002816,M010,ENV-ST-M010-03,TDS,465.79,mg/L,,2100,23.69489,85.988565,2026-07-10T14:00:00,DEMO_MONITORING_FEED,COMPLIANT,0,DEMO_CONFIGURATION,"Configured thresholds are synthetic for software testing, not legal limits"
ENV-0002817,M010,ENV-ST-M010-03,COD,51.52,mg/L,,250,23.683612,85.980421,2026-07-10T14:00:00,DEMO_MONITORING_FEED,COMPLIANT,0,DEMO_CONFIGURATION,"Configured thresholds are synthetic for software testing, not legal limits"
ENV-0002818,M010,ENV-ST-M010-01,BOD,9.07,mg/L,,30,23.694052,85.982539,2026-07-10T06:00:00,DEMO_MONITORING_FEED,COMPLIANT,0,DEMO_CONFIGURATION,"Configured thresholds are synthetic for software testing, not legal limits"
ENV-0002819,M010,ENV-ST-M010-02,Oil_Grease,2.18,mg/L,,10,23.683619,85.988754,2026-07-10T06:00:00,DEMO_MONITORING_FEED,COMPLIANT,0,DEMO_CONFIGURATION,"Configured thresholds are synthetic for software testing, not legal limits"
ENV-0002820,M010,ENV-ST-M010-02,Noise,33.23,dB(A),,85,23.690736,85.996101,2026-07-10T06:00:00,DEMO_MONITORING_FEED,COMPLIANT,0,DEMO_CONFIGURATION,"Configured thresholds are synthetic for software testing, not legal limits"
ENV-0002821,M010,ENV-ST-M010-03,PM2.5,16.55,ug/m3,,60,23.693401,85.987832,2026-07-07T14:00:00,DEMO_MONITORING_FEED,COMPLIANT,0,DEMO_CONFIGURATION,"Configured thresholds are synthetic for software testing, not legal limits"
ENV-0002822,M010,ENV-ST-M010-02,PM10,35.38,ug/m3,,100,23.68942,85.980681,2026-07-07T06:00:00,DEMO_MONITORING_FEED,COMPLIANT,0,DEMO_CONFIGURATION,"Configured thresholds are synthetic for software testing, not legal limits"
ENV-0002823,M010,ENV-ST-M010-03,SO2,24.54,ug/m3,,80,23.686481,85.999123,2026-07-07T14:00:00,DEMO_MONITORING_FEED,COMPLIANT,0,DEMO_CONFIGURATION,"Configured thresholds are synthetic for software testing, not legal limits"
ENV-0002824,M010,ENV-ST-M010-02,NO2,15.85,ug/m3,,80,23.688077,85.99239,2026-07-07T06:00:00,DEMO_MONITORING_FEED,COMPLIANT,0,DEMO_CONFIGURATION,"Configured thresholds are synthetic for software testing, not legal limits"
ENV-0002825,M010,ENV-ST-M010-02,CO,0.41,mg/m3,,4,23.688184,85.99165,2026-07-07T14:00:00,DEMO_MONITORING_FEED,COMPLIANT,0,DEMO_CONFIGURATION,"Configured thresholds are synthetic for software testing, not legal limits"
ENV-0002826,M010,ENV-ST-M010-01,pH,7.43,pH,6.5,8.5,23.693783,85.996768,2026-07-07T06:00:00,DEMO_MONITORING_FEED,COMPLIANT,0,DEMO_CONFIGURATION,"Configured thresholds are synthetic for software testing, not legal limits"
ENV-0002827,M010,ENV-ST-M010-02,TSS,36.98,mg/L,,100,23.699569,85.984139,2026-07-07T06:00:00,DEMO_MONITORING_FEED,COMPLIANT,0,DEMO_CONFIGURATION,"Configured thresholds are synthetic for software testing, not legal limits"
ENV-0002828,M010,ENV-ST-M010-02,TDS,506.66,mg/L,,2100,23.687896,85.993606,2026-07-07T06:00:00,DEMO_MONITORING_FEED,COMPLIANT,0,DEMO_CONFIGURATION,"Configured thresholds are synthetic for software testing, not legal limits"
ENV-0002829,M010,ENV-ST-M010-03,COD,68.72,mg/L,,250,23.69157,85.985834,2026-07-07T22:00:00,DEMO_MONITORING_FEED,COMPLIANT,0,DEMO_CONFIGURATION,"Configured thresholds are synthetic for software testing, not legal limits"
ENV-0002830,M010,ENV-ST-M010-03,BOD,8.52,mg/L,,30,23.68373,85.983199,2026-07-07T22:00:00,DEMO_MONITORING_FEED,COMPLIANT,0,DEMO_CONFIGURATION,"Configured thresholds are synthetic for software testing, not legal limits"
ENV-0002831,M010,ENV-ST-M010-03,Oil_Grease,1.66,mg/L,,10,23.699974,85.990083,2026-07-07T14:00:00,DEMO_MONITORING_FEED,COMPLIANT,0,DEMO_CONFIGURATION,"Configured thresholds are synthetic for software testing, not legal limits"
ENV-0002832,M010,ENV-ST-M010-02,Noise,37.37,dB(A),,85,23.685571,85.995388,2026-07-07T06:00:00,DEMO_MONITORING_FEED,COMPLIANT,0,DEMO_CONFIGURATION,"Configured thresholds are synthetic for software testing, not legal limits"
ENV-0002833,M010,ENV-ST-M010-02,PM2.5,17.42,ug/m3,,60,23.683613,85.996195,2026-07-04T22:00:00,DEMO_MONITORING_FEED,COMPLIANT,0,DEMO_CONFIGURATION,"Configured thresholds are synthetic for software testing, not legal limits"
ENV-0002834,M010,ENV-ST-M010-03,PM10,45.86,ug/m3,,100,23.699579,85.98628,2026-07-04T22:00:00,DEMO_MONITORING_FEED,COMPLIANT,0,DEMO_CONFIGURATION,"Configured thresholds are synthetic for software testing, not legal limits"
ENV-0002835,M010,ENV-ST-M010-03,SO2,12.2,ug/m3,,80,23.68629,85.99307,2026-07-04T22:00:00,DEMO_MONITORING_FEED,COMPLIANT,0,DEMO_CONFIGURATION,"Configured thresholds are synthetic for software testing, not legal limits"
ENV-0002836,M010,ENV-ST-M010-02,NO2,4.66,ug/m3,,80,23.69992,85.985721,2026-07-04T14:00:00,DEMO_MONITORING_FEED,COMPLIANT,0,DEMO_CONFIGURATION,"Configured thresholds are synthetic for software testing, not legal limits"
ENV-0002837,M010,ENV-ST-M010-01,CO,0.44,mg/m3,,4,23.695484,85.994485,2026-07-04T14:00:00,DEMO_MONITORING_FEED,COMPLIANT,0,DEMO_CONFIGURATION,"Configured thresholds are synthetic for software testing, not legal limits"
ENV-0002838,M010,ENV-ST-M010-03,pH,7.53,pH,6.5,8.5,23.686687,85.980556,2026-07-04T14:00:00,DEMO_MONITORING_FEED,COMPLIANT,0,DEMO_CONFIGURATION,"Configured thresholds are synthetic for software testing, not legal limits"
ENV-0002839,M010,ENV-ST-M010-03,TSS,30.15,mg/L,,100,23.699781,85.986781,2026-07-04T06:00:00,DEMO_MONITORING_FEED,COMPLIANT,0,DEMO_CONFIGURATION,"Configured thresholds are synthetic for software testing, not legal limits"
ENV-0002840,M010,ENV-ST-M010-01,TDS,540.63,mg/L,,2100,23.687854,85.996905,2026-07-04T14:00:00,DEMO_MONITORING_FEED,COMPLIANT,0,DEMO_CONFIGURATION,"Configured thresholds are synthetic for software testing, not legal limits"
ENV-0002841,M010,ENV-ST-M010-01,COD,86.11,mg/L,,250,23.692187,85.988952,2026-07-04T22:00:00,DEMO_MONITORING_FEED,COMPLIANT,0,DEMO_CONFIGURATION,"Configured thresholds are synthetic for software testing, not legal limits"
ENV-0002842,M010,ENV-ST-M010-02,BOD,5.06,mg/L,,30,23.689989,85.992596,2026-07-04T14:00:00,DEMO_MONITORING_FEED,COMPLIANT,0,DEMO_CONFIGURATION,"Configured thresholds are synthetic for software testing, not legal limits"
ENV-0002843,M010,ENV-ST-M010-02,Oil_Grease,2.15,mg/L,,10,23.68094,85.980354,2026-07-04T14:00:00,DEMO_MONITORING_FEED,COMPLIANT,0,DEMO_CONFIGURATION,"Configured thresholds are synthetic for software testing, not legal limits"
ENV-0002844,M010,ENV-ST-M010-03,Noise,38.6,dB(A),,85,23.681412,85.988092,2026-07-04T22:00:00,DEMO_MONITORING_FEED,COMPLIANT,0,DEMO_CONFIGURATION,"Configured thresholds are synthetic for software testing, not legal limits"
ENV-0002845,M010,ENV-ST-M010-01,PM2.5,22.48,ug/m3,,60,23.686635,85.995926,2026-07-01T06:00:00,DEMO_MONITORING_FEED,COMPLIANT,0,DEMO_CONFIGURATION,"Configured thresholds are synthetic for software testing, not legal limits"
ENV-0002846,M010,ENV-ST-M010-02,PM10,38.17,ug/m3,,100,23.698235,85.986169,2026-07-01T14:00:00,DEMO_MONITORING_FEED,COMPLIANT,0,DEMO_CONFIGURATION,"Configured thresholds are synthetic for software testing, not legal limits"
ENV-0002847,M010,ENV-ST-M010-03,SO2,19.3,ug/m3,,80,23.697424,85.982424,2026-07-01T22:00:00,DEMO_MONITORING_FEED,COMPLIANT,0,DEMO_CONFIGURATION,"Configured thresholds are synthetic for software testing, not legal limits"
ENV-0002848,M010,ENV-ST-M010-03,NO2,28.07,ug/m3,,80,23.696444,85.988483,2026-07-01T06:00:00,DEMO_MONITORING_FEED,COMPLIANT,0,DEMO_CONFIGURATION,"Configured thresholds are synthetic for software testing, not legal limits"
ENV-0002849,M010,ENV-ST-M010-02,CO,0.64,mg/m3,,4,23.684139,85.983657,2026-07-01T22:00:00,DEMO_MONITORING_FEED,COMPLIANT,0,DEMO_CONFIGURATION,"Configured thresholds are synthetic for software testing, not legal limits"
ENV-0002850,M010,ENV-ST-M010-02,pH,7.34,pH,6.5,8.5,23.684545,85.980404,2026-07-01T06:00:00,DEMO_MONITORING_FEED,COMPLIANT,0,DEMO_CONFIGURATION,"Configured thresholds are synthetic for software testing, not legal limits"
ENV-0002851,M010,ENV-ST-M010-03,TSS,44.89,mg/L,,100,23.681536,85.985645,2026-07-01T22:00:00,DEMO_MONITORING_FEED,COMPLIANT,0,DEMO_CONFIGURATION,"Configured thresholds are synthetic for software testing, not legal limits"
ENV-0002852,M010,ENV-ST-M010-01,TDS,376.9,mg/L,,2100,23.688042,85.988344,2026-07-01T06:00:00,DEMO_MONITORING_FEED,COMPLIANT,0,DEMO_CONFIGURATION,"Configured thresholds are synthetic for software testing, not legal limits"
ENV-0002853,M010,ENV-ST-M010-03,COD,68.93,mg/L,,250,23.69663,85.996986,2026-07-01T14:00:00,DEMO_MONITORING_FEED,COMPLIANT,0,DEMO_CONFIGURATION,"Configured thresholds are synthetic for software testing, not legal limits"
ENV-0002854,M010,ENV-ST-M010-01,BOD,6.39,mg/L,,30,23.692332,85.991031,2026-07-01T06:00:00,DEMO_MONITORING_FEED,COMPLIANT,0,DEMO_CONFIGURATION,"Configured thresholds are synthetic for software testing, not legal limits"
ENV-0002855,M010,ENV-ST-M010-03,Oil_Grease,2.56,mg/L,,10,23.688509,85.998166,2026-07-01T14:00:00,DEMO_MONITORING_FEED,COMPLIANT,0,DEMO_CONFIGURATION,"Configured thresholds are synthetic for software testing, not legal limits"
ENV-0002856,M010,ENV-ST-M010-03,Noise,45.87,dB(A),,85,23.698334,85.998759,2026-07-01T22:00:00,DEMO_MONITORING_FEED,COMPLIANT,0,DEMO_CONFIGURATION,"Configured thresholds are synthetic for software testing, not legal limits"
ENV-0002857,M010,ENV-ST-M010-03,PM2.5,19.96,ug/m3,,60,23.68615,85.994886,2026-06-28T06:00:00,DEMO_MONITORING_FEED,COMPLIANT,0,DEMO_CONFIGURATION,"Configured thresholds are synthetic for software testing, not legal limits"
ENV-0002858,M010,ENV-ST-M010-02,PM10,41.33,ug/m3,,100,23.68577,85.996317,2026-06-28T14:00:00,DEMO_MONITORING_FEED,COMPLIANT,0,DEMO_CONFIGURATION,"Configured thresholds are synthetic for software testing, not legal limits"
ENV-0002859,M010,ENV-ST-M010-01,SO2,23.02,ug/m3,,80,23.69917,85.998336,2026-06-28T14:00:00,DEMO_MONITORING_FEED,COMPLIANT,0,DEMO_CONFIGURATION,"Configured thresholds are synthetic for software testing, not legal limits"
ENV-0002860,M010,ENV-ST-M010-02,NO2,14.86,ug/m3,,80,23.684101,85.997508,2026-06-28T06:00:00,DEMO_MONITORING_FEED,COMPLIANT,0,DEMO_CONFIGURATION,"Configured thresholds are synthetic for software testing, not legal limits"
ENV-0002861,M010,ENV-ST-M010-03,CO,0.27,mg/m3,,4,23.687956,85.998262,2026-06-28T14:00:00,DEMO_MONITORING_FEED,COMPLIANT,0,DEMO_CONFIGURATION,"Configured thresholds are synthetic for software testing, not legal limits"
ENV-0002862,M010,ENV-ST-M010-02,pH,7.26,pH,6.5,8.5,23.692296,85.996557,2026-06-28T14:00:00,DEMO_MONITORING_FEED,COMPLIANT,0,DEMO_CONFIGURATION,"Configured thresholds are synthetic for software testing, not legal limits"
ENV-0002863,M010,ENV-ST-M010-01,TSS,38.84,mg/L,,100,23.695282,85.98849,2026-06-28T06:00:00,DEMO_MONITORING_FEED,COMPLIANT,0,DEMO_CONFIGURATION,"Configured thresholds are synthetic for software testing, not legal limits"
ENV-0002864,M010,ENV-ST-M010-03,TDS,554.74,mg/L,,2100,23.680128,85.997193,2026-06-28T06:00:00,DEMO_MONITORING_FEED,COMPLIANT,0,DEMO_CONFIGURATION,"Configured thresholds are synthetic for software testing, not legal limits"
ENV-0002865,M010,ENV-ST-M010-03,COD,75.86,mg/L,,250,23.680031,85.993007,2026-06-28T14:00:00,DEMO_MONITORING_FEED,COMPLIANT,0,DEMO_CONFIGURATION,"Configured thresholds are synthetic for software testing, not legal limits"
ENV-0002866,M010,ENV-ST-M010-01,BOD,7.75,mg/L,,30,23.684669,85.99335,2026-06-28T14:00:00,DEMO_MONITORING_FEED,COMPLIANT,0,DEMO_CONFIGURATION,"Configured thresholds are synthetic for software testing, not legal limits"
ENV-0002867,M010,ENV-ST-M010-02,Oil_Grease,1.64,mg/L,,10,23.693656,85.991181,2026-06-28T22:00:00,DEMO_MONITORING_FEED,COMPLIANT,0,DEMO_CONFIGURATION,"Configured thresholds are synthetic for software testing, not legal limits"
ENV-0002868,M010,ENV-ST-M010-03,Noise,39.65,dB(A),,85,23.680801,85.98377,2026-06-28T06:00:00,DEMO_MONITORING_FEED,COMPLIANT,0,DEMO_CONFIGURATION,"Configured thresholds are synthetic for software testing, not legal limits"
ENV-0002869,M010,ENV-ST-M010-03,PM2.5,27.31,ug/m3,,60,23.688929,85.980963,2026-06-25T14:00:00,DEMO_MONITORING_FEED,COMPLIANT,0,DEMO_CONFIGURATION,"Configured thresholds are synthetic for software testing, not legal limits"
ENV-0002870,M010,ENV-ST-M010-01,PM10,46.93,ug/m3,,100,23.692535,85.990422,2026-06-25T22:00:00,DEMO_MONITORING_FEED,COMPLIANT,0,DEMO_CONFIGURATION,"Configured thresholds are synthetic for software testing, not legal limits"
ENV-0002871,M010,ENV-ST-M010-03,SO2,21.25,ug/m3,,80,23.689197,85.997135,2026-06-25T22:00:00,DEMO_MONITORING_FEED,COMPLIANT,0,DEMO_CONFIGURATION,"Configured thresholds are synthetic for software testing, not legal limits"
ENV-0002872,M010,ENV-ST-M010-01,NO2,14.4,ug/m3,,80,23.690139,85.988702,2026-06-25T22:00:00,DEMO_MONITORING_FEED,COMPLIANT,0,DEMO_CONFIGURATION,"Configured thresholds are synthetic for software testing, not legal limits"
ENV-0002873,M010,ENV-ST-M010-02,CO,0.43,mg/m3,,4,23.697176,85.989806,2026-06-25T22:00:00,DEMO_MONITORING_FEED,COMPLIANT,0,DEMO_CONFIGURATION,"Configured thresholds are synthetic for software testing, not legal limits"
ENV-0002874,M010,ENV-ST-M010-01,pH,7.5,pH,6.5,8.5,23.680835,85.997103,2026-06-25T06:00:00,DEMO_MONITORING_FEED,COMPLIANT,0,DEMO_CONFIGURATION,"Configured thresholds are synthetic for software testing, not legal limits"
ENV-0002875,M010,ENV-ST-M010-01,TSS,33.09,mg/L,,100,23.682859,85.983641,2026-06-25T14:00:00,DEMO_MONITORING_FEED,COMPLIANT,0,DEMO_CONFIGURATION,"Configured thresholds are synthetic for software testing, not legal limits"
ENV-0002876,M010,ENV-ST-M010-03,TDS,418.65,mg/L,,2100,23.68482,85.998013,2026-06-25T22:00:00,DEMO_MONITORING_FEED,COMPLIANT,0,DEMO_CONFIGURATION,"Configured thresholds are synthetic for software testing, not legal limits"
ENV-0002877,M010,ENV-ST-M010-03,COD,79.32,mg/L,,250,23.682064,85.981249,2026-06-25T22:00:00,DEMO_MONITORING_FEED,COMPLIANT,0,DEMO_CONFIGURATION,"Configured thresholds are synthetic for software testing, not legal limits"
ENV-0002878,M010,ENV-ST-M010-02,BOD,8.99,mg/L,,30,23.690262,85.991169,2026-06-25T06:00:00,DEMO_MONITORING_FEED,COMPLIANT,0,DEMO_CONFIGURATION,"Configured thresholds are synthetic for software testing, not legal limits"
ENV-0002879,M010,ENV-ST-M010-03,Oil_Grease,2.3,mg/L,,10,23.685786,85.993796,2026-06-25T22:00:00,DEMO_MONITORING_FEED,COMPLIANT,0,DEMO_CONFIGURATION,"Configured thresholds are synthetic for software testing, not legal limits"
ENV-0002880,M010,ENV-ST-M010-01,Noise,29.58,dB(A),,85,23.68893,85.996273,2026-06-25T22:00:00,DEMO_MONITORING_FEED,COMPLIANT,0,DEMO_CONFIGURATION,"Configured thresholds are synthetic for software testing, not legal limits"
ENV-0002881,M011,ENV-ST-M011-03,PM2.5,40.1,ug/m3,,60,23.309607,81.353702,2026-09-02T22:00:00,DEMO_MONITORING_FEED,COMPLIANT,0,DEMO_CONFIGURATION,"Configured thresholds are synthetic for software testing, not legal limits"
ENV-0002882,M011,ENV-ST-M011-02,PM10,59.64,ug/m3,,100,23.295979,81.357042,2026-09-02T22:00:00,DEMO_MONITORING_FEED,COMPLIANT,0,DEMO_CONFIGURATION,"Configured thresholds are synthetic for software testing, not legal limits"
ENV-0002883,M011,ENV-ST-M011-01,SO2,31.02,ug/m3,,80,23.300039,81.349375,2026-09-02T14:00:00,DEMO_MONITORING_FEED,COMPLIANT,0,DEMO_CONFIGURATION,"Configured thresholds are synthetic for software testing, not legal limits"
ENV-0002884,M011,ENV-ST-M011-01,NO2,37.15,ug/m3,,80,23.307553,81.342257,2026-09-02T14:00:00,DEMO_MONITORING_FEED,COMPLIANT,0,DEMO_CONFIGURATION,"Configured thresholds are synthetic for software testing, not legal limits"
ENV-0002885,M011,ENV-ST-M011-03,CO,0.89,mg/m3,,4,23.297002,81.355155,2026-09-02T14:00:00,DEMO_MONITORING_FEED,COMPLIANT,0,DEMO_CONFIGURATION,"Configured thresholds are synthetic for software testing, not legal limits"
ENV-0002886,M011,ENV-ST-M011-02,pH,6.87,pH,6.5,8.5,23.300114,81.342531,2026-09-02T14:00:00,DEMO_MONITORING_FEED,COMPLIANT,0,DEMO_CONFIGURATION,"Configured thresholds are synthetic for software testing, not legal limits"
ENV-0002887,M011,ENV-ST-M011-03,TSS,54.45,mg/L,,100,23.293174,81.350139,2026-09-02T22:00:00,DEMO_MONITORING_FEED,COMPLIANT,0,DEMO_CONFIGURATION,"Configured thresholds are synthetic for software testing, not legal limits"
ENV-0002888,M011,ENV-ST-M011-02,TDS,925.5,mg/L,,2100,23.304693,81.340762,2026-09-02T22:00:00,DEMO_MONITORING_FEED,COMPLIANT,0,DEMO_CONFIGURATION,"Configured thresholds are synthetic for software testing, not legal limits"
ENV-0002889,M011,ENV-ST-M011-01,COD,114.99,mg/L,,250,23.291069,81.351754,2026-09-02T22:00:00,DEMO_MONITORING_FEED,COMPLIANT,0,DEMO_CONFIGURATION,"Configured thresholds are synthetic for software testing, not legal limits"
ENV-0002890,M011,ENV-ST-M011-02,BOD,11.87,mg/L,,30,23.295036,81.345745,2026-09-02T06:00:00,DEMO_MONITORING_FEED,COMPLIANT,0,DEMO_CONFIGURATION,"Configured thresholds are synthetic for software testing, not legal limits"
ENV-0002891,M011,ENV-ST-M011-01,Oil_Grease,2.91,mg/L,,10,23.298412,81.355425,2026-09-02T22:00:00,DEMO_MONITORING_FEED,COMPLIANT,0,DEMO_CONFIGURATION,"Configured thresholds are synthetic for software testing, not legal limits"
ENV-0002892,M011,ENV-ST-M011-01,Noise,72.54,dB(A),,85,23.295787,81.347948,2026-09-02T06:00:00,DEMO_MONITORING_FEED,COMPLIANT,0,DEMO_CONFIGURATION,"Configured thresholds are synthetic for software testing, not legal limits"
ENV-0002893,M011,ENV-ST-M011-03,PM2.5,29.42,ug/m3,,60,23.290484,81.355505,2026-08-30T06:00:00,DEMO_MONITORING_FEED,COMPLIANT,0,DEMO_CONFIGURATION,"Configured thresholds are synthetic for software testing, not legal limits"
ENV-0002894,M011,ENV-ST-M011-02,PM10,62.61,ug/m3,,100,23.307361,81.34387,2026-08-30T22:00:00,DEMO_MONITORING_FEED,COMPLIANT,0,DEMO_CONFIGURATION,"Configured thresholds are synthetic for software testing, not legal limits"
ENV-0002895,M011,ENV-ST-M011-01,SO2,25.66,ug/m3,,80,23.304342,81.357034,2026-08-30T06:00:00,DEMO_MONITORING_FEED,COMPLIANT,0,DEMO_CONFIGURATION,"Configured thresholds are synthetic for software testing, not legal limits"
ENV-0002896,M011,ENV-ST-M011-03,NO2,46.88,ug/m3,,80,23.298158,81.35986,2026-08-30T06:00:00,DEMO_MONITORING_FEED,COMPLIANT,0,DEMO_CONFIGURATION,"Configured thresholds are synthetic for software testing, not legal limits"
ENV-0002897,M011,ENV-ST-M011-02,CO,1.38,mg/m3,,4,23.294298,81.356889,2026-08-30T22:00:00,DEMO_MONITORING_FEED,COMPLIANT,0,DEMO_CONFIGURATION,"Configured thresholds are synthetic for software testing, not legal limits"
ENV-0002898,M011,ENV-ST-M011-02,pH,7.21,pH,6.5,8.5,23.300703,81.354923,2026-08-30T14:00:00,DEMO_MONITORING_FEED,COMPLIANT,0,DEMO_CONFIGURATION,"Configured thresholds are synthetic for software testing, not legal limits"
ENV-0002899,M011,ENV-ST-M011-02,TSS,28.32,mg/L,,100,23.290002,81.341181,2026-08-30T06:00:00,DEMO_MONITORING_FEED,COMPLIANT,0,DEMO_CONFIGURATION,"Configured thresholds are synthetic for software testing, not legal limits"
ENV-0002900,M011,ENV-ST-M011-02,TDS,790.24,mg/L,,2100,23.30579,81.349694,2026-08-30T14:00:00,DEMO_MONITORING_FEED,COMPLIANT,0,DEMO_CONFIGURATION,"Configured thresholds are synthetic for software testing, not legal limits"
ENV-0002901,M011,ENV-ST-M011-01,COD,116.66,mg/L,,250,23.29909,81.340447,2026-08-30T06:00:00,DEMO_MONITORING_FEED,COMPLIANT,0,DEMO_CONFIGURATION,"Configured thresholds are synthetic for software testing, not legal limits"
ENV-0002902,M011,ENV-ST-M011-01,BOD,10.72,mg/L,,30,23.301009,81.34694,2026-08-30T14:00:00,DEMO_MONITORING_FEED,COMPLIANT,0,DEMO_CONFIGURATION,"Configured thresholds are synthetic for software testing, not legal limits"
ENV-0002903,M011,ENV-ST-M011-03,Oil_Grease,1.02,mg/L,,10,23.297893,81.345365,2026-08-30T14:00:00,DEMO_MONITORING_FEED,COMPLIANT,0,DEMO_CONFIGURATION,"Configured thresholds are synthetic for software testing, not legal limits"
ENV-0002904,M011,ENV-ST-M011-02,Noise,77.52,dB(A),,85,23.297772,81.356726,2026-08-30T06:00:00,DEMO_MONITORING_FEED,COMPLIANT,0,DEMO_CONFIGURATION,"Configured thresholds are synthetic for software testing, not legal limits"
ENV-0002905,M011,ENV-ST-M011-03,PM2.5,30.55,ug/m3,,60,23.293986,81.345814,2026-08-27T22:00:00,DEMO_MONITORING_FEED,COMPLIANT,0,DEMO_CONFIGURATION,"Configured thresholds are synthetic for software testing, not legal limits"
ENV-0002906,M011,ENV-ST-M011-02,PM10,88.77,ug/m3,,100,23.300029,81.352568,2026-08-27T22:00:00,DEMO_MONITORING_FEED,COMPLIANT,0,DEMO_CONFIGURATION,"Configured thresholds are synthetic for software testing, not legal limits"
ENV-0002907,M011,ENV-ST-M011-03,SO2,29.46,ug/m3,,80,23.294737,81.341682,2026-08-27T22:00:00,DEMO_MONITORING_FEED,COMPLIANT,0,DEMO_CONFIGURATION,"Configured thresholds are synthetic for software testing, not legal limits"
ENV-0002908,M011,ENV-ST-M011-03,NO2,31.82,ug/m3,,80,23.299413,81.346369,2026-08-27T06:00:00,DEMO_MONITORING_FEED,COMPLIANT,0,DEMO_CONFIGURATION,"Configured thresholds are synthetic for software testing, not legal limits"
ENV-0002909,M011,ENV-ST-M011-02,CO,0.84,mg/m3,,4,23.297998,81.349356,2026-08-27T14:00:00,DEMO_MONITORING_FEED,COMPLIANT,0,DEMO_CONFIGURATION,"Configured thresholds are synthetic for software testing, not legal limits"
ENV-0002910,M011,ENV-ST-M011-03,pH,7.6,pH,6.5,8.5,23.308084,81.352676,2026-08-27T06:00:00,DEMO_MONITORING_FEED,COMPLIANT,0,DEMO_CONFIGURATION,"Configured thresholds are synthetic for software testing, not legal limits"
ENV-0002911,M011,ENV-ST-M011-02,TSS,66.52,mg/L,,100,23.302367,81.343314,2026-08-27T06:00:00,DEMO_MONITORING_FEED,COMPLIANT,0,DEMO_CONFIGURATION,"Configured thresholds are synthetic for software testing, not legal limits"
ENV-0002912,M011,ENV-ST-M011-03,TDS,329.11,mg/L,,2100,23.305899,81.34079,2026-08-27T14:00:00,DEMO_MONITORING_FEED,COMPLIANT,0,DEMO_CONFIGURATION,"Configured thresholds are synthetic for software testing, not legal limits"
ENV-0002913,M011,ENV-ST-M011-03,COD,71.34,mg/L,,250,23.30265,81.348693,2026-08-27T14:00:00,DEMO_MONITORING_FEED,COMPLIANT,0,DEMO_CONFIGURATION,"Configured thresholds are synthetic for software testing, not legal limits"
ENV-0002914,M011,ENV-ST-M011-02,BOD,13.46,mg/L,,30,23.293514,81.357061,2026-08-27T14:00:00,DEMO_MONITORING_FEED,COMPLIANT,0,DEMO_CONFIGURATION,"Configured thresholds are synthetic for software testing, not legal limits"
ENV-0002915,M011,ENV-ST-M011-01,Oil_Grease,3.68,mg/L,,10,23.295037,81.356964,2026-08-27T22:00:00,DEMO_MONITORING_FEED,COMPLIANT,0,DEMO_CONFIGURATION,"Configured thresholds are synthetic for software testing, not legal limits"
ENV-0002916,M011,ENV-ST-M011-02,Noise,72.44,dB(A),,85,23.308492,81.346116,2026-08-27T22:00:00,DEMO_MONITORING_FEED,COMPLIANT,0,DEMO_CONFIGURATION,"Configured thresholds are synthetic for software testing, not legal limits"
ENV-0002917,M011,ENV-ST-M011-02,PM2.5,41.9,ug/m3,,60,23.295227,81.344198,2026-08-24T14:00:00,DEMO_MONITORING_FEED,COMPLIANT,0,DEMO_CONFIGURATION,"Configured thresholds are synthetic for software testing, not legal limits"
ENV-0002918,M011,ENV-ST-M011-03,PM10,79.15,ug/m3,,100,23.300204,81.351119,2026-08-24T06:00:00,DEMO_MONITORING_FEED,COMPLIANT,0,DEMO_CONFIGURATION,"Configured thresholds are synthetic for software testing, not legal limits"
ENV-0002919,M011,ENV-ST-M011-02,SO2,36.13,ug/m3,,80,23.297776,81.358805,2026-08-24T06:00:00,DEMO_MONITORING_FEED,COMPLIANT,0,DEMO_CONFIGURATION,"Configured thresholds are synthetic for software testing, not legal limits"
ENV-0002920,M011,ENV-ST-M011-01,NO2,40.14,ug/m3,,80,23.291638,81.350919,2026-08-24T14:00:00,DEMO_MONITORING_FEED,COMPLIANT,0,DEMO_CONFIGURATION,"Configured thresholds are synthetic for software testing, not legal limits"
ENV-0002921,M011,ENV-ST-M011-03,CO,1.18,mg/m3,,4,23.299423,81.34342,2026-08-24T14:00:00,DEMO_MONITORING_FEED,COMPLIANT,0,DEMO_CONFIGURATION,"Configured thresholds are synthetic for software testing, not legal limits"
ENV-0002922,M011,ENV-ST-M011-01,pH,7.33,pH,6.5,8.5,23.299841,81.352157,2026-08-24T14:00:00,DEMO_MONITORING_FEED,COMPLIANT,0,DEMO_CONFIGURATION,"Configured thresholds are synthetic for software testing, not legal limits"
ENV-0002923,M011,ENV-ST-M011-02,TSS,41.05,mg/L,,100,23.308552,81.340231,2026-08-24T14:00:00,DEMO_MONITORING_FEED,COMPLIANT,0,DEMO_CONFIGURATION,"Configured thresholds are synthetic for software testing, not legal limits"
ENV-0002924,M011,ENV-ST-M011-03,TDS,1001.43,mg/L,,2100,23.298937,81.345964,2026-08-24T06:00:00,DEMO_MONITORING_FEED,COMPLIANT,0,DEMO_CONFIGURATION,"Configured thresholds are synthetic for software testing, not legal limits"
ENV-0002925,M011,ENV-ST-M011-03,COD,77.04,mg/L,,250,23.299899,81.34238,2026-08-24T06:00:00,DEMO_MONITORING_FEED,COMPLIANT,0,DEMO_CONFIGURATION,"Configured thresholds are synthetic for software testing, not legal limits"
ENV-0002926,M011,ENV-ST-M011-01,BOD,14.07,mg/L,,30,23.294927,81.357025,2026-08-24T06:00:00,DEMO_MONITORING_FEED,COMPLIANT,0,DEMO_CONFIGURATION,"Configured thresholds are synthetic for software testing, not legal limits"
ENV-0002927,M011,ENV-ST-M011-01,Oil_Grease,2.93,mg/L,,10,23.307175,81.352124,2026-08-24T14:00:00,DEMO_MONITORING_FEED,COMPLIANT,0,DEMO_CONFIGURATION,"Configured thresholds are synthetic for software testing, not legal limits"
ENV-0002928,M011,ENV-ST-M011-02,Noise,61.15,dB(A),,85,23.302714,81.355945,2026-08-24T22:00:00,DEMO_MONITORING_FEED,COMPLIANT,0,DEMO_CONFIGURATION,"Configured thresholds are synthetic for software testing, not legal limits"
ENV-0002929,M011,ENV-ST-M011-02,PM2.5,30.62,ug/m3,,60,23.296107,81.345815,2026-08-21T22:00:00,DEMO_MONITORING_FEED,COMPLIANT,0,DEMO_CONFIGURATION,"Configured thresholds are synthetic for software testing, not legal limits"
ENV-0002930,M011,ENV-ST-M011-02,PM10,69.04,ug/m3,,100,23.300167,81.342846,2026-08-21T06:00:00,DEMO_MONITORING_FEED,COMPLIANT,0,DEMO_CONFIGURATION,"Configured thresholds are synthetic for software testing, not legal limits"
ENV-0002931,M011,ENV-ST-M011-03,SO2,19.14,ug/m3,,80,23.290351,81.348294,2026-08-21T14:00:00,DEMO_MONITORING_FEED,COMPLIANT,0,DEMO_CONFIGURATION,"Configured thresholds are synthetic for software testing, not legal limits"
ENV-0002932,M011,ENV-ST-M011-02,NO2,37.75,ug/m3,,80,23.305782,81.340906,2026-08-21T14:00:00,DEMO_MONITORING_FEED,COMPLIANT,0,DEMO_CONFIGURATION,"Configured thresholds are synthetic for software testing, not legal limits"
ENV-0002933,M011,ENV-ST-M011-01,CO,0.5,mg/m3,,4,23.300941,81.341824,2026-08-21T22:00:00,DEMO_MONITORING_FEED,COMPLIANT,0,DEMO_CONFIGURATION,"Configured thresholds are synthetic for software testing, not legal limits"
ENV-0002934,M011,ENV-ST-M011-03,pH,7.34,pH,6.5,8.5,23.295943,81.355038,2026-08-21T06:00:00,DEMO_MONITORING_FEED,COMPLIANT,0,DEMO_CONFIGURATION,"Configured thresholds are synthetic for software testing, not legal limits"
ENV-0002935,M011,ENV-ST-M011-03,TSS,53.61,mg/L,,100,23.30341,81.34152,2026-08-21T06:00:00,DEMO_MONITORING_FEED,COMPLIANT,0,DEMO_CONFIGURATION,"Configured thresholds are synthetic for software testing, not legal limits"
ENV-0002936,M011,ENV-ST-M011-02,TDS,609.06,mg/L,,2100,23.305867,81.358992,2026-08-21T22:00:00,DEMO_MONITORING_FEED,COMPLIANT,0,DEMO_CONFIGURATION,"Configured thresholds are synthetic for software testing, not legal limits"
ENV-0002937,M011,ENV-ST-M011-01,COD,104.5,mg/L,,250,23.304365,81.344454,2026-08-21T22:00:00,DEMO_MONITORING_FEED,COMPLIANT,0,DEMO_CONFIGURATION,"Configured thresholds are synthetic for software testing, not legal limits"
ENV-0002938,M011,ENV-ST-M011-02,BOD,17.69,mg/L,,30,23.299381,81.34905,2026-08-21T06:00:00,DEMO_MONITORING_FEED,COMPLIANT,0,DEMO_CONFIGURATION,"Configured thresholds are synthetic for software testing, not legal limits"
ENV-0002939,M011,ENV-ST-M011-02,Oil_Grease,4.14,mg/L,,10,23.290717,81.343114,2026-08-21T22:00:00,DEMO_MONITORING_FEED,COMPLIANT,0,DEMO_CONFIGURATION,"Configured thresholds are synthetic for software testing, not legal limits"
ENV-0002940,M011,ENV-ST-M011-02,Noise,68.0,dB(A),,85,23.307534,81.346902,2026-08-21T22:00:00,DEMO_MONITORING_FEED,COMPLIANT,0,DEMO_CONFIGURATION,"Configured thresholds are synthetic for software testing, not legal limits"
ENV-0002941,M011,ENV-ST-M011-01,PM2.5,39.55,ug/m3,,60,23.29025,81.346705,2026-08-18T22:00:00,DEMO_MONITORING_FEED,COMPLIANT,0,DEMO_CONFIGURATION,"Configured thresholds are synthetic for software testing, not legal limits"
ENV-0002942,M011,ENV-ST-M011-03,PM10,62.74,ug/m3,,100,23.306458,81.344641,2026-08-18T14:00:00,DEMO_MONITORING_FEED,COMPLIANT,0,DEMO_CONFIGURATION,"Configured thresholds are synthetic for software testing, not legal limits"
ENV-0002943,M011,ENV-ST-M011-01,SO2,30.9,ug/m3,,80,23.301221,81.342018,2026-08-18T06:00:00,DEMO_MONITORING_FEED,COMPLIANT,0,DEMO_CONFIGURATION,"Configured thresholds are synthetic for software testing, not legal limits"
ENV-0002944,M011,ENV-ST-M011-01,NO2,30.04,ug/m3,,80,23.294321,81.358259,2026-08-18T14:00:00,DEMO_MONITORING_FEED,COMPLIANT,0,DEMO_CONFIGURATION,"Configured thresholds are synthetic for software testing, not legal limits"
ENV-0002945,M011,ENV-ST-M011-02,CO,1.13,mg/m3,,4,23.302963,81.346122,2026-08-18T06:00:00,DEMO_MONITORING_FEED,COMPLIANT,0,DEMO_CONFIGURATION,"Configured thresholds are synthetic for software testing, not legal limits"
ENV-0002946,M011,ENV-ST-M011-01,pH,7.36,pH,6.5,8.5,23.303285,81.343323,2026-08-18T14:00:00,DEMO_MONITORING_FEED,COMPLIANT,0,DEMO_CONFIGURATION,"Configured thresholds are synthetic for software testing, not legal limits"
ENV-0002947,M011,ENV-ST-M011-02,TSS,44.78,mg/L,,100,23.302444,81.357437,2026-08-18T14:00:00,DEMO_MONITORING_FEED,COMPLIANT,0,DEMO_CONFIGURATION,"Configured thresholds are synthetic for software testing, not legal limits"
ENV-0002948,M011,ENV-ST-M011-01,TDS,858.23,mg/L,,2100,23.294017,81.346296,2026-08-18T06:00:00,DEMO_MONITORING_FEED,COMPLIANT,0,DEMO_CONFIGURATION,"Configured thresholds are synthetic for software testing, not legal limits"
ENV-0002949,M011,ENV-ST-M011-03,COD,118.19,mg/L,,250,23.300639,81.351888,2026-08-18T06:00:00,DEMO_MONITORING_FEED,COMPLIANT,0,DEMO_CONFIGURATION,"Configured thresholds are synthetic for software testing, not legal limits"
ENV-0002950,M011,ENV-ST-M011-03,BOD,13.65,mg/L,,30,23.300039,81.354227,2026-08-18T06:00:00,DEMO_MONITORING_FEED,COMPLIANT,0,DEMO_CONFIGURATION,"Configured thresholds are synthetic for software testing, not legal limits"
ENV-0002951,M011,ENV-ST-M011-02,Oil_Grease,4.19,mg/L,,10,23.292481,81.354259,2026-08-18T14:00:00,DEMO_MONITORING_FEED,COMPLIANT,0,DEMO_CONFIGURATION,"Configured thresholds are synthetic for software testing, not legal limits"
ENV-0002952,M011,ENV-ST-M011-01,Noise,67.48,dB(A),,85,23.293041,81.348047,2026-08-18T14:00:00,DEMO_MONITORING_FEED,COMPLIANT,0,DEMO_CONFIGURATION,"Configured thresholds are synthetic for software testing, not legal limits"
ENV-0002953,M011,ENV-ST-M011-03,PM2.5,27.68,ug/m3,,60,23.308069,81.350896,2026-08-15T14:00:00,DEMO_MONITORING_FEED,COMPLIANT,0,DEMO_CONFIGURATION,"Configured thresholds are synthetic for software testing, not legal limits"
ENV-0002954,M011,ENV-ST-M011-01,PM10,70.07,ug/m3,,100,23.303033,81.344543,2026-08-15T22:00:00,DEMO_MONITORING_FEED,COMPLIANT,0,DEMO_CONFIGURATION,"Configured thresholds are synthetic for software testing, not legal limits"
ENV-0002955,M011,ENV-ST-M011-02,SO2,22.18,ug/m3,,80,23.297554,81.359984,2026-08-15T22:00:00,DEMO_MONITORING_FEED,COMPLIANT,0,DEMO_CONFIGURATION,"Configured thresholds are synthetic for software testing, not legal limits"
ENV-0002956,M011,ENV-ST-M011-03,NO2,28.81,ug/m3,,80,23.304709,81.352902,2026-08-15T22:00:00,DEMO_MONITORING_FEED,COMPLIANT,0,DEMO_CONFIGURATION,"Configured thresholds are synthetic for software testing, not legal limits"
ENV-0002957,M011,ENV-ST-M011-01,CO,1.37,mg/m3,,4,23.301796,81.356096,2026-08-15T14:00:00,DEMO_MONITORING_FEED,COMPLIANT,0,DEMO_CONFIGURATION,"Configured thresholds are synthetic for software testing, not legal limits"
ENV-0002958,M011,ENV-ST-M011-03,pH,7.26,pH,6.5,8.5,23.30941,81.34516,2026-08-15T14:00:00,DEMO_MONITORING_FEED,COMPLIANT,0,DEMO_CONFIGURATION,"Configured thresholds are synthetic for software testing, not legal limits"
ENV-0002959,M011,ENV-ST-M011-03,TSS,58.35,mg/L,,100,23.307728,81.348781,2026-08-15T22:00:00,DEMO_MONITORING_FEED,COMPLIANT,0,DEMO_CONFIGURATION,"Configured thresholds are synthetic for software testing, not legal limits"
ENV-0002960,M011,ENV-ST-M011-03,TDS,481.88,mg/L,,2100,23.301096,81.357898,2026-08-15T22:00:00,DEMO_MONITORING_FEED,COMPLIANT,0,DEMO_CONFIGURATION,"Configured thresholds are synthetic for software testing, not legal limits"
ENV-0002961,M011,ENV-ST-M011-01,COD,129.29,mg/L,,250,23.295834,81.352931,2026-08-15T14:00:00,DEMO_MONITORING_FEED,COMPLIANT,0,DEMO_CONFIGURATION,"Configured thresholds are synthetic for software testing, not legal limits"
ENV-0002962,M011,ENV-ST-M011-01,BOD,13.48,mg/L,,30,23.29884,81.343494,2026-08-15T06:00:00,DEMO_MONITORING_FEED,COMPLIANT,0,DEMO_CONFIGURATION,"Configured thresholds are synthetic for software testing, not legal limits"
ENV-0002963,M011,ENV-ST-M011-03,Oil_Grease,5.08,mg/L,,10,23.300326,81.352066,2026-08-15T06:00:00,DEMO_MONITORING_FEED,COMPLIANT,0,DEMO_CONFIGURATION,"Configured thresholds are synthetic for software testing, not legal limits"
ENV-0002964,M011,ENV-ST-M011-02,Noise,72.72,dB(A),,85,23.297975,81.348145,2026-08-15T06:00:00,DEMO_MONITORING_FEED,COMPLIANT,0,DEMO_CONFIGURATION,"Configured thresholds are synthetic for software testing, not legal limits"
ENV-0002965,M011,ENV-ST-M011-03,PM2.5,31.02,ug/m3,,60,23.298569,81.345245,2026-08-12T14:00:00,DEMO_MONITORING_FEED,COMPLIANT,0,DEMO_CONFIGURATION,"Configured thresholds are synthetic for software testing, not legal limits"
ENV-0002966,M011,ENV-ST-M011-01,PM10,56.33,ug/m3,,100,23.2984,81.341828,2026-08-12T06:00:00,DEMO_MONITORING_FEED,COMPLIANT,0,DEMO_CONFIGURATION,"Configured thresholds are synthetic for software testing, not legal limits"
ENV-0002967,M011,ENV-ST-M011-02,SO2,24.62,ug/m3,,80,23.307446,81.34293,2026-08-12T22:00:00,DEMO_MONITORING_FEED,COMPLIANT,0,DEMO_CONFIGURATION,"Configured thresholds are synthetic for software testing, not legal limits"
ENV-0002968,M011,ENV-ST-M011-02,NO2,38.62,ug/m3,,80,23.309051,81.352977,2026-08-12T14:00:00,DEMO_MONITORING_FEED,COMPLIANT,0,DEMO_CONFIGURATION,"Configured thresholds are synthetic for software testing, not legal limits"
ENV-0002969,M011,ENV-ST-M011-02,CO,0.83,mg/m3,,4,23.306693,81.35565,2026-08-12T22:00:00,DEMO_MONITORING_FEED,COMPLIANT,0,DEMO_CONFIGURATION,"Configured thresholds are synthetic for software testing, not legal limits"
ENV-0002970,M011,ENV-ST-M011-02,pH,7.15,pH,6.5,8.5,23.309498,81.343862,2026-08-12T14:00:00,DEMO_MONITORING_FEED,COMPLIANT,0,DEMO_CONFIGURATION,"Configured thresholds are synthetic for software testing, not legal limits"
ENV-0002971,M011,ENV-ST-M011-01,TSS,48.79,mg/L,,100,23.292088,81.354907,2026-08-12T22:00:00,DEMO_MONITORING_FEED,COMPLIANT,0,DEMO_CONFIGURATION,"Configured thresholds are synthetic for software testing, not legal limits"
ENV-0002972,M011,ENV-ST-M011-01,TDS,797.1,mg/L,,2100,23.291176,81.352666,2026-08-12T22:00:00,DEMO_MONITORING_FEED,COMPLIANT,0,DEMO_CONFIGURATION,"Configured thresholds are synthetic for software testing, not legal limits"
ENV-0002973,M011,ENV-ST-M011-02,COD,140.61,mg/L,,250,23.293393,81.351819,2026-08-12T06:00:00,DEMO_MONITORING_FEED,COMPLIANT,0,DEMO_CONFIGURATION,"Configured thresholds are synthetic for software testing, not legal limits"
ENV-0002974,M011,ENV-ST-M011-01,BOD,14.97,mg/L,,30,23.299554,81.352235,2026-08-12T22:00:00,DEMO_MONITORING_FEED,COMPLIANT,0,DEMO_CONFIGURATION,"Configured thresholds are synthetic for software testing, not legal limits"
ENV-0002975,M011,ENV-ST-M011-02,Oil_Grease,2.42,mg/L,,10,23.30532,81.348079,2026-08-12T14:00:00,DEMO_MONITORING_FEED,COMPLIANT,0,DEMO_CONFIGURATION,"Configured thresholds are synthetic for software testing, not legal limits"
ENV-0002976,M011,ENV-ST-M011-03,Noise,56.47,dB(A),,85,23.30116,81.352474,2026-08-12T06:00:00,DEMO_MONITORING_FEED,COMPLIANT,0,DEMO_CONFIGURATION,"Configured thresholds are synthetic for software testing, not legal limits"
ENV-0002977,M011,ENV-ST-M011-01,PM2.5,27.76,ug/m3,,60,23.306197,81.35702,2026-08-09T06:00:00,DEMO_MONITORING_FEED,COMPLIANT,0,DEMO_CONFIGURATION,"Configured thresholds are synthetic for software testing, not legal limits"
ENV-0002978,M011,ENV-ST-M011-02,PM10,62.14,ug/m3,,100,23.302786,81.344763,2026-08-09T22:00:00,DEMO_MONITORING_FEED,COMPLIANT,0,DEMO_CONFIGURATION,"Configured thresholds are synthetic for software testing, not legal limits"
ENV-0002979,M011,ENV-ST-M011-02,SO2,36.25,ug/m3,,80,23.305413,81.352553,2026-08-09T06:00:00,DEMO_MONITORING_FEED,COMPLIANT,0,DEMO_CONFIGURATION,"Configured thresholds are synthetic for software testing, not legal limits"
ENV-0002980,M011,ENV-ST-M011-03,NO2,38.48,ug/m3,,80,23.294066,81.356323,2026-08-09T22:00:00,DEMO_MONITORING_FEED,COMPLIANT,0,DEMO_CONFIGURATION,"Configured thresholds are synthetic for software testing, not legal limits"
ENV-0002981,M011,ENV-ST-M011-02,CO,0.78,mg/m3,,4,23.304424,81.346186,2026-08-09T14:00:00,DEMO_MONITORING_FEED,COMPLIANT,0,DEMO_CONFIGURATION,"Configured thresholds are synthetic for software testing, not legal limits"
ENV-0002982,M011,ENV-ST-M011-03,pH,8.27,pH,6.5,8.5,23.295475,81.341355,2026-08-09T06:00:00,DEMO_MONITORING_FEED,COMPLIANT,0,DEMO_CONFIGURATION,"Configured thresholds are synthetic for software testing, not legal limits"
ENV-0002983,M011,ENV-ST-M011-01,TSS,46.24,mg/L,,100,23.306247,81.341041,2026-08-09T14:00:00,DEMO_MONITORING_FEED,COMPLIANT,0,DEMO_CONFIGURATION,"Configured thresholds are synthetic for software testing, not legal limits"
ENV-0002984,M011,ENV-ST-M011-03,TDS,1042.86,mg/L,,2100,23.290854,81.349762,2026-08-09T22:00:00,DEMO_MONITORING_FEED,COMPLIANT,0,DEMO_CONFIGURATION,"Configured thresholds are synthetic for software testing, not legal limits"
ENV-0002985,M011,ENV-ST-M011-01,COD,90.43,mg/L,,250,23.305379,81.357357,2026-08-09T06:00:00,DEMO_MONITORING_FEED,COMPLIANT,0,DEMO_CONFIGURATION,"Configured thresholds are synthetic for software testing, not legal limits"
ENV-0002986,M011,ENV-ST-M011-01,BOD,10.38,mg/L,,30,23.293054,81.349441,2026-08-09T22:00:00,DEMO_MONITORING_FEED,COMPLIANT,0,DEMO_CONFIGURATION,"Configured thresholds are synthetic for software testing, not legal limits"
ENV-0002987,M011,ENV-ST-M011-03,Oil_Grease,3.66,mg/L,,10,23.290667,81.354197,2026-08-09T14:00:00,DEMO_MONITORING_FEED,COMPLIANT,0,DEMO_CONFIGURATION,"Configured thresholds are synthetic for software testing, not legal limits"
ENV-0002988,M011,ENV-ST-M011-01,Noise,67.31,dB(A),,85,23.295697,81.347585,2026-08-09T06:00:00,DEMO_MONITORING_FEED,COMPLIANT,0,DEMO_CONFIGURATION,"Configured thresholds are synthetic for software testing, not legal limits"
ENV-0002989,M011,ENV-ST-M011-03,PM2.5,34.32,ug/m3,,60,23.298193,81.349683,2026-08-06T14:00:00,DEMO_MONITORING_FEED,COMPLIANT,0,DEMO_CONFIGURATION,"Configured thresholds are synthetic for software testing, not legal limits"
ENV-0002990,M011,ENV-ST-M011-03,PM10,59.54,ug/m3,,100,23.295856,81.358075,2026-08-06T06:00:00,DEMO_MONITORING_FEED,COMPLIANT,0,DEMO_CONFIGURATION,"Configured thresholds are synthetic for software testing, not legal limits"
ENV-0002991,M011,ENV-ST-M011-03,SO2,35.51,ug/m3,,80,23.291799,81.350553,2026-08-06T22:00:00,DEMO_MONITORING_FEED,COMPLIANT,0,DEMO_CONFIGURATION,"Configured thresholds are synthetic for software testing, not legal limits"
ENV-0002992,M011,ENV-ST-M011-02,NO2,35.27,ug/m3,,80,23.291888,81.349888,2026-08-06T06:00:00,DEMO_MONITORING_FEED,COMPLIANT,0,DEMO_CONFIGURATION,"Configured thresholds are synthetic for software testing, not legal limits"
ENV-0002993,M011,ENV-ST-M011-01,CO,0.33,mg/m3,,4,23.295809,81.357183,2026-08-06T14:00:00,DEMO_MONITORING_FEED,COMPLIANT,0,DEMO_CONFIGURATION,"Configured thresholds are synthetic for software testing, not legal limits"
ENV-0002994,M011,ENV-ST-M011-03,pH,6.84,pH,6.5,8.5,23.303636,81.348306,2026-08-06T22:00:00,DEMO_MONITORING_FEED,COMPLIANT,0,DEMO_CONFIGURATION,"Configured thresholds are synthetic for software testing, not legal limits"
ENV-0002995,M011,ENV-ST-M011-01,TSS,60.77,mg/L,,100,23.304217,81.357521,2026-08-06T22:00:00,DEMO_MONITORING_FEED,COMPLIANT,0,DEMO_CONFIGURATION,"Configured thresholds are synthetic for software testing, not legal limits"
ENV-0002996,M011,ENV-ST-M011-01,TDS,752.57,mg/L,,2100,23.29614,81.348487,2026-08-06T06:00:00,DEMO_MONITORING_FEED,COMPLIANT,0,DEMO_CONFIGURATION,"Configured thresholds are synthetic for software testing, not legal limits"
ENV-0002997,M011,ENV-ST-M011-02,COD,122.54,mg/L,,250,23.294547,81.354585,2026-08-06T14:00:00,DEMO_MONITORING_FEED,COMPLIANT,0,DEMO_CONFIGURATION,"Configured thresholds are synthetic for software testing, not legal limits"
ENV-0002998,M011,ENV-ST-M011-03,BOD,16.77,mg/L,,30,23.300786,81.35484,2026-08-06T14:00:00,DEMO_MONITORING_FEED,COMPLIANT,0,DEMO_CONFIGURATION,"Configured thresholds are synthetic for software testing, not legal limits"
ENV-0002999,M011,ENV-ST-M011-02,Oil_Grease,3.22,mg/L,,10,23.295672,81.342345,2026-08-06T14:00:00,DEMO_MONITORING_FEED,COMPLIANT,0,DEMO_CONFIGURATION,"Configured thresholds are synthetic for software testing, not legal limits"
ENV-0003000,M011,ENV-ST-M011-02,Noise,59.92,dB(A),,85,23.309575,81.348395,2026-08-06T14:00:00,DEMO_MONITORING_FEED,COMPLIANT,0,DEMO_CONFIGURATION,"Configured thresholds are synthetic for software testing, not legal limits"
ENV-0003001,M011,ENV-ST-M011-03,PM2.5,31.69,ug/m3,,60,23.302306,81.353605,2026-08-03T06:00:00,DEMO_MONITORING_FEED,COMPLIANT,0,DEMO_CONFIGURATION,"Configured thresholds are synthetic for software testing, not legal limits"
ENV-0003002,M011,ENV-ST-M011-03,PM10,46.89,ug/m3,,100,23.301603,81.35036,2026-08-03T22:00:00,DEMO_MONITORING_FEED,COMPLIANT,0,DEMO_CONFIGURATION,"Configured thresholds are synthetic for software testing, not legal limits"
ENV-0003003,M011,ENV-ST-M011-03,SO2,27.29,ug/m3,,80,23.307323,81.353646,2026-08-03T14:00:00,DEMO_MONITORING_FEED,COMPLIANT,0,DEMO_CONFIGURATION,"Configured thresholds are synthetic for software testing, not legal limits"
ENV-0003004,M011,ENV-ST-M011-01,NO2,28.76,ug/m3,,80,23.305291,81.349304,2026-08-03T06:00:00,DEMO_MONITORING_FEED,COMPLIANT,0,DEMO_CONFIGURATION,"Configured thresholds are synthetic for software testing, not legal limits"
ENV-0003005,M011,ENV-ST-M011-02,CO,0.79,mg/m3,,4,23.294508,81.35507,2026-08-03T06:00:00,DEMO_MONITORING_FEED,COMPLIANT,0,DEMO_CONFIGURATION,"Configured thresholds are synthetic for software testing, not legal limits"
ENV-0003006,M011,ENV-ST-M011-02,pH,6.57,pH,6.5,8.5,23.309595,81.341328,2026-08-03T06:00:00,DEMO_MONITORING_FEED,COMPLIANT,0,DEMO_CONFIGURATION,"Configured thresholds are synthetic for software testing, not legal limits"
ENV-0003007,M011,ENV-ST-M011-03,TSS,53.55,mg/L,,100,23.291902,81.345686,2026-08-03T14:00:00,DEMO_MONITORING_FEED,COMPLIANT,0,DEMO_CONFIGURATION,"Configured thresholds are synthetic for software testing, not legal limits"
ENV-0003008,M011,ENV-ST-M011-01,TDS,971.43,mg/L,,2100,23.295229,81.359043,2026-08-03T22:00:00,DEMO_MONITORING_FEED,COMPLIANT,0,DEMO_CONFIGURATION,"Configured thresholds are synthetic for software testing, not legal limits"
ENV-0003009,M011,ENV-ST-M011-03,COD,83.47,mg/L,,250,23.296427,81.355484,2026-08-03T22:00:00,DEMO_MONITORING_FEED,COMPLIANT,0,DEMO_CONFIGURATION,"Configured thresholds are synthetic for software testing, not legal limits"
ENV-0003010,M011,ENV-ST-M011-03,BOD,14.26,mg/L,,30,23.30298,81.346653,2026-08-03T22:00:00,DEMO_MONITORING_FEED,COMPLIANT,0,DEMO_CONFIGURATION,"Configured thresholds are synthetic for software testing, not legal limits"
ENV-0003011,M011,ENV-ST-M011-01,Oil_Grease,4.23,mg/L,,10,23.294199,81.357417,2026-08-03T06:00:00,DEMO_MONITORING_FEED,COMPLIANT,0,DEMO_CONFIGURATION,"Configured thresholds are synthetic for software testing, not legal limits"
ENV-0003012,M011,ENV-ST-M011-02,Noise,57.67,dB(A),,85,23.294321,81.344886,2026-08-03T22:00:00,DEMO_MONITORING_FEED,COMPLIANT,0,DEMO_CONFIGURATION,"Configured thresholds are synthetic for software testing, not legal limits"
ENV-0003013,M011,ENV-ST-M011-01,PM2.5,26.21,ug/m3,,60,23.295148,81.34393,2026-07-31T06:00:00,DEMO_MONITORING_FEED,COMPLIANT,0,DEMO_CONFIGURATION,"Configured thresholds are synthetic for software testing, not legal limits"
ENV-0003014,M011,ENV-ST-M011-02,PM10,74.58,ug/m3,,100,23.29168,81.357962,2026-07-31T06:00:00,DEMO_MONITORING_FEED,COMPLIANT,0,DEMO_CONFIGURATION,"Configured thresholds are synthetic for software testing, not legal limits"
ENV-0003015,M011,ENV-ST-M011-01,SO2,26.99,ug/m3,,80,23.30176,81.345963,2026-07-31T22:00:00,DEMO_MONITORING_FEED,COMPLIANT,0,DEMO_CONFIGURATION,"Configured thresholds are synthetic for software testing, not legal limits"
ENV-0003016,M011,ENV-ST-M011-03,NO2,33.0,ug/m3,,80,23.302888,81.348219,2026-07-31T06:00:00,DEMO_MONITORING_FEED,COMPLIANT,0,DEMO_CONFIGURATION,"Configured thresholds are synthetic for software testing, not legal limits"
ENV-0003017,M011,ENV-ST-M011-02,CO,0.91,mg/m3,,4,23.309512,81.340134,2026-07-31T14:00:00,DEMO_MONITORING_FEED,COMPLIANT,0,DEMO_CONFIGURATION,"Configured thresholds are synthetic for software testing, not legal limits"
ENV-0003018,M011,ENV-ST-M011-02,pH,7.14,pH,6.5,8.5,23.303104,81.34254,2026-07-31T22:00:00,DEMO_MONITORING_FEED,COMPLIANT,0,DEMO_CONFIGURATION,"Configured thresholds are synthetic for software testing, not legal limits"
ENV-0003019,M011,ENV-ST-M011-03,TSS,53.86,mg/L,,100,23.307615,81.346771,2026-07-31T06:00:00,DEMO_MONITORING_FEED,COMPLIANT,0,DEMO_CONFIGURATION,"Configured thresholds are synthetic for software testing, not legal limits"
ENV-0003020,M011,ENV-ST-M011-01,TDS,1027.38,mg/L,,2100,23.293906,81.345421,2026-07-31T06:00:00,DEMO_MONITORING_FEED,COMPLIANT,0,DEMO_CONFIGURATION,"Configured thresholds are synthetic for software testing, not legal limits"
ENV-0003021,M011,ENV-ST-M011-02,COD,124.76,mg/L,,250,23.29884,81.3458,2026-07-31T14:00:00,DEMO_MONITORING_FEED,COMPLIANT,0,DEMO_CONFIGURATION,"Configured thresholds are synthetic for software testing, not legal limits"
ENV-0003022,M011,ENV-ST-M011-02,BOD,13.83,mg/L,,30,23.290984,81.356895,2026-07-31T22:00:00,DEMO_MONITORING_FEED,COMPLIANT,0,DEMO_CONFIGURATION,"Configured thresholds are synthetic for software testing, not legal limits"
ENV-0003023,M011,ENV-ST-M011-02,Oil_Grease,2.19,mg/L,,10,23.301651,81.357649,2026-07-31T14:00:00,DEMO_MONITORING_FEED,COMPLIANT,0,DEMO_CONFIGURATION,"Configured thresholds are synthetic for software testing, not legal limits"
ENV-0003024,M011,ENV-ST-M011-01,Noise,70.8,dB(A),,85,23.302116,81.350315,2026-07-31T22:00:00,DEMO_MONITORING_FEED,COMPLIANT,0,DEMO_CONFIGURATION,"Configured thresholds are synthetic for software testing, not legal limits"
ENV-0003025,M011,ENV-ST-M011-03,PM2.5,24.1,ug/m3,,60,23.309833,81.342254,2026-07-28T14:00:00,DEMO_MONITORING_FEED,COMPLIANT,0,DEMO_CONFIGURATION,"Configured thresholds are synthetic for software testing, not legal limits"
ENV-0003026,M011,ENV-ST-M011-02,PM10,62.17,ug/m3,,100,23.303294,81.350032,2026-07-28T22:00:00,DEMO_MONITORING_FEED,COMPLIANT,0,DEMO_CONFIGURATION,"Configured thresholds are synthetic for software testing, not legal limits"
ENV-0003027,M011,ENV-ST-M011-01,SO2,37.67,ug/m3,,80,23.294568,81.357418,2026-07-28T14:00:00,DEMO_MONITORING_FEED,COMPLIANT,0,DEMO_CONFIGURATION,"Configured thresholds are synthetic for software testing, not legal limits"
ENV-0003028,M011,ENV-ST-M011-02,NO2,35.76,ug/m3,,80,23.302425,81.340659,2026-07-28T14:00:00,DEMO_MONITORING_FEED,COMPLIANT,0,DEMO_CONFIGURATION,"Configured thresholds are synthetic for software testing, not legal limits"
ENV-0003029,M011,ENV-ST-M011-02,CO,0.85,mg/m3,,4,23.306157,81.345568,2026-07-28T14:00:00,DEMO_MONITORING_FEED,COMPLIANT,0,DEMO_CONFIGURATION,"Configured thresholds are synthetic for software testing, not legal limits"
ENV-0003030,M011,ENV-ST-M011-03,pH,7.25,pH,6.5,8.5,23.295474,81.348826,2026-07-28T06:00:00,DEMO_MONITORING_FEED,COMPLIANT,0,DEMO_CONFIGURATION,"Configured thresholds are synthetic for software testing, not legal limits"
ENV-0003031,M011,ENV-ST-M011-01,TSS,38.63,mg/L,,100,23.297085,81.356258,2026-07-28T22:00:00,DEMO_MONITORING_FEED,COMPLIANT,0,DEMO_CONFIGURATION,"Configured thresholds are synthetic for software testing, not legal limits"
ENV-0003032,M011,ENV-ST-M011-01,TDS,811.87,mg/L,,2100,23.295305,81.357509,2026-07-28T06:00:00,DEMO_MONITORING_FEED,COMPLIANT,0,DEMO_CONFIGURATION,"Configured thresholds are synthetic for software testing, not legal limits"
ENV-0003033,M011,ENV-ST-M011-02,COD,69.56,mg/L,,250,23.297212,81.340516,2026-07-28T06:00:00,DEMO_MONITORING_FEED,COMPLIANT,0,DEMO_CONFIGURATION,"Configured thresholds are synthetic for software testing, not legal limits"
ENV-0003034,M011,ENV-ST-M011-02,BOD,15.37,mg/L,,30,23.303387,81.347948,2026-07-28T22:00:00,DEMO_MONITORING_FEED,COMPLIANT,0,DEMO_CONFIGURATION,"Configured thresholds are synthetic for software testing, not legal limits"
ENV-0003035,M011,ENV-ST-M011-01,Oil_Grease,4.19,mg/L,,10,23.292198,81.353741,2026-07-28T06:00:00,DEMO_MONITORING_FEED,COMPLIANT,0,DEMO_CONFIGURATION,"Configured thresholds are synthetic for software testing, not legal limits"
ENV-0003036,M011,ENV-ST-M011-02,Noise,77.28,dB(A),,85,23.294059,81.348052,2026-07-28T14:00:00,DEMO_MONITORING_FEED,COMPLIANT,0,DEMO_CONFIGURATION,"Configured thresholds are synthetic for software testing, not legal limits"
ENV-0003037,M011,ENV-ST-M011-01,PM2.5,35.36,ug/m3,,60,23.308922,81.354484,2026-07-25T22:00:00,DEMO_MONITORING_FEED,COMPLIANT,0,DEMO_CONFIGURATION,"Configured thresholds are synthetic for software testing, not legal limits"
ENV-0003038,M011,ENV-ST-M011-02,PM10,75.07,ug/m3,,100,23.295977,81.351183,2026-07-25T22:00:00,DEMO_MONITORING_FEED,COMPLIANT,0,DEMO_CONFIGURATION,"Configured thresholds are synthetic for software testing, not legal limits"
ENV-0003039,M011,ENV-ST-M011-01,SO2,35.91,ug/m3,,80,23.301583,81.345284,2026-07-25T14:00:00,DEMO_MONITORING_FEED,COMPLIANT,0,DEMO_CONFIGURATION,"Configured thresholds are synthetic for software testing, not legal limits"
ENV-0003040,M011,ENV-ST-M011-02,NO2,13.65,ug/m3,,80,23.299535,81.358809,2026-07-25T06:00:00,DEMO_MONITORING_FEED,COMPLIANT,0,DEMO_CONFIGURATION,"Configured thresholds are synthetic for software testing, not legal limits"
ENV-0003041,M011,ENV-ST-M011-02,CO,0.85,mg/m3,,4,23.295564,81.344939,2026-07-25T14:00:00,DEMO_MONITORING_FEED,COMPLIANT,0,DEMO_CONFIGURATION,"Configured thresholds are synthetic for software testing, not legal limits"
ENV-0003042,M011,ENV-ST-M011-01,pH,6.79,pH,6.5,8.5,23.295189,81.342556,2026-07-25T22:00:00,DEMO_MONITORING_FEED,COMPLIANT,0,DEMO_CONFIGURATION,"Configured thresholds are synthetic for software testing, not legal limits"
ENV-0003043,M011,ENV-ST-M011-01,TSS,40.14,mg/L,,100,23.303414,81.357175,2026-07-25T06:00:00,DEMO_MONITORING_FEED,COMPLIANT,0,DEMO_CONFIGURATION,"Configured thresholds are synthetic for software testing, not legal limits"
ENV-0003044,M011,ENV-ST-M011-01,TDS,602.52,mg/L,,2100,23.292753,81.34713,2026-07-25T22:00:00,DEMO_MONITORING_FEED,COMPLIANT,0,DEMO_CONFIGURATION,"Configured thresholds are synthetic for software testing, not legal limits"
ENV-0003045,M011,ENV-ST-M011-02,COD,143.66,mg/L,,250,23.297191,81.352364,2026-07-25T22:00:00,DEMO_MONITORING_FEED,COMPLIANT,0,DEMO_CONFIGURATION,"Configured thresholds are synthetic for software testing, not legal limits"
ENV-0003046,M011,ENV-ST-M011-03,BOD,14.09,mg/L,,30,23.291241,81.343336,2026-07-25T06:00:00,DEMO_MONITORING_FEED,COMPLIANT,0,DEMO_CONFIGURATION,"Configured thresholds are synthetic for software testing, not legal limits"
ENV-0003047,M011,ENV-ST-M011-01,Oil_Grease,3.05,mg/L,,10,23.306776,81.342401,2026-07-25T06:00:00,DEMO_MONITORING_FEED,COMPLIANT,0,DEMO_CONFIGURATION,"Configured thresholds are synthetic for software testing, not legal limits"
ENV-0003048,M011,ENV-ST-M011-01,Noise,65.82,dB(A),,85,23.293264,81.349809,2026-07-25T06:00:00,DEMO_MONITORING_FEED,COMPLIANT,0,DEMO_CONFIGURATION,"Configured thresholds are synthetic for software testing, not legal limits"
ENV-0003049,M011,ENV-ST-M011-02,PM2.5,37.39,ug/m3,,60,23.298973,81.341324,2026-07-22T22:00:00,DEMO_MONITORING_FEED,COMPLIANT,0,DEMO_CONFIGURATION,"Configured thresholds are synthetic for software testing, not legal limits"
ENV-0003050,M011,ENV-ST-M011-03,PM10,67.55,ug/m3,,100,23.298698,81.343417,2026-07-22T22:00:00,DEMO_MONITORING_FEED,COMPLIANT,0,DEMO_CONFIGURATION,"Configured thresholds are synthetic for software testing, not legal limits"
ENV-0003051,M011,ENV-ST-M011-01,SO2,18.49,ug/m3,,80,23.299185,81.340091,2026-07-22T06:00:00,DEMO_MONITORING_FEED,COMPLIANT,0,DEMO_CONFIGURATION,"Configured thresholds are synthetic for software testing, not legal limits"
ENV-0003052,M011,ENV-ST-M011-03,NO2,27.33,ug/m3,,80,23.301558,81.34549,2026-07-22T22:00:00,DEMO_MONITORING_FEED,COMPLIANT,0,DEMO_CONFIGURATION,"Configured thresholds are synthetic for software testing, not legal limits"
ENV-0003053,M011,ENV-ST-M011-01,CO,0.46,mg/m3,,4,23.307168,81.351993,2026-07-22T06:00:00,DEMO_MONITORING_FEED,COMPLIANT,0,DEMO_CONFIGURATION,"Configured thresholds are synthetic for software testing, not legal limits"
ENV-0003054,M011,ENV-ST-M011-02,pH,7.92,pH,6.5,8.5,23.295424,81.34265,2026-07-22T06:00:00,DEMO_MONITORING_FEED,COMPLIANT,0,DEMO_CONFIGURATION,"Configured thresholds are synthetic for software testing, not legal limits"
ENV-0003055,M011,ENV-ST-M011-03,TSS,49.93,mg/L,,100,23.299136,81.344909,2026-07-22T22:00:00,DEMO_MONITORING_FEED,COMPLIANT,0,DEMO_CONFIGURATION,"Configured thresholds are synthetic for software testing, not legal limits"
ENV-0003056,M011,ENV-ST-M011-03,TDS,850.39,mg/L,,2100,23.309602,81.35886,2026-07-22T22:00:00,DEMO_MONITORING_FEED,COMPLIANT,0,DEMO_CONFIGURATION,"Configured thresholds are synthetic for software testing, not legal limits"
ENV-0003057,M011,ENV-ST-M011-01,COD,107.51,mg/L,,250,23.308198,81.345773,2026-07-22T06:00:00,DEMO_MONITORING_FEED,COMPLIANT,0,DEMO_CONFIGURATION,"Configured thresholds are synthetic for software testing, not legal limits"
ENV-0003058,M011,ENV-ST-M011-03,BOD,12.66,mg/L,,30,23.299608,81.354066,2026-07-22T14:00:00,DEMO_MONITORING_FEED,COMPLIANT,0,DEMO_CONFIGURATION,"Configured thresholds are synthetic for software testing, not legal limits"
ENV-0003059,M011,ENV-ST-M011-01,Oil_Grease,2.65,mg/L,,10,23.308335,81.355946,2026-07-22T06:00:00,DEMO_MONITORING_FEED,COMPLIANT,0,DEMO_CONFIGURATION,"Configured thresholds are synthetic for software testing, not legal limits"
ENV-0003060,M011,ENV-ST-M011-02,Noise,68.1,dB(A),,85,23.296872,81.358116,2026-07-22T14:00:00,DEMO_MONITORING_FEED,COMPLIANT,0,DEMO_CONFIGURATION,"Configured thresholds are synthetic for software testing, not legal limits"
ENV-0003061,M011,ENV-ST-M011-01,PM2.5,23.48,ug/m3,,60,23.293627,81.359029,2026-07-19T06:00:00,DEMO_MONITORING_FEED,COMPLIANT,0,DEMO_CONFIGURATION,"Configured thresholds are synthetic for software testing, not legal limits"
ENV-0003062,M011,ENV-ST-M011-01,PM10,76.55,ug/m3,,100,23.292346,81.340733,2026-07-19T22:00:00,DEMO_MONITORING_FEED,COMPLIANT,0,DEMO_CONFIGURATION,"Configured thresholds are synthetic for software testing, not legal limits"
ENV-0003063,M011,ENV-ST-M011-01,SO2,27.26,ug/m3,,80,23.298813,81.34705,2026-07-19T14:00:00,DEMO_MONITORING_FEED,COMPLIANT,0,DEMO_CONFIGURATION,"Configured thresholds are synthetic for software testing, not legal limits"
ENV-0003064,M011,ENV-ST-M011-02,NO2,41.65,ug/m3,,80,23.292093,81.347637,2026-07-19T06:00:00,DEMO_MONITORING_FEED,COMPLIANT,0,DEMO_CONFIGURATION,"Configured thresholds are synthetic for software testing, not legal limits"
ENV-0003065,M011,ENV-ST-M011-01,CO,0.64,mg/m3,,4,23.294623,81.341939,2026-07-19T06:00:00,DEMO_MONITORING_FEED,COMPLIANT,0,DEMO_CONFIGURATION,"Configured thresholds are synthetic for software testing, not legal limits"
ENV-0003066,M011,ENV-ST-M011-03,pH,6.41,pH,6.5,8.5,23.291173,81.341222,2026-07-19T14:00:00,DEMO_MONITORING_FEED,EXCEEDED,4.5,DEMO_CONFIGURATION,"Configured thresholds are synthetic for software testing, not legal limits"
ENV-0003067,M011,ENV-ST-M011-02,TSS,46.38,mg/L,,100,23.293394,81.344444,2026-07-19T22:00:00,DEMO_MONITORING_FEED,COMPLIANT,0,DEMO_CONFIGURATION,"Configured thresholds are synthetic for software testing, not legal limits"
ENV-0003068,M011,ENV-ST-M011-03,TDS,881.52,mg/L,,2100,23.302032,81.345261,2026-07-19T22:00:00,DEMO_MONITORING_FEED,COMPLIANT,0,DEMO_CONFIGURATION,"Configured thresholds are synthetic for software testing, not legal limits"
ENV-0003069,M011,ENV-ST-M011-01,COD,49.47,mg/L,,250,23.307802,81.349652,2026-07-19T06:00:00,DEMO_MONITORING_FEED,COMPLIANT,0,DEMO_CONFIGURATION,"Configured thresholds are synthetic for software testing, not legal limits"
ENV-0003070,M011,ENV-ST-M011-01,BOD,9.56,mg/L,,30,23.306206,81.349194,2026-07-19T22:00:00,DEMO_MONITORING_FEED,COMPLIANT,0,DEMO_CONFIGURATION,"Configured thresholds are synthetic for software testing, not legal limits"
ENV-0003071,M011,ENV-ST-M011-03,Oil_Grease,3.08,mg/L,,10,23.304126,81.346966,2026-07-19T22:00:00,DEMO_MONITORING_FEED,COMPLIANT,0,DEMO_CONFIGURATION,"Configured thresholds are synthetic for software testing, not legal limits"
ENV-0003072,M011,ENV-ST-M011-03,Noise,66.77,dB(A),,85,23.307419,81.35429,2026-07-19T06:00:00,DEMO_MONITORING_FEED,COMPLIANT,0,DEMO_CONFIGURATION,"Configured thresholds are synthetic for software testing, not legal limits"
ENV-0003073,M011,ENV-ST-M011-01,PM2.5,38.49,ug/m3,,60,23.302007,81.341534,2026-07-16T14:00:00,DEMO_MONITORING_FEED,COMPLIANT,0,DEMO_CONFIGURATION,"Configured thresholds are synthetic for software testing, not legal limits"
ENV-0003074,M011,ENV-ST-M011-03,PM10,54.17,ug/m3,,100,23.307285,81.35302,2026-07-16T06:00:00,DEMO_MONITORING_FEED,COMPLIANT,0,DEMO_CONFIGURATION,"Configured thresholds are synthetic for software testing, not legal limits"
ENV-0003075,M011,ENV-ST-M011-01,SO2,46.59,ug/m3,,80,23.294436,81.358738,2026-07-16T22:00:00,DEMO_MONITORING_FEED,COMPLIANT,0,DEMO_CONFIGURATION,"Configured thresholds are synthetic for software testing, not legal limits"
ENV-0003076,M011,ENV-ST-M011-03,NO2,28.51,ug/m3,,80,23.298722,81.356698,2026-07-16T06:00:00,DEMO_MONITORING_FEED,COMPLIANT,0,DEMO_CONFIGURATION,"Configured thresholds are synthetic for software testing, not legal limits"
ENV-0003077,M011,ENV-ST-M011-02,CO,0.77,mg/m3,,4,23.298683,81.358875,2026-07-16T14:00:00,DEMO_MONITORING_FEED,COMPLIANT,0,DEMO_CONFIGURATION,"Configured thresholds are synthetic for software testing, not legal limits"
ENV-0003078,M011,ENV-ST-M011-01,pH,7.13,pH,6.5,8.5,23.301471,81.357381,2026-07-16T06:00:00,DEMO_MONITORING_FEED,COMPLIANT,0,DEMO_CONFIGURATION,"Configured thresholds are synthetic for software testing, not legal limits"
ENV-0003079,M011,ENV-ST-M011-01,TSS,67.2,mg/L,,100,23.303347,81.34265,2026-07-16T22:00:00,DEMO_MONITORING_FEED,COMPLIANT,0,DEMO_CONFIGURATION,"Configured thresholds are synthetic for software testing, not legal limits"
ENV-0003080,M011,ENV-ST-M011-03,TDS,785.2,mg/L,,2100,23.299379,81.350625,2026-07-16T06:00:00,DEMO_MONITORING_FEED,COMPLIANT,0,DEMO_CONFIGURATION,"Configured thresholds are synthetic for software testing, not legal limits"
ENV-0003081,M011,ENV-ST-M011-01,COD,118.0,mg/L,,250,23.296459,81.354084,2026-07-16T22:00:00,DEMO_MONITORING_FEED,COMPLIANT,0,DEMO_CONFIGURATION,"Configured thresholds are synthetic for software testing, not legal limits"
ENV-0003082,M011,ENV-ST-M011-03,BOD,13.38,mg/L,,30,23.305751,81.344761,2026-07-16T22:00:00,DEMO_MONITORING_FEED,COMPLIANT,0,DEMO_CONFIGURATION,"Configured thresholds are synthetic for software testing, not legal limits"
ENV-0003083,M011,ENV-ST-M011-02,Oil_Grease,4.03,mg/L,,10,23.293707,81.350906,2026-07-16T14:00:00,DEMO_MONITORING_FEED,COMPLIANT,0,DEMO_CONFIGURATION,"Configured thresholds are synthetic for software testing, not legal limits"
ENV-0003084,M011,ENV-ST-M011-02,Noise,55.43,dB(A),,85,23.29403,81.357285,2026-07-16T22:00:00,DEMO_MONITORING_FEED,COMPLIANT,0,DEMO_CONFIGURATION,"Configured thresholds are synthetic for software testing, not legal limits"
ENV-0003085,M011,ENV-ST-M011-01,PM2.5,22.46,ug/m3,,60,23.300947,81.353035,2026-07-13T22:00:00,DEMO_MONITORING_FEED,COMPLIANT,0,DEMO_CONFIGURATION,"Configured thresholds are synthetic for software testing, not legal limits"
ENV-0003086,M011,ENV-ST-M011-01,PM10,56.81,ug/m3,,100,23.295457,81.35059,2026-07-13T22:00:00,DEMO_MONITORING_FEED,COMPLIANT,0,DEMO_CONFIGURATION,"Configured thresholds are synthetic for software testing, not legal limits"
ENV-0003087,M011,ENV-ST-M011-01,SO2,33.54,ug/m3,,80,23.30248,81.358514,2026-07-13T14:00:00,DEMO_MONITORING_FEED,COMPLIANT,0,DEMO_CONFIGURATION,"Configured thresholds are synthetic for software testing, not legal limits"
ENV-0003088,M011,ENV-ST-M011-02,NO2,29.36,ug/m3,,80,23.301077,81.357787,2026-07-13T14:00:00,DEMO_MONITORING_FEED,COMPLIANT,0,DEMO_CONFIGURATION,"Configured thresholds are synthetic for software testing, not legal limits"
ENV-0003089,M011,ENV-ST-M011-03,CO,1.01,mg/m3,,4,23.304804,81.352474,2026-07-13T06:00:00,DEMO_MONITORING_FEED,COMPLIANT,0,DEMO_CONFIGURATION,"Configured thresholds are synthetic for software testing, not legal limits"
ENV-0003090,M011,ENV-ST-M011-02,pH,6.73,pH,6.5,8.5,23.304945,81.342578,2026-07-13T06:00:00,DEMO_MONITORING_FEED,COMPLIANT,0,DEMO_CONFIGURATION,"Configured thresholds are synthetic for software testing, not legal limits"
ENV-0003091,M011,ENV-ST-M011-02,TSS,54.77,mg/L,,100,23.295649,81.342849,2026-07-13T06:00:00,DEMO_MONITORING_FEED,COMPLIANT,0,DEMO_CONFIGURATION,"Configured thresholds are synthetic for software testing, not legal limits"
ENV-0003092,M011,ENV-ST-M011-02,TDS,891.09,mg/L,,2100,23.294293,81.346026,2026-07-13T14:00:00,DEMO_MONITORING_FEED,COMPLIANT,0,DEMO_CONFIGURATION,"Configured thresholds are synthetic for software testing, not legal limits"
ENV-0003093,M011,ENV-ST-M011-01,COD,111.67,mg/L,,250,23.298713,81.343212,2026-07-13T06:00:00,DEMO_MONITORING_FEED,COMPLIANT,0,DEMO_CONFIGURATION,"Configured thresholds are synthetic for software testing, not legal limits"
ENV-0003094,M011,ENV-ST-M011-03,BOD,17.08,mg/L,,30,23.290404,81.350843,2026-07-13T22:00:00,DEMO_MONITORING_FEED,COMPLIANT,0,DEMO_CONFIGURATION,"Configured thresholds are synthetic for software testing, not legal limits"
ENV-0003095,M011,ENV-ST-M011-01,Oil_Grease,2.62,mg/L,,10,23.305296,81.345616,2026-07-13T22:00:00,DEMO_MONITORING_FEED,COMPLIANT,0,DEMO_CONFIGURATION,"Configured thresholds are synthetic for software testing, not legal limits"
ENV-0003096,M011,ENV-ST-M011-02,Noise,76.56,dB(A),,85,23.305507,81.340649,2026-07-13T06:00:00,DEMO_MONITORING_FEED,COMPLIANT,0,DEMO_CONFIGURATION,"Configured thresholds are synthetic for software testing, not legal limits"
ENV-0003097,M011,ENV-ST-M011-03,PM2.5,29.63,ug/m3,,60,23.303552,81.35387,2026-07-10T14:00:00,DEMO_MONITORING_FEED,COMPLIANT,0,DEMO_CONFIGURATION,"Configured thresholds are synthetic for software testing, not legal limits"
ENV-0003098,M011,ENV-ST-M011-01,PM10,49.4,ug/m3,,100,23.292957,81.355784,2026-07-10T14:00:00,DEMO_MONITORING_FEED,COMPLIANT,0,DEMO_CONFIGURATION,"Configured thresholds are synthetic for software testing, not legal limits"
ENV-0003099,M011,ENV-ST-M011-01,SO2,41.6,ug/m3,,80,23.301916,81.346707,2026-07-10T06:00:00,DEMO_MONITORING_FEED,COMPLIANT,0,DEMO_CONFIGURATION,"Configured thresholds are synthetic for software testing, not legal limits"
ENV-0003100,M011,ENV-ST-M011-01,NO2,36.09,ug/m3,,80,23.307859,81.347572,2026-07-10T22:00:00,DEMO_MONITORING_FEED,COMPLIANT,0,DEMO_CONFIGURATION,"Configured thresholds are synthetic for software testing, not legal limits"
ENV-0003101,M011,ENV-ST-M011-02,CO,0.79,mg/m3,,4,23.307466,81.351061,2026-07-10T14:00:00,DEMO_MONITORING_FEED,COMPLIANT,0,DEMO_CONFIGURATION,"Configured thresholds are synthetic for software testing, not legal limits"
ENV-0003102,M011,ENV-ST-M011-03,pH,6.93,pH,6.5,8.5,23.294858,81.359386,2026-07-10T14:00:00,DEMO_MONITORING_FEED,COMPLIANT,0,DEMO_CONFIGURATION,"Configured thresholds are synthetic for software testing, not legal limits"
ENV-0003103,M011,ENV-ST-M011-03,TSS,61.65,mg/L,,100,23.294143,81.358046,2026-07-10T14:00:00,DEMO_MONITORING_FEED,COMPLIANT,0,DEMO_CONFIGURATION,"Configured thresholds are synthetic for software testing, not legal limits"
ENV-0003104,M011,ENV-ST-M011-03,TDS,550.56,mg/L,,2100,23.306729,81.345782,2026-07-10T14:00:00,DEMO_MONITORING_FEED,COMPLIANT,0,DEMO_CONFIGURATION,"Configured thresholds are synthetic for software testing, not legal limits"
ENV-0003105,M011,ENV-ST-M011-03,COD,86.19,mg/L,,250,23.292378,81.357188,2026-07-10T22:00:00,DEMO_MONITORING_FEED,COMPLIANT,0,DEMO_CONFIGURATION,"Configured thresholds are synthetic for software testing, not legal limits"
ENV-0003106,M011,ENV-ST-M011-03,BOD,16.15,mg/L,,30,23.296744,81.343034,2026-07-10T22:00:00,DEMO_MONITORING_FEED,COMPLIANT,0,DEMO_CONFIGURATION,"Configured thresholds are synthetic for software testing, not legal limits"
ENV-0003107,M011,ENV-ST-M011-02,Oil_Grease,2.81,mg/L,,10,23.305795,81.348246,2026-07-10T22:00:00,DEMO_MONITORING_FEED,COMPLIANT,0,DEMO_CONFIGURATION,"Configured thresholds are synthetic for software testing, not legal limits"
ENV-0003108,M011,ENV-ST-M011-01,Noise,57.58,dB(A),,85,23.290685,81.347199,2026-07-10T22:00:00,DEMO_MONITORING_FEED,COMPLIANT,0,DEMO_CONFIGURATION,"Configured thresholds are synthetic for software testing, not legal limits"
ENV-0003109,M011,ENV-ST-M011-01,PM2.5,31.1,ug/m3,,60,23.299896,81.353434,2026-07-07T22:00:00,DEMO_MONITORING_FEED,COMPLIANT,0,DEMO_CONFIGURATION,"Configured thresholds are synthetic for software testing, not legal limits"
ENV-0003110,M011,ENV-ST-M011-02,PM10,82.19,ug/m3,,100,23.306346,81.348386,2026-07-07T22:00:00,DEMO_MONITORING_FEED,COMPLIANT,0,DEMO_CONFIGURATION,"Configured thresholds are synthetic for software testing, not legal limits"
ENV-0003111,M011,ENV-ST-M011-03,SO2,25.83,ug/m3,,80,23.301568,81.354422,2026-07-07T22:00:00,DEMO_MONITORING_FEED,COMPLIANT,0,DEMO_CONFIGURATION,"Configured thresholds are synthetic for software testing, not legal limits"
ENV-0003112,M011,ENV-ST-M011-02,NO2,35.73,ug/m3,,80,23.294312,81.354364,2026-07-07T22:00:00,DEMO_MONITORING_FEED,COMPLIANT,0,DEMO_CONFIGURATION,"Configured thresholds are synthetic for software testing, not legal limits"
ENV-0003113,M011,ENV-ST-M011-02,CO,0.33,mg/m3,,4,23.29966,81.340453,2026-07-07T14:00:00,DEMO_MONITORING_FEED,COMPLIANT,0,DEMO_CONFIGURATION,"Configured thresholds are synthetic for software testing, not legal limits"
ENV-0003114,M011,ENV-ST-M011-03,pH,6.76,pH,6.5,8.5,23.295815,81.340456,2026-07-07T06:00:00,DEMO_MONITORING_FEED,COMPLIANT,0,DEMO_CONFIGURATION,"Configured thresholds are synthetic for software testing, not legal limits"
ENV-0003115,M011,ENV-ST-M011-02,TSS,48.58,mg/L,,100,23.302034,81.349396,2026-07-07T22:00:00,DEMO_MONITORING_FEED,COMPLIANT,0,DEMO_CONFIGURATION,"Configured thresholds are synthetic for software testing, not legal limits"
ENV-0003116,M011,ENV-ST-M011-02,TDS,637.37,mg/L,,2100,23.302142,81.350893,2026-07-07T06:00:00,DEMO_MONITORING_FEED,COMPLIANT,0,DEMO_CONFIGURATION,"Configured thresholds are synthetic for software testing, not legal limits"
ENV-0003117,M011,ENV-ST-M011-01,COD,115.02,mg/L,,250,23.306526,81.342832,2026-07-07T06:00:00,DEMO_MONITORING_FEED,COMPLIANT,0,DEMO_CONFIGURATION,"Configured thresholds are synthetic for software testing, not legal limits"
ENV-0003118,M011,ENV-ST-M011-01,BOD,17.99,mg/L,,30,23.29503,81.348298,2026-07-07T06:00:00,DEMO_MONITORING_FEED,COMPLIANT,0,DEMO_CONFIGURATION,"Configured thresholds are synthetic for software testing, not legal limits"
ENV-0003119,M011,ENV-ST-M011-01,Oil_Grease,3.3,mg/L,,10,23.303034,81.354616,2026-07-07T22:00:00,DEMO_MONITORING_FEED,COMPLIANT,0,DEMO_CONFIGURATION,"Configured thresholds are synthetic for software testing, not legal limits"
ENV-0003120,M011,ENV-ST-M011-01,Noise,78.48,dB(A),,85,23.308192,81.349053,2026-07-07T22:00:00,DEMO_MONITORING_FEED,COMPLIANT,0,DEMO_CONFIGURATION,"Configured thresholds are synthetic for software testing, not legal limits"
ENV-0003121,M011,ENV-ST-M011-03,PM2.5,49.96,ug/m3,,60,23.294475,81.351479,2026-07-04T14:00:00,DEMO_MONITORING_FEED,COMPLIANT,0,DEMO_CONFIGURATION,"Configured thresholds are synthetic for software testing, not legal limits"
ENV-0003122,M011,ENV-ST-M011-03,PM10,72.07,ug/m3,,100,23.296223,81.344524,2026-07-04T22:00:00,DEMO_MONITORING_FEED,COMPLIANT,0,DEMO_CONFIGURATION,"Configured thresholds are synthetic for software testing, not legal limits"
ENV-0003123,M011,ENV-ST-M011-01,SO2,26.59,ug/m3,,80,23.29347,81.349785,2026-07-04T06:00:00,DEMO_MONITORING_FEED,COMPLIANT,0,DEMO_CONFIGURATION,"Configured thresholds are synthetic for software testing, not legal limits"
ENV-0003124,M011,ENV-ST-M011-03,NO2,26.71,ug/m3,,80,23.294695,81.354633,2026-07-04T22:00:00,DEMO_MONITORING_FEED,COMPLIANT,0,DEMO_CONFIGURATION,"Configured thresholds are synthetic for software testing, not legal limits"
ENV-0003125,M011,ENV-ST-M011-01,CO,0.84,mg/m3,,4,23.29066,81.345071,2026-07-04T22:00:00,DEMO_MONITORING_FEED,COMPLIANT,0,DEMO_CONFIGURATION,"Configured thresholds are synthetic for software testing, not legal limits"
ENV-0003126,M011,ENV-ST-M011-01,pH,6.45,pH,6.5,8.5,23.301071,81.349935,2026-07-04T14:00:00,DEMO_MONITORING_FEED,EXCEEDED,2.5,DEMO_CONFIGURATION,"Configured thresholds are synthetic for software testing, not legal limits"
ENV-0003127,M011,ENV-ST-M011-02,TSS,47.13,mg/L,,100,23.293206,81.346447,2026-07-04T06:00:00,DEMO_MONITORING_FEED,COMPLIANT,0,DEMO_CONFIGURATION,"Configured thresholds are synthetic for software testing, not legal limits"
ENV-0003128,M011,ENV-ST-M011-01,TDS,188.42,mg/L,,2100,23.298099,81.353017,2026-07-04T14:00:00,DEMO_MONITORING_FEED,COMPLIANT,0,DEMO_CONFIGURATION,"Configured thresholds are synthetic for software testing, not legal limits"
ENV-0003129,M011,ENV-ST-M011-03,COD,66.79,mg/L,,250,23.30448,81.358109,2026-07-04T06:00:00,DEMO_MONITORING_FEED,COMPLIANT,0,DEMO_CONFIGURATION,"Configured thresholds are synthetic for software testing, not legal limits"
ENV-0003130,M011,ENV-ST-M011-03,BOD,12.01,mg/L,,30,23.307428,81.356989,2026-07-04T14:00:00,DEMO_MONITORING_FEED,COMPLIANT,0,DEMO_CONFIGURATION,"Configured thresholds are synthetic for software testing, not legal limits"
ENV-0003131,M011,ENV-ST-M011-03,Oil_Grease,2.7,mg/L,,10,23.29537,81.350027,2026-07-04T14:00:00,DEMO_MONITORING_FEED,COMPLIANT,0,DEMO_CONFIGURATION,"Configured thresholds are synthetic for software testing, not legal limits"
ENV-0003132,M011,ENV-ST-M011-02,Noise,73.89,dB(A),,85,23.296875,81.351786,2026-07-04T14:00:00,DEMO_MONITORING_FEED,COMPLIANT,0,DEMO_CONFIGURATION,"Configured thresholds are synthetic for software testing, not legal limits"
ENV-0003133,M011,ENV-ST-M011-02,PM2.5,37.95,ug/m3,,60,23.301829,81.347812,2026-07-01T14:00:00,DEMO_MONITORING_FEED,COMPLIANT,0,DEMO_CONFIGURATION,"Configured thresholds are synthetic for software testing, not legal limits"
ENV-0003134,M011,ENV-ST-M011-02,PM10,54.44,ug/m3,,100,23.308731,81.343214,2026-07-01T14:00:00,DEMO_MONITORING_FEED,COMPLIANT,0,DEMO_CONFIGURATION,"Configured thresholds are synthetic for software testing, not legal limits"
ENV-0003135,M011,ENV-ST-M011-01,SO2,30.83,ug/m3,,80,23.304889,81.346973,2026-07-01T14:00:00,DEMO_MONITORING_FEED,COMPLIANT,0,DEMO_CONFIGURATION,"Configured thresholds are synthetic for software testing, not legal limits"
ENV-0003136,M011,ENV-ST-M011-02,NO2,37.33,ug/m3,,80,23.292805,81.354624,2026-07-01T22:00:00,DEMO_MONITORING_FEED,COMPLIANT,0,DEMO_CONFIGURATION,"Configured thresholds are synthetic for software testing, not legal limits"
ENV-0003137,M011,ENV-ST-M011-02,CO,0.4,mg/m3,,4,23.30639,81.352944,2026-07-01T14:00:00,DEMO_MONITORING_FEED,COMPLIANT,0,DEMO_CONFIGURATION,"Configured thresholds are synthetic for software testing, not legal limits"
ENV-0003138,M011,ENV-ST-M011-03,pH,8.43,pH,6.5,8.5,23.304124,81.359421,2026-07-01T14:00:00,DEMO_MONITORING_FEED,COMPLIANT,0,DEMO_CONFIGURATION,"Configured thresholds are synthetic for software testing, not legal limits"
ENV-0003139,M011,ENV-ST-M011-02,TSS,61.2,mg/L,,100,23.304598,81.357598,2026-07-01T06:00:00,DEMO_MONITORING_FEED,COMPLIANT,0,DEMO_CONFIGURATION,"Configured thresholds are synthetic for software testing, not legal limits"
ENV-0003140,M011,ENV-ST-M011-03,TDS,634.96,mg/L,,2100,23.3053,81.346192,2026-07-01T22:00:00,DEMO_MONITORING_FEED,COMPLIANT,0,DEMO_CONFIGURATION,"Configured thresholds are synthetic for software testing, not legal limits"
ENV-0003141,M011,ENV-ST-M011-02,COD,62.3,mg/L,,250,23.302231,81.34079,2026-07-01T06:00:00,DEMO_MONITORING_FEED,COMPLIANT,0,DEMO_CONFIGURATION,"Configured thresholds are synthetic for software testing, not legal limits"
ENV-0003142,M011,ENV-ST-M011-02,BOD,16.23,mg/L,,30,23.296689,81.352751,2026-07-01T14:00:00,DEMO_MONITORING_FEED,COMPLIANT,0,DEMO_CONFIGURATION,"Configured thresholds are synthetic for software testing, not legal limits"
ENV-0003143,M011,ENV-ST-M011-01,Oil_Grease,2.13,mg/L,,10,23.294048,81.35121,2026-07-01T22:00:00,DEMO_MONITORING_FEED,COMPLIANT,0,DEMO_CONFIGURATION,"Configured thresholds are synthetic for software testing, not legal limits"
ENV-0003144,M011,ENV-ST-M011-03,Noise,55.31,dB(A),,85,23.297911,81.358317,2026-07-01T06:00:00,DEMO_MONITORING_FEED,COMPLIANT,0,DEMO_CONFIGURATION,"Configured thresholds are synthetic for software testing, not legal limits"
ENV-0003145,M011,ENV-ST-M011-01,PM2.5,27.16,ug/m3,,60,23.301516,81.347655,2026-06-28T06:00:00,DEMO_MONITORING_FEED,COMPLIANT,0,DEMO_CONFIGURATION,"Configured thresholds are synthetic for software testing, not legal limits"
ENV-0003146,M011,ENV-ST-M011-02,PM10,67.68,ug/m3,,100,23.301313,81.340753,2026-06-28T22:00:00,DEMO_MONITORING_FEED,COMPLIANT,0,DEMO_CONFIGURATION,"Configured thresholds are synthetic for software testing, not legal limits"
ENV-0003147,M011,ENV-ST-M011-01,SO2,22.68,ug/m3,,80,23.306077,81.342499,2026-06-28T14:00:00,DEMO_MONITORING_FEED,COMPLIANT,0,DEMO_CONFIGURATION,"Configured thresholds are synthetic for software testing, not legal limits"
ENV-0003148,M011,ENV-ST-M011-01,NO2,32.03,ug/m3,,80,23.290361,81.350788,2026-06-28T06:00:00,DEMO_MONITORING_FEED,COMPLIANT,0,DEMO_CONFIGURATION,"Configured thresholds are synthetic for software testing, not legal limits"
ENV-0003149,M011,ENV-ST-M011-03,CO,1.07,mg/m3,,4,23.296746,81.350354,2026-06-28T22:00:00,DEMO_MONITORING_FEED,COMPLIANT,0,DEMO_CONFIGURATION,"Configured thresholds are synthetic for software testing, not legal limits"
ENV-0003150,M011,ENV-ST-M011-01,pH,7.33,pH,6.5,8.5,23.290648,81.350813,2026-06-28T14:00:00,DEMO_MONITORING_FEED,COMPLIANT,0,DEMO_CONFIGURATION,"Configured thresholds are synthetic for software testing, not legal limits"
ENV-0003151,M011,ENV-ST-M011-03,TSS,37.92,mg/L,,100,23.301324,81.343567,2026-06-28T22:00:00,DEMO_MONITORING_FEED,COMPLIANT,0,DEMO_CONFIGURATION,"Configured thresholds are synthetic for software testing, not legal limits"
ENV-0003152,M011,ENV-ST-M011-03,TDS,809.34,mg/L,,2100,23.309827,81.347162,2026-06-28T14:00:00,DEMO_MONITORING_FEED,COMPLIANT,0,DEMO_CONFIGURATION,"Configured thresholds are synthetic for software testing, not legal limits"
ENV-0003153,M011,ENV-ST-M011-02,COD,113.5,mg/L,,250,23.302627,81.350913,2026-06-28T06:00:00,DEMO_MONITORING_FEED,COMPLIANT,0,DEMO_CONFIGURATION,"Configured thresholds are synthetic for software testing, not legal limits"
ENV-0003154,M011,ENV-ST-M011-03,BOD,15.68,mg/L,,30,23.304009,81.355178,2026-06-28T22:00:00,DEMO_MONITORING_FEED,COMPLIANT,0,DEMO_CONFIGURATION,"Configured thresholds are synthetic for software testing, not legal limits"
ENV-0003155,M011,ENV-ST-M011-01,Oil_Grease,5.64,mg/L,,10,23.304367,81.355073,2026-06-28T22:00:00,DEMO_MONITORING_FEED,COMPLIANT,0,DEMO_CONFIGURATION,"Configured thresholds are synthetic for software testing, not legal limits"
ENV-0003156,M011,ENV-ST-M011-02,Noise,69.33,dB(A),,85,23.304037,81.354668,2026-06-28T22:00:00,DEMO_MONITORING_FEED,COMPLIANT,0,DEMO_CONFIGURATION,"Configured thresholds are synthetic for software testing, not legal limits"
ENV-0003157,M011,ENV-ST-M011-01,PM2.5,28.88,ug/m3,,60,23.294623,81.34004,2026-06-25T14:00:00,DEMO_MONITORING_FEED,COMPLIANT,0,DEMO_CONFIGURATION,"Configured thresholds are synthetic for software testing, not legal limits"
ENV-0003158,M011,ENV-ST-M011-03,PM10,86.57,ug/m3,,100,23.295279,81.351971,2026-06-25T22:00:00,DEMO_MONITORING_FEED,COMPLIANT,0,DEMO_CONFIGURATION,"Configured thresholds are synthetic for software testing, not legal limits"
ENV-0003159,M011,ENV-ST-M011-02,SO2,20.25,ug/m3,,80,23.301903,81.348041,2026-06-25T22:00:00,DEMO_MONITORING_FEED,COMPLIANT,0,DEMO_CONFIGURATION,"Configured thresholds are synthetic for software testing, not legal limits"
ENV-0003160,M011,ENV-ST-M011-01,NO2,35.1,ug/m3,,80,23.304575,81.345067,2026-06-25T14:00:00,DEMO_MONITORING_FEED,COMPLIANT,0,DEMO_CONFIGURATION,"Configured thresholds are synthetic for software testing, not legal limits"
ENV-0003161,M011,ENV-ST-M011-01,CO,0.3,mg/m3,,4,23.308826,81.341835,2026-06-25T22:00:00,DEMO_MONITORING_FEED,COMPLIANT,0,DEMO_CONFIGURATION,"Configured thresholds are synthetic for software testing, not legal limits"
ENV-0003162,M011,ENV-ST-M011-02,pH,7.17,pH,6.5,8.5,23.305521,81.3581,2026-06-25T14:00:00,DEMO_MONITORING_FEED,COMPLIANT,0,DEMO_CONFIGURATION,"Configured thresholds are synthetic for software testing, not legal limits"
ENV-0003163,M011,ENV-ST-M011-03,TSS,56.43,mg/L,,100,23.307874,81.340552,2026-06-25T06:00:00,DEMO_MONITORING_FEED,COMPLIANT,0,DEMO_CONFIGURATION,"Configured thresholds are synthetic for software testing, not legal limits"
ENV-0003164,M011,ENV-ST-M011-03,TDS,774.21,mg/L,,2100,23.305235,81.355042,2026-06-25T06:00:00,DEMO_MONITORING_FEED,COMPLIANT,0,DEMO_CONFIGURATION,"Configured thresholds are synthetic for software testing, not legal limits"
ENV-0003165,M011,ENV-ST-M011-03,COD,86.9,mg/L,,250,23.303305,81.346313,2026-06-25T14:00:00,DEMO_MONITORING_FEED,COMPLIANT,0,DEMO_CONFIGURATION,"Configured thresholds are synthetic for software testing, not legal limits"
ENV-0003166,M011,ENV-ST-M011-01,BOD,14.81,mg/L,,30,23.291432,81.352753,2026-06-25T22:00:00,DEMO_MONITORING_FEED,COMPLIANT,0,DEMO_CONFIGURATION,"Configured thresholds are synthetic for software testing, not legal limits"
ENV-0003167,M011,ENV-ST-M011-01,Oil_Grease,4.21,mg/L,,10,23.300266,81.340455,2026-06-25T06:00:00,DEMO_MONITORING_FEED,COMPLIANT,0,DEMO_CONFIGURATION,"Configured thresholds are synthetic for software testing, not legal limits"
ENV-0003168,M011,ENV-ST-M011-03,Noise,57.91,dB(A),,85,23.302435,81.358388,2026-06-25T14:00:00,DEMO_MONITORING_FEED,COMPLIANT,0,DEMO_CONFIGURATION,"Configured thresholds are synthetic for software testing, not legal limits"
ENV-0003169,M012,ENV-ST-M012-03,PM2.5,12.24,ug/m3,,60,23.335667,86.366251,2026-09-02T22:00:00,DEMO_MONITORING_FEED,COMPLIANT,0,DEMO_CONFIGURATION,"Configured thresholds are synthetic for software testing, not legal limits"
ENV-0003170,M012,ENV-ST-M012-01,PM10,25.36,ug/m3,,100,23.327411,86.36259,2026-09-02T06:00:00,DEMO_MONITORING_FEED,COMPLIANT,0,DEMO_CONFIGURATION,"Configured thresholds are synthetic for software testing, not legal limits"
ENV-0003171,M012,ENV-ST-M012-03,SO2,8.84,ug/m3,,80,23.320143,86.355269,2026-09-02T22:00:00,DEMO_MONITORING_FEED,COMPLIANT,0,DEMO_CONFIGURATION,"Configured thresholds are synthetic for software testing, not legal limits"
ENV-0003172,M012,ENV-ST-M012-01,NO2,13.63,ug/m3,,80,23.338808,86.36169,2026-09-02T06:00:00,DEMO_MONITORING_FEED,COMPLIANT,0,DEMO_CONFIGURATION,"Configured thresholds are synthetic for software testing, not legal limits"
ENV-0003173,M012,ENV-ST-M012-02,CO,0.5,mg/m3,,4,23.326344,86.366724,2026-09-02T22:00:00,DEMO_MONITORING_FEED,COMPLIANT,0,DEMO_CONFIGURATION,"Configured thresholds are synthetic for software testing, not legal limits"
ENV-0003174,M012,ENV-ST-M012-02,pH,6.83,pH,6.5,8.5,23.320743,86.367474,2026-09-02T06:00:00,DEMO_MONITORING_FEED,COMPLIANT,0,DEMO_CONFIGURATION,"Configured thresholds are synthetic for software testing, not legal limits"
ENV-0003175,M012,ENV-ST-M012-01,TSS,25.58,mg/L,,100,23.320376,86.352976,2026-09-02T14:00:00,DEMO_MONITORING_FEED,COMPLIANT,0,DEMO_CONFIGURATION,"Configured thresholds are synthetic for software testing, not legal limits"
ENV-0003176,M012,ENV-ST-M012-02,TDS,270.93,mg/L,,2100,23.334342,86.358105,2026-09-02T14:00:00,DEMO_MONITORING_FEED,COMPLIANT,0,DEMO_CONFIGURATION,"Configured thresholds are synthetic for software testing, not legal limits"
ENV-0003177,M012,ENV-ST-M012-02,COD,37.26,mg/L,,250,23.336031,86.364829,2026-09-02T22:00:00,DEMO_MONITORING_FEED,COMPLIANT,0,DEMO_CONFIGURATION,"Configured thresholds are synthetic for software testing, not legal limits"
ENV-0003178,M012,ENV-ST-M012-02,BOD,7.62,mg/L,,30,23.337009,86.366132,2026-09-02T14:00:00,DEMO_MONITORING_FEED,COMPLIANT,0,DEMO_CONFIGURATION,"Configured thresholds are synthetic for software testing, not legal limits"
ENV-0003179,M012,ENV-ST-M012-03,Oil_Grease,1.09,mg/L,,10,23.320579,86.365277,2026-09-02T14:00:00,DEMO_MONITORING_FEED,COMPLIANT,0,DEMO_CONFIGURATION,"Configured thresholds are synthetic for software testing, not legal limits"
ENV-0003180,M012,ENV-ST-M012-03,Noise,18.45,dB(A),,85,23.336652,86.350608,2026-09-02T22:00:00,DEMO_MONITORING_FEED,COMPLIANT,0,DEMO_CONFIGURATION,"Configured thresholds are synthetic for software testing, not legal limits"
ENV-0003181,M012,ENV-ST-M012-01,PM2.5,11.24,ug/m3,,60,23.330504,86.367413,2026-08-30T22:00:00,DEMO_MONITORING_FEED,COMPLIANT,0,DEMO_CONFIGURATION,"Configured thresholds are synthetic for software testing, not legal limits"
ENV-0003182,M012,ENV-ST-M012-01,PM10,22.68,ug/m3,,100,23.327155,86.364619,2026-08-30T14:00:00,DEMO_MONITORING_FEED,COMPLIANT,0,DEMO_CONFIGURATION,"Configured thresholds are synthetic for software testing, not legal limits"
ENV-0003183,M012,ENV-ST-M012-03,SO2,8.31,ug/m3,,80,23.326699,86.367464,2026-08-30T22:00:00,DEMO_MONITORING_FEED,COMPLIANT,0,DEMO_CONFIGURATION,"Configured thresholds are synthetic for software testing, not legal limits"
ENV-0003184,M012,ENV-ST-M012-03,NO2,14.32,ug/m3,,80,23.336288,86.363286,2026-08-30T22:00:00,DEMO_MONITORING_FEED,COMPLIANT,0,DEMO_CONFIGURATION,"Configured thresholds are synthetic for software testing, not legal limits"
ENV-0003185,M012,ENV-ST-M012-01,CO,0.28,mg/m3,,4,23.323454,86.359285,2026-08-30T06:00:00,DEMO_MONITORING_FEED,COMPLIANT,0,DEMO_CONFIGURATION,"Configured thresholds are synthetic for software testing, not legal limits"
ENV-0003186,M012,ENV-ST-M012-03,pH,6.91,pH,6.5,8.5,23.327365,86.362571,2026-08-30T06:00:00,DEMO_MONITORING_FEED,COMPLIANT,0,DEMO_CONFIGURATION,"Configured thresholds are synthetic for software testing, not legal limits"
ENV-0003187,M012,ENV-ST-M012-03,TSS,20.44,mg/L,,100,23.323531,86.35011,2026-08-30T14:00:00,DEMO_MONITORING_FEED,COMPLIANT,0,DEMO_CONFIGURATION,"Configured thresholds are synthetic for software testing, not legal limits"
ENV-0003188,M012,ENV-ST-M012-02,TDS,240.67,mg/L,,2100,23.331931,86.353136,2026-08-30T14:00:00,DEMO_MONITORING_FEED,COMPLIANT,0,DEMO_CONFIGURATION,"Configured thresholds are synthetic for software testing, not legal limits"
ENV-0003189,M012,ENV-ST-M012-03,COD,24.45,mg/L,,250,23.332151,86.363186,2026-08-30T06:00:00,DEMO_MONITORING_FEED,COMPLIANT,0,DEMO_CONFIGURATION,"Configured thresholds are synthetic for software testing, not legal limits"
ENV-0003190,M012,ENV-ST-M012-03,BOD,6.03,mg/L,,30,23.321717,86.361943,2026-08-30T14:00:00,DEMO_MONITORING_FEED,COMPLIANT,0,DEMO_CONFIGURATION,"Configured thresholds are synthetic for software testing, not legal limits"
ENV-0003191,M012,ENV-ST-M012-03,Oil_Grease,1.13,mg/L,,10,23.333345,86.364994,2026-08-30T06:00:00,DEMO_MONITORING_FEED,COMPLIANT,0,DEMO_CONFIGURATION,"Configured thresholds are synthetic for software testing, not legal limits"
ENV-0003192,M012,ENV-ST-M012-01,Noise,25.67,dB(A),,85,23.324673,86.357372,2026-08-30T22:00:00,DEMO_MONITORING_FEED,COMPLIANT,0,DEMO_CONFIGURATION,"Configured thresholds are synthetic for software testing, not legal limits"
ENV-0003193,M012,ENV-ST-M012-01,PM2.5,10.68,ug/m3,,60,23.321248,86.360344,2026-08-27T14:00:00,DEMO_MONITORING_FEED,COMPLIANT,0,DEMO_CONFIGURATION,"Configured thresholds are synthetic for software testing, not legal limits"
ENV-0003194,M012,ENV-ST-M012-01,PM10,26.53,ug/m3,,100,23.339703,86.362734,2026-08-27T06:00:00,DEMO_MONITORING_FEED,COMPLIANT,0,DEMO_CONFIGURATION,"Configured thresholds are synthetic for software testing, not legal limits"
ENV-0003195,M012,ENV-ST-M012-02,SO2,11.19,ug/m3,,80,23.331062,86.354504,2026-08-27T22:00:00,DEMO_MONITORING_FEED,COMPLIANT,0,DEMO_CONFIGURATION,"Configured thresholds are synthetic for software testing, not legal limits"
ENV-0003196,M012,ENV-ST-M012-01,NO2,12.0,ug/m3,,80,23.326448,86.36906,2026-08-27T06:00:00,DEMO_MONITORING_FEED,COMPLIANT,0,DEMO_CONFIGURATION,"Configured thresholds are synthetic for software testing, not legal limits"
ENV-0003197,M012,ENV-ST-M012-01,CO,0.37,mg/m3,,4,23.326821,86.352311,2026-08-27T14:00:00,DEMO_MONITORING_FEED,COMPLIANT,0,DEMO_CONFIGURATION,"Configured thresholds are synthetic for software testing, not legal limits"
ENV-0003198,M012,ENV-ST-M012-02,pH,7.58,pH,6.5,8.5,23.330265,86.351719,2026-08-27T06:00:00,DEMO_MONITORING_FEED,COMPLIANT,0,DEMO_CONFIGURATION,"Configured thresholds are synthetic for software testing, not legal limits"
ENV-0003199,M012,ENV-ST-M012-01,TSS,15.25,mg/L,,100,23.330068,86.350089,2026-08-27T22:00:00,DEMO_MONITORING_FEED,COMPLIANT,0,DEMO_CONFIGURATION,"Configured thresholds are synthetic for software testing, not legal limits"
ENV-0003200,M012,ENV-ST-M012-02,TDS,288.16,mg/L,,2100,23.333404,86.350252,2026-08-27T06:00:00,DEMO_MONITORING_FEED,COMPLIANT,0,DEMO_CONFIGURATION,"Configured thresholds are synthetic for software testing, not legal limits"
ENV-0003201,M012,ENV-ST-M012-01,COD,38.94,mg/L,,250,23.334738,86.351673,2026-08-27T14:00:00,DEMO_MONITORING_FEED,COMPLIANT,0,DEMO_CONFIGURATION,"Configured thresholds are synthetic for software testing, not legal limits"
ENV-0003202,M012,ENV-ST-M012-01,BOD,6.27,mg/L,,30,23.334524,86.35615,2026-08-27T14:00:00,DEMO_MONITORING_FEED,COMPLIANT,0,DEMO_CONFIGURATION,"Configured thresholds are synthetic for software testing, not legal limits"
ENV-0003203,M012,ENV-ST-M012-02,Oil_Grease,1.17,mg/L,,10,23.324163,86.364907,2026-08-27T06:00:00,DEMO_MONITORING_FEED,COMPLIANT,0,DEMO_CONFIGURATION,"Configured thresholds are synthetic for software testing, not legal limits"
ENV-0003204,M012,ENV-ST-M012-02,Noise,27.78,dB(A),,85,23.325402,86.365614,2026-08-27T14:00:00,DEMO_MONITORING_FEED,COMPLIANT,0,DEMO_CONFIGURATION,"Configured thresholds are synthetic for software testing, not legal limits"
ENV-0003205,M012,ENV-ST-M012-01,PM2.5,16.83,ug/m3,,60,23.32362,86.369326,2026-08-24T22:00:00,DEMO_MONITORING_FEED,COMPLIANT,0,DEMO_CONFIGURATION,"Configured thresholds are synthetic for software testing, not legal limits"
ENV-0003206,M012,ENV-ST-M012-02,PM10,23.73,ug/m3,,100,23.324086,86.350692,2026-08-24T14:00:00,DEMO_MONITORING_FEED,COMPLIANT,0,DEMO_CONFIGURATION,"Configured thresholds are synthetic for software testing, not legal limits"
ENV-0003207,M012,ENV-ST-M012-01,SO2,11.98,ug/m3,,80,23.330984,86.350645,2026-08-24T06:00:00,DEMO_MONITORING_FEED,COMPLIANT,0,DEMO_CONFIGURATION,"Configured thresholds are synthetic for software testing, not legal limits"
ENV-0003208,M012,ENV-ST-M012-03,NO2,7.49,ug/m3,,80,23.334473,86.362182,2026-08-24T14:00:00,DEMO_MONITORING_FEED,COMPLIANT,0,DEMO_CONFIGURATION,"Configured thresholds are synthetic for software testing, not legal limits"
ENV-0003209,M012,ENV-ST-M012-03,CO,0.16,mg/m3,,4,23.337695,86.369579,2026-08-24T06:00:00,DEMO_MONITORING_FEED,COMPLIANT,0,DEMO_CONFIGURATION,"Configured thresholds are synthetic for software testing, not legal limits"
ENV-0003210,M012,ENV-ST-M012-02,pH,7.16,pH,6.5,8.5,23.339529,86.360529,2026-08-24T06:00:00,DEMO_MONITORING_FEED,COMPLIANT,0,DEMO_CONFIGURATION,"Configured thresholds are synthetic for software testing, not legal limits"
ENV-0003211,M012,ENV-ST-M012-01,TSS,18.05,mg/L,,100,23.332647,86.351571,2026-08-24T22:00:00,DEMO_MONITORING_FEED,COMPLIANT,0,DEMO_CONFIGURATION,"Configured thresholds are synthetic for software testing, not legal limits"
ENV-0003212,M012,ENV-ST-M012-01,TDS,248.72,mg/L,,2100,23.337499,86.36165,2026-08-24T06:00:00,DEMO_MONITORING_FEED,COMPLIANT,0,DEMO_CONFIGURATION,"Configured thresholds are synthetic for software testing, not legal limits"
ENV-0003213,M012,ENV-ST-M012-01,COD,27.89,mg/L,,250,23.338284,86.350226,2026-08-24T22:00:00,DEMO_MONITORING_FEED,COMPLIANT,0,DEMO_CONFIGURATION,"Configured thresholds are synthetic for software testing, not legal limits"
ENV-0003214,M012,ENV-ST-M012-03,BOD,4.33,mg/L,,30,23.334664,86.356287,2026-08-24T06:00:00,DEMO_MONITORING_FEED,COMPLIANT,0,DEMO_CONFIGURATION,"Configured thresholds are synthetic for software testing, not legal limits"
ENV-0003215,M012,ENV-ST-M012-01,Oil_Grease,1.03,mg/L,,10,23.32272,86.36842,2026-08-24T14:00:00,DEMO_MONITORING_FEED,COMPLIANT,0,DEMO_CONFIGURATION,"Configured thresholds are synthetic for software testing, not legal limits"
ENV-0003216,M012,ENV-ST-M012-01,Noise,18.68,dB(A),,85,23.333283,86.352718,2026-08-24T22:00:00,DEMO_MONITORING_FEED,COMPLIANT,0,DEMO_CONFIGURATION,"Configured thresholds are synthetic for software testing, not legal limits"
ENV-0003217,M012,ENV-ST-M012-01,PM2.5,12.45,ug/m3,,60,23.326732,86.361887,2026-08-21T22:00:00,DEMO_MONITORING_FEED,COMPLIANT,0,DEMO_CONFIGURATION,"Configured thresholds are synthetic for software testing, not legal limits"
ENV-0003218,M012,ENV-ST-M012-02,PM10,25.86,ug/m3,,100,23.332386,86.351401,2026-08-21T14:00:00,DEMO_MONITORING_FEED,COMPLIANT,0,DEMO_CONFIGURATION,"Configured thresholds are synthetic for software testing, not legal limits"
ENV-0003219,M012,ENV-ST-M012-01,SO2,8.66,ug/m3,,80,23.330757,86.369517,2026-08-21T22:00:00,DEMO_MONITORING_FEED,COMPLIANT,0,DEMO_CONFIGURATION,"Configured thresholds are synthetic for software testing, not legal limits"
ENV-0003220,M012,ENV-ST-M012-02,NO2,12.68,ug/m3,,80,23.329157,86.353557,2026-08-21T22:00:00,DEMO_MONITORING_FEED,COMPLIANT,0,DEMO_CONFIGURATION,"Configured thresholds are synthetic for software testing, not legal limits"
ENV-0003221,M012,ENV-ST-M012-02,CO,0.46,mg/m3,,4,23.335577,86.367695,2026-08-21T06:00:00,DEMO_MONITORING_FEED,COMPLIANT,0,DEMO_CONFIGURATION,"Configured thresholds are synthetic for software testing, not legal limits"
ENV-0003222,M012,ENV-ST-M012-03,pH,7.01,pH,6.5,8.5,23.326065,86.367471,2026-08-21T14:00:00,DEMO_MONITORING_FEED,COMPLIANT,0,DEMO_CONFIGURATION,"Configured thresholds are synthetic for software testing, not legal limits"
ENV-0003223,M012,ENV-ST-M012-02,TSS,21.58,mg/L,,100,23.324062,86.351663,2026-08-21T06:00:00,DEMO_MONITORING_FEED,COMPLIANT,0,DEMO_CONFIGURATION,"Configured thresholds are synthetic for software testing, not legal limits"
ENV-0003224,M012,ENV-ST-M012-03,TDS,339.58,mg/L,,2100,23.328955,86.367645,2026-08-21T14:00:00,DEMO_MONITORING_FEED,COMPLIANT,0,DEMO_CONFIGURATION,"Configured thresholds are synthetic for software testing, not legal limits"
ENV-0003225,M012,ENV-ST-M012-02,COD,44.84,mg/L,,250,23.323561,86.357236,2026-08-21T14:00:00,DEMO_MONITORING_FEED,COMPLIANT,0,DEMO_CONFIGURATION,"Configured thresholds are synthetic for software testing, not legal limits"
ENV-0003226,M012,ENV-ST-M012-03,BOD,5.92,mg/L,,30,23.331924,86.356894,2026-08-21T22:00:00,DEMO_MONITORING_FEED,COMPLIANT,0,DEMO_CONFIGURATION,"Configured thresholds are synthetic for software testing, not legal limits"
ENV-0003227,M012,ENV-ST-M012-03,Oil_Grease,0.78,mg/L,,10,23.33705,86.362503,2026-08-21T22:00:00,DEMO_MONITORING_FEED,COMPLIANT,0,DEMO_CONFIGURATION,"Configured thresholds are synthetic for software testing, not legal limits"
ENV-0003228,M012,ENV-ST-M012-01,Noise,26.2,dB(A),,85,23.324161,86.359078,2026-08-21T22:00:00,DEMO_MONITORING_FEED,COMPLIANT,0,DEMO_CONFIGURATION,"Configured thresholds are synthetic for software testing, not legal limits"
ENV-0003229,M012,ENV-ST-M012-01,PM2.5,17.29,ug/m3,,60,23.329315,86.35836,2026-08-18T06:00:00,DEMO_MONITORING_FEED,COMPLIANT,0,DEMO_CONFIGURATION,"Configured thresholds are synthetic for software testing, not legal limits"
ENV-0003230,M012,ENV-ST-M012-03,PM10,27.94,ug/m3,,100,23.324052,86.362197,2026-08-18T22:00:00,DEMO_MONITORING_FEED,COMPLIANT,0,DEMO_CONFIGURATION,"Configured thresholds are synthetic for software testing, not legal limits"
ENV-0003231,M012,ENV-ST-M012-03,SO2,6.88,ug/m3,,80,23.339417,86.359752,2026-08-18T14:00:00,DEMO_MONITORING_FEED,COMPLIANT,0,DEMO_CONFIGURATION,"Configured thresholds are synthetic for software testing, not legal limits"
ENV-0003232,M012,ENV-ST-M012-02,NO2,10.43,ug/m3,,80,23.328769,86.364611,2026-08-18T14:00:00,DEMO_MONITORING_FEED,COMPLIANT,0,DEMO_CONFIGURATION,"Configured thresholds are synthetic for software testing, not legal limits"
ENV-0003233,M012,ENV-ST-M012-03,CO,0,mg/m3,,4,23.333079,86.355076,2026-08-18T22:00:00,DEMO_MONITORING_FEED,COMPLIANT,0,DEMO_CONFIGURATION,"Configured thresholds are synthetic for software testing, not legal limits"
ENV-0003234,M012,ENV-ST-M012-02,pH,7.38,pH,6.5,8.5,23.326051,86.356161,2026-08-18T22:00:00,DEMO_MONITORING_FEED,COMPLIANT,0,DEMO_CONFIGURATION,"Configured thresholds are synthetic for software testing, not legal limits"
ENV-0003235,M012,ENV-ST-M012-03,TSS,22.91,mg/L,,100,23.326032,86.354208,2026-08-18T06:00:00,DEMO_MONITORING_FEED,COMPLIANT,0,DEMO_CONFIGURATION,"Configured thresholds are synthetic for software testing, not legal limits"
ENV-0003236,M012,ENV-ST-M012-02,TDS,296.71,mg/L,,2100,23.329343,86.35111,2026-08-18T06:00:00,DEMO_MONITORING_FEED,COMPLIANT,0,DEMO_CONFIGURATION,"Configured thresholds are synthetic for software testing, not legal limits"
ENV-0003237,M012,ENV-ST-M012-01,COD,31.43,mg/L,,250,23.328556,86.367035,2026-08-18T22:00:00,DEMO_MONITORING_FEED,COMPLIANT,0,DEMO_CONFIGURATION,"Configured thresholds are synthetic for software testing, not legal limits"
ENV-0003238,M012,ENV-ST-M012-03,BOD,4.33,mg/L,,30,23.336146,86.350113,2026-08-18T22:00:00,DEMO_MONITORING_FEED,COMPLIANT,0,DEMO_CONFIGURATION,"Configured thresholds are synthetic for software testing, not legal limits"
ENV-0003239,M012,ENV-ST-M012-01,Oil_Grease,1.38,mg/L,,10,23.333756,86.352319,2026-08-18T06:00:00,DEMO_MONITORING_FEED,COMPLIANT,0,DEMO_CONFIGURATION,"Configured thresholds are synthetic for software testing, not legal limits"
ENV-0003240,M012,ENV-ST-M012-03,Noise,21.63,dB(A),,85,23.327856,86.366983,2026-08-18T06:00:00,DEMO_MONITORING_FEED,COMPLIANT,0,DEMO_CONFIGURATION,"Configured thresholds are synthetic for software testing, not legal limits"
ENV-0003241,M012,ENV-ST-M012-01,PM2.5,15.18,ug/m3,,60,23.328242,86.36097,2026-08-15T14:00:00,DEMO_MONITORING_FEED,COMPLIANT,0,DEMO_CONFIGURATION,"Configured thresholds are synthetic for software testing, not legal limits"
ENV-0003242,M012,ENV-ST-M012-03,PM10,19.13,ug/m3,,100,23.327488,86.369601,2026-08-15T22:00:00,DEMO_MONITORING_FEED,COMPLIANT,0,DEMO_CONFIGURATION,"Configured thresholds are synthetic for software testing, not legal limits"
ENV-0003243,M012,ENV-ST-M012-03,SO2,14.31,ug/m3,,80,23.328333,86.364505,2026-08-15T14:00:00,DEMO_MONITORING_FEED,COMPLIANT,0,DEMO_CONFIGURATION,"Configured thresholds are synthetic for software testing, not legal limits"
ENV-0003244,M012,ENV-ST-M012-01,NO2,15.39,ug/m3,,80,23.329103,86.362324,2026-08-15T22:00:00,DEMO_MONITORING_FEED,COMPLIANT,0,DEMO_CONFIGURATION,"Configured thresholds are synthetic for software testing, not legal limits"
ENV-0003245,M012,ENV-ST-M012-02,CO,0.32,mg/m3,,4,23.334484,86.359221,2026-08-15T14:00:00,DEMO_MONITORING_FEED,COMPLIANT,0,DEMO_CONFIGURATION,"Configured thresholds are synthetic for software testing, not legal limits"
ENV-0003246,M012,ENV-ST-M012-01,pH,6.78,pH,6.5,8.5,23.325843,86.363684,2026-08-15T06:00:00,DEMO_MONITORING_FEED,COMPLIANT,0,DEMO_CONFIGURATION,"Configured thresholds are synthetic for software testing, not legal limits"
ENV-0003247,M012,ENV-ST-M012-03,TSS,12.37,mg/L,,100,23.337294,86.357466,2026-08-15T06:00:00,DEMO_MONITORING_FEED,COMPLIANT,0,DEMO_CONFIGURATION,"Configured thresholds are synthetic for software testing, not legal limits"
ENV-0003248,M012,ENV-ST-M012-02,TDS,190.93,mg/L,,2100,23.327552,86.364412,2026-08-15T06:00:00,DEMO_MONITORING_FEED,COMPLIANT,0,DEMO_CONFIGURATION,"Configured thresholds are synthetic for software testing, not legal limits"
ENV-0003249,M012,ENV-ST-M012-01,COD,63.72,mg/L,,250,23.326778,86.36741,2026-08-15T14:00:00,DEMO_MONITORING_FEED,COMPLIANT,0,DEMO_CONFIGURATION,"Configured thresholds are synthetic for software testing, not legal limits"
ENV-0003250,M012,ENV-ST-M012-03,BOD,7.85,mg/L,,30,23.329611,86.359323,2026-08-15T14:00:00,DEMO_MONITORING_FEED,COMPLIANT,0,DEMO_CONFIGURATION,"Configured thresholds are synthetic for software testing, not legal limits"
ENV-0003251,M012,ENV-ST-M012-01,Oil_Grease,0.56,mg/L,,10,23.337346,86.367059,2026-08-15T06:00:00,DEMO_MONITORING_FEED,COMPLIANT,0,DEMO_CONFIGURATION,"Configured thresholds are synthetic for software testing, not legal limits"
ENV-0003252,M012,ENV-ST-M012-01,Noise,26.73,dB(A),,85,23.339953,86.369477,2026-08-15T22:00:00,DEMO_MONITORING_FEED,COMPLIANT,0,DEMO_CONFIGURATION,"Configured thresholds are synthetic for software testing, not legal limits"
ENV-0003253,M012,ENV-ST-M012-02,PM2.5,11.17,ug/m3,,60,23.325541,86.359344,2026-08-12T06:00:00,DEMO_MONITORING_FEED,COMPLIANT,0,DEMO_CONFIGURATION,"Configured thresholds are synthetic for software testing, not legal limits"
ENV-0003254,M012,ENV-ST-M012-01,PM10,31.37,ug/m3,,100,23.321153,86.369837,2026-08-12T22:00:00,DEMO_MONITORING_FEED,COMPLIANT,0,DEMO_CONFIGURATION,"Configured thresholds are synthetic for software testing, not legal limits"
ENV-0003255,M012,ENV-ST-M012-01,SO2,12.33,ug/m3,,80,23.3253,86.352985,2026-08-12T06:00:00,DEMO_MONITORING_FEED,COMPLIANT,0,DEMO_CONFIGURATION,"Configured thresholds are synthetic for software testing, not legal limits"
ENV-0003256,M012,ENV-ST-M012-02,NO2,12.34,ug/m3,,80,23.333731,86.366422,2026-08-12T14:00:00,DEMO_MONITORING_FEED,COMPLIANT,0,DEMO_CONFIGURATION,"Configured thresholds are synthetic for software testing, not legal limits"
ENV-0003257,M012,ENV-ST-M012-02,CO,0.07,mg/m3,,4,23.329741,86.361405,2026-08-12T06:00:00,DEMO_MONITORING_FEED,COMPLIANT,0,DEMO_CONFIGURATION,"Configured thresholds are synthetic for software testing, not legal limits"
ENV-0003258,M012,ENV-ST-M012-03,pH,7.19,pH,6.5,8.5,23.33708,86.35058,2026-08-12T06:00:00,DEMO_MONITORING_FEED,COMPLIANT,0,DEMO_CONFIGURATION,"Configured thresholds are synthetic for software testing, not legal limits"
ENV-0003259,M012,ENV-ST-M012-02,TSS,19.6,mg/L,,100,23.332964,86.35064,2026-08-12T14:00:00,DEMO_MONITORING_FEED,COMPLIANT,0,DEMO_CONFIGURATION,"Configured thresholds are synthetic for software testing, not legal limits"
ENV-0003260,M012,ENV-ST-M012-03,TDS,243.78,mg/L,,2100,23.327184,86.363017,2026-08-12T22:00:00,DEMO_MONITORING_FEED,COMPLIANT,0,DEMO_CONFIGURATION,"Configured thresholds are synthetic for software testing, not legal limits"
ENV-0003261,M012,ENV-ST-M012-01,COD,34.67,mg/L,,250,23.323513,86.35531,2026-08-12T14:00:00,DEMO_MONITORING_FEED,COMPLIANT,0,DEMO_CONFIGURATION,"Configured thresholds are synthetic for software testing, not legal limits"
ENV-0003262,M012,ENV-ST-M012-03,BOD,3.64,mg/L,,30,23.332232,86.363257,2026-08-12T14:00:00,DEMO_MONITORING_FEED,COMPLIANT,0,DEMO_CONFIGURATION,"Configured thresholds are synthetic for software testing, not legal limits"
ENV-0003263,M012,ENV-ST-M012-01,Oil_Grease,0.98,mg/L,,10,23.332824,86.36964,2026-08-12T06:00:00,DEMO_MONITORING_FEED,COMPLIANT,0,DEMO_CONFIGURATION,"Configured thresholds are synthetic for software testing, not legal limits"
ENV-0003264,M012,ENV-ST-M012-01,Noise,29.19,dB(A),,85,23.331671,86.356223,2026-08-12T14:00:00,DEMO_MONITORING_FEED,COMPLIANT,0,DEMO_CONFIGURATION,"Configured thresholds are synthetic for software testing, not legal limits"
ENV-0003265,M012,ENV-ST-M012-03,PM2.5,11.38,ug/m3,,60,23.328446,86.363611,2026-08-09T14:00:00,DEMO_MONITORING_FEED,COMPLIANT,0,DEMO_CONFIGURATION,"Configured thresholds are synthetic for software testing, not legal limits"
ENV-0003266,M012,ENV-ST-M012-01,PM10,27.27,ug/m3,,100,23.324473,86.361919,2026-08-09T06:00:00,DEMO_MONITORING_FEED,COMPLIANT,0,DEMO_CONFIGURATION,"Configured thresholds are synthetic for software testing, not legal limits"
ENV-0003267,M012,ENV-ST-M012-03,SO2,13.21,ug/m3,,80,23.326758,86.36848,2026-08-09T06:00:00,DEMO_MONITORING_FEED,COMPLIANT,0,DEMO_CONFIGURATION,"Configured thresholds are synthetic for software testing, not legal limits"
ENV-0003268,M012,ENV-ST-M012-01,NO2,14.0,ug/m3,,80,23.333287,86.357658,2026-08-09T14:00:00,DEMO_MONITORING_FEED,COMPLIANT,0,DEMO_CONFIGURATION,"Configured thresholds are synthetic for software testing, not legal limits"
ENV-0003269,M012,ENV-ST-M012-01,CO,0.17,mg/m3,,4,23.324079,86.358371,2026-08-09T06:00:00,DEMO_MONITORING_FEED,COMPLIANT,0,DEMO_CONFIGURATION,"Configured thresholds are synthetic for software testing, not legal limits"
ENV-0003270,M012,ENV-ST-M012-01,pH,7.31,pH,6.5,8.5,23.323402,86.3565,2026-08-09T14:00:00,DEMO_MONITORING_FEED,COMPLIANT,0,DEMO_CONFIGURATION,"Configured thresholds are synthetic for software testing, not legal limits"
ENV-0003271,M012,ENV-ST-M012-01,TSS,25.63,mg/L,,100,23.321277,86.356135,2026-08-09T14:00:00,DEMO_MONITORING_FEED,COMPLIANT,0,DEMO_CONFIGURATION,"Configured thresholds are synthetic for software testing, not legal limits"
ENV-0003272,M012,ENV-ST-M012-01,TDS,267.45,mg/L,,2100,23.329715,86.367044,2026-08-09T06:00:00,DEMO_MONITORING_FEED,COMPLIANT,0,DEMO_CONFIGURATION,"Configured thresholds are synthetic for software testing, not legal limits"
ENV-0003273,M012,ENV-ST-M012-02,COD,32.57,mg/L,,250,23.336412,86.361759,2026-08-09T22:00:00,DEMO_MONITORING_FEED,COMPLIANT,0,DEMO_CONFIGURATION,"Configured thresholds are synthetic for software testing, not legal limits"
ENV-0003274,M012,ENV-ST-M012-02,BOD,4.84,mg/L,,30,23.334774,86.351149,2026-08-09T14:00:00,DEMO_MONITORING_FEED,COMPLIANT,0,DEMO_CONFIGURATION,"Configured thresholds are synthetic for software testing, not legal limits"
ENV-0003275,M012,ENV-ST-M012-01,Oil_Grease,1.27,mg/L,,10,23.335859,86.357822,2026-08-09T06:00:00,DEMO_MONITORING_FEED,COMPLIANT,0,DEMO_CONFIGURATION,"Configured thresholds are synthetic for software testing, not legal limits"
ENV-0003276,M012,ENV-ST-M012-02,Noise,26.52,dB(A),,85,23.326712,86.360671,2026-08-09T06:00:00,DEMO_MONITORING_FEED,COMPLIANT,0,DEMO_CONFIGURATION,"Configured thresholds are synthetic for software testing, not legal limits"
ENV-0003277,M012,ENV-ST-M012-02,PM2.5,10.27,ug/m3,,60,23.321984,86.355482,2026-08-06T14:00:00,DEMO_MONITORING_FEED,COMPLIANT,0,DEMO_CONFIGURATION,"Configured thresholds are synthetic for software testing, not legal limits"
ENV-0003278,M012,ENV-ST-M012-03,PM10,28.02,ug/m3,,100,23.323638,86.357564,2026-08-06T22:00:00,DEMO_MONITORING_FEED,COMPLIANT,0,DEMO_CONFIGURATION,"Configured thresholds are synthetic for software testing, not legal limits"
ENV-0003279,M012,ENV-ST-M012-03,SO2,8.66,ug/m3,,80,23.338428,86.358585,2026-08-06T06:00:00,DEMO_MONITORING_FEED,COMPLIANT,0,DEMO_CONFIGURATION,"Configured thresholds are synthetic for software testing, not legal limits"
ENV-0003280,M012,ENV-ST-M012-03,NO2,18.29,ug/m3,,80,23.324664,86.364545,2026-08-06T06:00:00,DEMO_MONITORING_FEED,COMPLIANT,0,DEMO_CONFIGURATION,"Configured thresholds are synthetic for software testing, not legal limits"
ENV-0003281,M012,ENV-ST-M012-02,CO,0.3,mg/m3,,4,23.335093,86.353242,2026-08-06T06:00:00,DEMO_MONITORING_FEED,COMPLIANT,0,DEMO_CONFIGURATION,"Configured thresholds are synthetic for software testing, not legal limits"
ENV-0003282,M012,ENV-ST-M012-02,pH,7.25,pH,6.5,8.5,23.328869,86.359534,2026-08-06T14:00:00,DEMO_MONITORING_FEED,COMPLIANT,0,DEMO_CONFIGURATION,"Configured thresholds are synthetic for software testing, not legal limits"
ENV-0003283,M012,ENV-ST-M012-02,TSS,21.09,mg/L,,100,23.332346,86.360612,2026-08-06T06:00:00,DEMO_MONITORING_FEED,COMPLIANT,0,DEMO_CONFIGURATION,"Configured thresholds are synthetic for software testing, not legal limits"
ENV-0003284,M012,ENV-ST-M012-01,TDS,251.46,mg/L,,2100,23.328014,86.36873,2026-08-06T14:00:00,DEMO_MONITORING_FEED,COMPLIANT,0,DEMO_CONFIGURATION,"Configured thresholds are synthetic for software testing, not legal limits"
ENV-0003285,M012,ENV-ST-M012-03,COD,41.48,mg/L,,250,23.32223,86.353194,2026-08-06T14:00:00,DEMO_MONITORING_FEED,COMPLIANT,0,DEMO_CONFIGURATION,"Configured thresholds are synthetic for software testing, not legal limits"
ENV-0003286,M012,ENV-ST-M012-03,BOD,5.53,mg/L,,30,23.320531,86.3663,2026-08-06T06:00:00,DEMO_MONITORING_FEED,COMPLIANT,0,DEMO_CONFIGURATION,"Configured thresholds are synthetic for software testing, not legal limits"
ENV-0003287,M012,ENV-ST-M012-03,Oil_Grease,1.11,mg/L,,10,23.328997,86.360803,2026-08-06T22:00:00,DEMO_MONITORING_FEED,COMPLIANT,0,DEMO_CONFIGURATION,"Configured thresholds are synthetic for software testing, not legal limits"
ENV-0003288,M012,ENV-ST-M012-03,Noise,29.47,dB(A),,85,23.320748,86.360486,2026-08-06T22:00:00,DEMO_MONITORING_FEED,COMPLIANT,0,DEMO_CONFIGURATION,"Configured thresholds are synthetic for software testing, not legal limits"
ENV-0003289,M012,ENV-ST-M012-02,PM2.5,9.79,ug/m3,,60,23.329079,86.35839,2026-08-03T06:00:00,DEMO_MONITORING_FEED,COMPLIANT,0,DEMO_CONFIGURATION,"Configured thresholds are synthetic for software testing, not legal limits"
ENV-0003290,M012,ENV-ST-M012-03,PM10,21.21,ug/m3,,100,23.337094,86.362332,2026-08-03T22:00:00,DEMO_MONITORING_FEED,COMPLIANT,0,DEMO_CONFIGURATION,"Configured thresholds are synthetic for software testing, not legal limits"
ENV-0003291,M012,ENV-ST-M012-02,SO2,13.3,ug/m3,,80,23.323075,86.359215,2026-08-03T22:00:00,DEMO_MONITORING_FEED,COMPLIANT,0,DEMO_CONFIGURATION,"Configured thresholds are synthetic for software testing, not legal limits"
ENV-0003292,M012,ENV-ST-M012-02,NO2,14.06,ug/m3,,80,23.323677,86.366446,2026-08-03T06:00:00,DEMO_MONITORING_FEED,COMPLIANT,0,DEMO_CONFIGURATION,"Configured thresholds are synthetic for software testing, not legal limits"
ENV-0003293,M012,ENV-ST-M012-03,CO,0.32,mg/m3,,4,23.321634,86.358738,2026-08-03T22:00:00,DEMO_MONITORING_FEED,COMPLIANT,0,DEMO_CONFIGURATION,"Configured thresholds are synthetic for software testing, not legal limits"
ENV-0003294,M012,ENV-ST-M012-03,pH,7.19,pH,6.5,8.5,23.330888,86.351429,2026-08-03T06:00:00,DEMO_MONITORING_FEED,COMPLIANT,0,DEMO_CONFIGURATION,"Configured thresholds are synthetic for software testing, not legal limits"
ENV-0003295,M012,ENV-ST-M012-02,TSS,18.51,mg/L,,100,23.327656,86.367139,2026-08-03T14:00:00,DEMO_MONITORING_FEED,COMPLIANT,0,DEMO_CONFIGURATION,"Configured thresholds are synthetic for software testing, not legal limits"
ENV-0003296,M012,ENV-ST-M012-02,TDS,301.0,mg/L,,2100,23.339062,86.354042,2026-08-03T22:00:00,DEMO_MONITORING_FEED,COMPLIANT,0,DEMO_CONFIGURATION,"Configured thresholds are synthetic for software testing, not legal limits"
ENV-0003297,M012,ENV-ST-M012-03,COD,36.69,mg/L,,250,23.320536,86.367303,2026-08-03T22:00:00,DEMO_MONITORING_FEED,COMPLIANT,0,DEMO_CONFIGURATION,"Configured thresholds are synthetic for software testing, not legal limits"
ENV-0003298,M012,ENV-ST-M012-01,BOD,7.75,mg/L,,30,23.327026,86.354999,2026-08-03T14:00:00,DEMO_MONITORING_FEED,COMPLIANT,0,DEMO_CONFIGURATION,"Configured thresholds are synthetic for software testing, not legal limits"
ENV-0003299,M012,ENV-ST-M012-02,Oil_Grease,0.86,mg/L,,10,23.339295,86.35122,2026-08-03T22:00:00,DEMO_MONITORING_FEED,COMPLIANT,0,DEMO_CONFIGURATION,"Configured thresholds are synthetic for software testing, not legal limits"
ENV-0003300,M012,ENV-ST-M012-03,Noise,30.11,dB(A),,85,23.326716,86.3625,2026-08-03T22:00:00,DEMO_MONITORING_FEED,COMPLIANT,0,DEMO_CONFIGURATION,"Configured thresholds are synthetic for software testing, not legal limits"
ENV-0003301,M012,ENV-ST-M012-02,PM2.5,9.49,ug/m3,,60,23.333827,86.364761,2026-07-31T22:00:00,DEMO_MONITORING_FEED,COMPLIANT,0,DEMO_CONFIGURATION,"Configured thresholds are synthetic for software testing, not legal limits"
ENV-0003302,M012,ENV-ST-M012-03,PM10,23.44,ug/m3,,100,23.322717,86.363582,2026-07-31T22:00:00,DEMO_MONITORING_FEED,COMPLIANT,0,DEMO_CONFIGURATION,"Configured thresholds are synthetic for software testing, not legal limits"
ENV-0003303,M012,ENV-ST-M012-01,SO2,12.57,ug/m3,,80,23.321253,86.350423,2026-07-31T14:00:00,DEMO_MONITORING_FEED,COMPLIANT,0,DEMO_CONFIGURATION,"Configured thresholds are synthetic for software testing, not legal limits"
ENV-0003304,M012,ENV-ST-M012-02,NO2,9.59,ug/m3,,80,23.325969,86.35303,2026-07-31T14:00:00,DEMO_MONITORING_FEED,COMPLIANT,0,DEMO_CONFIGURATION,"Configured thresholds are synthetic for software testing, not legal limits"
ENV-0003305,M012,ENV-ST-M012-02,CO,0.36,mg/m3,,4,23.337095,86.364197,2026-07-31T14:00:00,DEMO_MONITORING_FEED,COMPLIANT,0,DEMO_CONFIGURATION,"Configured thresholds are synthetic for software testing, not legal limits"
ENV-0003306,M012,ENV-ST-M012-01,pH,7.27,pH,6.5,8.5,23.328809,86.359546,2026-07-31T06:00:00,DEMO_MONITORING_FEED,COMPLIANT,0,DEMO_CONFIGURATION,"Configured thresholds are synthetic for software testing, not legal limits"
ENV-0003307,M012,ENV-ST-M012-01,TSS,17.45,mg/L,,100,23.330088,86.356685,2026-07-31T14:00:00,DEMO_MONITORING_FEED,COMPLIANT,0,DEMO_CONFIGURATION,"Configured thresholds are synthetic for software testing, not legal limits"
ENV-0003308,M012,ENV-ST-M012-03,TDS,363.48,mg/L,,2100,23.327167,86.351265,2026-07-31T06:00:00,DEMO_MONITORING_FEED,COMPLIANT,0,DEMO_CONFIGURATION,"Configured thresholds are synthetic for software testing, not legal limits"
ENV-0003309,M012,ENV-ST-M012-03,COD,54.81,mg/L,,250,23.33401,86.357764,2026-07-31T06:00:00,DEMO_MONITORING_FEED,COMPLIANT,0,DEMO_CONFIGURATION,"Configured thresholds are synthetic for software testing, not legal limits"
ENV-0003310,M012,ENV-ST-M012-01,BOD,6.47,mg/L,,30,23.324416,86.354386,2026-07-31T14:00:00,DEMO_MONITORING_FEED,COMPLIANT,0,DEMO_CONFIGURATION,"Configured thresholds are synthetic for software testing, not legal limits"
ENV-0003311,M012,ENV-ST-M012-02,Oil_Grease,0.91,mg/L,,10,23.32124,86.351781,2026-07-31T06:00:00,DEMO_MONITORING_FEED,COMPLIANT,0,DEMO_CONFIGURATION,"Configured thresholds are synthetic for software testing, not legal limits"
ENV-0003312,M012,ENV-ST-M012-03,Noise,25.47,dB(A),,85,23.337602,86.35713,2026-07-31T22:00:00,DEMO_MONITORING_FEED,COMPLIANT,0,DEMO_CONFIGURATION,"Configured thresholds are synthetic for software testing, not legal limits"
ENV-0003313,M012,ENV-ST-M012-01,PM2.5,11.84,ug/m3,,60,23.322196,86.368835,2026-07-28T06:00:00,DEMO_MONITORING_FEED,COMPLIANT,0,DEMO_CONFIGURATION,"Configured thresholds are synthetic for software testing, not legal limits"
ENV-0003314,M012,ENV-ST-M012-01,PM10,24.68,ug/m3,,100,23.333806,86.363822,2026-07-28T22:00:00,DEMO_MONITORING_FEED,COMPLIANT,0,DEMO_CONFIGURATION,"Configured thresholds are synthetic for software testing, not legal limits"
ENV-0003315,M012,ENV-ST-M012-02,SO2,10.96,ug/m3,,80,23.339383,86.369764,2026-07-28T22:00:00,DEMO_MONITORING_FEED,COMPLIANT,0,DEMO_CONFIGURATION,"Configured thresholds are synthetic for software testing, not legal limits"
ENV-0003316,M012,ENV-ST-M012-03,NO2,14.14,ug/m3,,80,23.334784,86.364934,2026-07-28T22:00:00,DEMO_MONITORING_FEED,COMPLIANT,0,DEMO_CONFIGURATION,"Configured thresholds are synthetic for software testing, not legal limits"
ENV-0003317,M012,ENV-ST-M012-02,CO,0.11,mg/m3,,4,23.324356,86.360796,2026-07-28T22:00:00,DEMO_MONITORING_FEED,COMPLIANT,0,DEMO_CONFIGURATION,"Configured thresholds are synthetic for software testing, not legal limits"
ENV-0003318,M012,ENV-ST-M012-03,pH,6.91,pH,6.5,8.5,23.32419,86.353276,2026-07-28T06:00:00,DEMO_MONITORING_FEED,COMPLIANT,0,DEMO_CONFIGURATION,"Configured thresholds are synthetic for software testing, not legal limits"
ENV-0003319,M012,ENV-ST-M012-02,TSS,12.79,mg/L,,100,23.334642,86.361293,2026-07-28T14:00:00,DEMO_MONITORING_FEED,COMPLIANT,0,DEMO_CONFIGURATION,"Configured thresholds are synthetic for software testing, not legal limits"
ENV-0003320,M012,ENV-ST-M012-03,TDS,185.71,mg/L,,2100,23.334386,86.363214,2026-07-28T14:00:00,DEMO_MONITORING_FEED,COMPLIANT,0,DEMO_CONFIGURATION,"Configured thresholds are synthetic for software testing, not legal limits"
ENV-0003321,M012,ENV-ST-M012-02,COD,53.37,mg/L,,250,23.330597,86.365763,2026-07-28T14:00:00,DEMO_MONITORING_FEED,COMPLIANT,0,DEMO_CONFIGURATION,"Configured thresholds are synthetic for software testing, not legal limits"
ENV-0003322,M012,ENV-ST-M012-01,BOD,5.88,mg/L,,30,23.331085,86.352241,2026-07-28T14:00:00,DEMO_MONITORING_FEED,COMPLIANT,0,DEMO_CONFIGURATION,"Configured thresholds are synthetic for software testing, not legal limits"
ENV-0003323,M012,ENV-ST-M012-02,Oil_Grease,1.65,mg/L,,10,23.32285,86.360797,2026-07-28T14:00:00,DEMO_MONITORING_FEED,COMPLIANT,0,DEMO_CONFIGURATION,"Configured thresholds are synthetic for software testing, not legal limits"
ENV-0003324,M012,ENV-ST-M012-02,Noise,25.84,dB(A),,85,23.333501,86.364906,2026-07-28T22:00:00,DEMO_MONITORING_FEED,COMPLIANT,0,DEMO_CONFIGURATION,"Configured thresholds are synthetic for software testing, not legal limits"
ENV-0003325,M012,ENV-ST-M012-01,PM2.5,11.26,ug/m3,,60,23.333655,86.351832,2026-07-25T06:00:00,DEMO_MONITORING_FEED,COMPLIANT,0,DEMO_CONFIGURATION,"Configured thresholds are synthetic for software testing, not legal limits"
ENV-0003326,M012,ENV-ST-M012-03,PM10,23.79,ug/m3,,100,23.323997,86.363688,2026-07-25T22:00:00,DEMO_MONITORING_FEED,COMPLIANT,0,DEMO_CONFIGURATION,"Configured thresholds are synthetic for software testing, not legal limits"
ENV-0003327,M012,ENV-ST-M012-02,SO2,9.2,ug/m3,,80,23.329829,86.359457,2026-07-25T14:00:00,DEMO_MONITORING_FEED,COMPLIANT,0,DEMO_CONFIGURATION,"Configured thresholds are synthetic for software testing, not legal limits"
ENV-0003328,M012,ENV-ST-M012-01,NO2,11.83,ug/m3,,80,23.335067,86.369855,2026-07-25T06:00:00,DEMO_MONITORING_FEED,COMPLIANT,0,DEMO_CONFIGURATION,"Configured thresholds are synthetic for software testing, not legal limits"
ENV-0003329,M012,ENV-ST-M012-02,CO,0.22,mg/m3,,4,23.321781,86.356849,2026-07-25T22:00:00,DEMO_MONITORING_FEED,COMPLIANT,0,DEMO_CONFIGURATION,"Configured thresholds are synthetic for software testing, not legal limits"
ENV-0003330,M012,ENV-ST-M012-03,pH,7.21,pH,6.5,8.5,23.321952,86.366257,2026-07-25T06:00:00,DEMO_MONITORING_FEED,COMPLIANT,0,DEMO_CONFIGURATION,"Configured thresholds are synthetic for software testing, not legal limits"
ENV-0003331,M012,ENV-ST-M012-01,TSS,17.55,mg/L,,100,23.326345,86.35239,2026-07-25T22:00:00,DEMO_MONITORING_FEED,COMPLIANT,0,DEMO_CONFIGURATION,"Configured thresholds are synthetic for software testing, not legal limits"
ENV-0003332,M012,ENV-ST-M012-01,TDS,252.19,mg/L,,2100,23.324595,86.350052,2026-07-25T06:00:00,DEMO_MONITORING_FEED,COMPLIANT,0,DEMO_CONFIGURATION,"Configured thresholds are synthetic for software testing, not legal limits"
ENV-0003333,M012,ENV-ST-M012-03,COD,44.38,mg/L,,250,23.336945,86.356302,2026-07-25T22:00:00,DEMO_MONITORING_FEED,COMPLIANT,0,DEMO_CONFIGURATION,"Configured thresholds are synthetic for software testing, not legal limits"
ENV-0003334,M012,ENV-ST-M012-03,BOD,7.34,mg/L,,30,23.335379,86.36125,2026-07-25T06:00:00,DEMO_MONITORING_FEED,COMPLIANT,0,DEMO_CONFIGURATION,"Configured thresholds are synthetic for software testing, not legal limits"
ENV-0003335,M012,ENV-ST-M012-02,Oil_Grease,0.65,mg/L,,10,23.329513,86.35802,2026-07-25T06:00:00,DEMO_MONITORING_FEED,COMPLIANT,0,DEMO_CONFIGURATION,"Configured thresholds are synthetic for software testing, not legal limits"
ENV-0003336,M012,ENV-ST-M012-02,Noise,17.44,dB(A),,85,23.329586,86.352844,2026-07-25T06:00:00,DEMO_MONITORING_FEED,COMPLIANT,0,DEMO_CONFIGURATION,"Configured thresholds are synthetic for software testing, not legal limits"
ENV-0003337,M012,ENV-ST-M012-02,PM2.5,17.43,ug/m3,,60,23.336105,86.354413,2026-07-22T22:00:00,DEMO_MONITORING_FEED,COMPLIANT,0,DEMO_CONFIGURATION,"Configured thresholds are synthetic for software testing, not legal limits"
ENV-0003338,M012,ENV-ST-M012-01,PM10,19.6,ug/m3,,100,23.329983,86.366192,2026-07-22T06:00:00,DEMO_MONITORING_FEED,COMPLIANT,0,DEMO_CONFIGURATION,"Configured thresholds are synthetic for software testing, not legal limits"
ENV-0003339,M012,ENV-ST-M012-02,SO2,11.56,ug/m3,,80,23.331519,86.364518,2026-07-22T14:00:00,DEMO_MONITORING_FEED,COMPLIANT,0,DEMO_CONFIGURATION,"Configured thresholds are synthetic for software testing, not legal limits"
ENV-0003340,M012,ENV-ST-M012-03,NO2,14.52,ug/m3,,80,23.332755,86.36171,2026-07-22T14:00:00,DEMO_MONITORING_FEED,COMPLIANT,0,DEMO_CONFIGURATION,"Configured thresholds are synthetic for software testing, not legal limits"
ENV-0003341,M012,ENV-ST-M012-01,CO,0.39,mg/m3,,4,23.324792,86.362868,2026-07-22T06:00:00,DEMO_MONITORING_FEED,COMPLIANT,0,DEMO_CONFIGURATION,"Configured thresholds are synthetic for software testing, not legal limits"
ENV-0003342,M012,ENV-ST-M012-02,pH,6.82,pH,6.5,8.5,23.335394,86.366462,2026-07-22T22:00:00,DEMO_MONITORING_FEED,COMPLIANT,0,DEMO_CONFIGURATION,"Configured thresholds are synthetic for software testing, not legal limits"
ENV-0003343,M012,ENV-ST-M012-02,TSS,19.03,mg/L,,100,23.335638,86.354428,2026-07-22T22:00:00,DEMO_MONITORING_FEED,COMPLIANT,0,DEMO_CONFIGURATION,"Configured thresholds are synthetic for software testing, not legal limits"
ENV-0003344,M012,ENV-ST-M012-02,TDS,289.67,mg/L,,2100,23.325106,86.360043,2026-07-22T22:00:00,DEMO_MONITORING_FEED,COMPLIANT,0,DEMO_CONFIGURATION,"Configured thresholds are synthetic for software testing, not legal limits"
ENV-0003345,M012,ENV-ST-M012-01,COD,48.16,mg/L,,250,23.329992,86.36645,2026-07-22T14:00:00,DEMO_MONITORING_FEED,COMPLIANT,0,DEMO_CONFIGURATION,"Configured thresholds are synthetic for software testing, not legal limits"
ENV-0003346,M012,ENV-ST-M012-01,BOD,4.97,mg/L,,30,23.339531,86.360384,2026-07-22T06:00:00,DEMO_MONITORING_FEED,COMPLIANT,0,DEMO_CONFIGURATION,"Configured thresholds are synthetic for software testing, not legal limits"
ENV-0003347,M012,ENV-ST-M012-02,Oil_Grease,1.63,mg/L,,10,23.328165,86.368131,2026-07-22T22:00:00,DEMO_MONITORING_FEED,COMPLIANT,0,DEMO_CONFIGURATION,"Configured thresholds are synthetic for software testing, not legal limits"
ENV-0003348,M012,ENV-ST-M012-03,Noise,19.32,dB(A),,85,23.320635,86.368291,2026-07-22T14:00:00,DEMO_MONITORING_FEED,COMPLIANT,0,DEMO_CONFIGURATION,"Configured thresholds are synthetic for software testing, not legal limits"
ENV-0003349,M012,ENV-ST-M012-03,PM2.5,12.1,ug/m3,,60,23.331413,86.355709,2026-07-19T06:00:00,DEMO_MONITORING_FEED,COMPLIANT,0,DEMO_CONFIGURATION,"Configured thresholds are synthetic for software testing, not legal limits"
ENV-0003350,M012,ENV-ST-M012-03,PM10,21.9,ug/m3,,100,23.330527,86.352676,2026-07-19T22:00:00,DEMO_MONITORING_FEED,COMPLIANT,0,DEMO_CONFIGURATION,"Configured thresholds are synthetic for software testing, not legal limits"
ENV-0003351,M012,ENV-ST-M012-03,SO2,8.44,ug/m3,,80,23.338967,86.356851,2026-07-19T14:00:00,DEMO_MONITORING_FEED,COMPLIANT,0,DEMO_CONFIGURATION,"Configured thresholds are synthetic for software testing, not legal limits"
ENV-0003352,M012,ENV-ST-M012-03,NO2,14.38,ug/m3,,80,23.325197,86.369575,2026-07-19T06:00:00,DEMO_MONITORING_FEED,COMPLIANT,0,DEMO_CONFIGURATION,"Configured thresholds are synthetic for software testing, not legal limits"
ENV-0003353,M012,ENV-ST-M012-03,CO,0.76,mg/m3,,4,23.334215,86.362508,2026-07-19T06:00:00,DEMO_MONITORING_FEED,COMPLIANT,0,DEMO_CONFIGURATION,"Configured thresholds are synthetic for software testing, not legal limits"
ENV-0003354,M012,ENV-ST-M012-03,pH,6.92,pH,6.5,8.5,23.333878,86.364526,2026-07-19T14:00:00,DEMO_MONITORING_FEED,COMPLIANT,0,DEMO_CONFIGURATION,"Configured thresholds are synthetic for software testing, not legal limits"
ENV-0003355,M012,ENV-ST-M012-02,TSS,20.41,mg/L,,100,23.339097,86.35594,2026-07-19T22:00:00,DEMO_MONITORING_FEED,COMPLIANT,0,DEMO_CONFIGURATION,"Configured thresholds are synthetic for software testing, not legal limits"
ENV-0003356,M012,ENV-ST-M012-02,TDS,198.59,mg/L,,2100,23.323767,86.367658,2026-07-19T14:00:00,DEMO_MONITORING_FEED,COMPLIANT,0,DEMO_CONFIGURATION,"Configured thresholds are synthetic for software testing, not legal limits"
ENV-0003357,M012,ENV-ST-M012-03,COD,72.44,mg/L,,250,23.334074,86.351462,2026-07-19T14:00:00,DEMO_MONITORING_FEED,COMPLIANT,0,DEMO_CONFIGURATION,"Configured thresholds are synthetic for software testing, not legal limits"
ENV-0003358,M012,ENV-ST-M012-02,BOD,5.48,mg/L,,30,23.325376,86.363189,2026-07-19T06:00:00,DEMO_MONITORING_FEED,COMPLIANT,0,DEMO_CONFIGURATION,"Configured thresholds are synthetic for software testing, not legal limits"
ENV-0003359,M012,ENV-ST-M012-03,Oil_Grease,1.49,mg/L,,10,23.328924,86.351471,2026-07-19T22:00:00,DEMO_MONITORING_FEED,COMPLIANT,0,DEMO_CONFIGURATION,"Configured thresholds are synthetic for software testing, not legal limits"
ENV-0003360,M012,ENV-ST-M012-03,Noise,21.13,dB(A),,85,23.322961,86.369519,2026-07-19T06:00:00,DEMO_MONITORING_FEED,COMPLIANT,0,DEMO_CONFIGURATION,"Configured thresholds are synthetic for software testing, not legal limits"
ENV-0003361,M012,ENV-ST-M012-01,PM2.5,13.23,ug/m3,,60,23.334677,86.354849,2026-07-16T22:00:00,DEMO_MONITORING_FEED,COMPLIANT,0,DEMO_CONFIGURATION,"Configured thresholds are synthetic for software testing, not legal limits"
ENV-0003362,M012,ENV-ST-M012-03,PM10,25.4,ug/m3,,100,23.335791,86.366154,2026-07-16T22:00:00,DEMO_MONITORING_FEED,COMPLIANT,0,DEMO_CONFIGURATION,"Configured thresholds are synthetic for software testing, not legal limits"
ENV-0003363,M012,ENV-ST-M012-02,SO2,12.54,ug/m3,,80,23.32446,86.362565,2026-07-16T06:00:00,DEMO_MONITORING_FEED,COMPLIANT,0,DEMO_CONFIGURATION,"Configured thresholds are synthetic for software testing, not legal limits"
ENV-0003364,M012,ENV-ST-M012-02,NO2,11.34,ug/m3,,80,23.337385,86.353708,2026-07-16T06:00:00,DEMO_MONITORING_FEED,COMPLIANT,0,DEMO_CONFIGURATION,"Configured thresholds are synthetic for software testing, not legal limits"
ENV-0003365,M012,ENV-ST-M012-02,CO,0.08,mg/m3,,4,23.329082,86.352523,2026-07-16T22:00:00,DEMO_MONITORING_FEED,COMPLIANT,0,DEMO_CONFIGURATION,"Configured thresholds are synthetic for software testing, not legal limits"
ENV-0003366,M012,ENV-ST-M012-02,pH,7.01,pH,6.5,8.5,23.32674,86.369493,2026-07-16T14:00:00,DEMO_MONITORING_FEED,COMPLIANT,0,DEMO_CONFIGURATION,"Configured thresholds are synthetic for software testing, not legal limits"
ENV-0003367,M012,ENV-ST-M012-01,TSS,22.69,mg/L,,100,23.331163,86.368021,2026-07-16T22:00:00,DEMO_MONITORING_FEED,COMPLIANT,0,DEMO_CONFIGURATION,"Configured thresholds are synthetic for software testing, not legal limits"
ENV-0003368,M012,ENV-ST-M012-01,TDS,310.56,mg/L,,2100,23.323239,86.354406,2026-07-16T06:00:00,DEMO_MONITORING_FEED,COMPLIANT,0,DEMO_CONFIGURATION,"Configured thresholds are synthetic for software testing, not legal limits"
ENV-0003369,M012,ENV-ST-M012-03,COD,39.77,mg/L,,250,23.328942,86.365813,2026-07-16T22:00:00,DEMO_MONITORING_FEED,COMPLIANT,0,DEMO_CONFIGURATION,"Configured thresholds are synthetic for software testing, not legal limits"
ENV-0003370,M012,ENV-ST-M012-01,BOD,6.25,mg/L,,30,23.328226,86.357095,2026-07-16T22:00:00,DEMO_MONITORING_FEED,COMPLIANT,0,DEMO_CONFIGURATION,"Configured thresholds are synthetic for software testing, not legal limits"
ENV-0003371,M012,ENV-ST-M012-01,Oil_Grease,1.37,mg/L,,10,23.330507,86.358423,2026-07-16T06:00:00,DEMO_MONITORING_FEED,COMPLIANT,0,DEMO_CONFIGURATION,"Configured thresholds are synthetic for software testing, not legal limits"
ENV-0003372,M012,ENV-ST-M012-02,Noise,26.51,dB(A),,85,23.339124,86.361486,2026-07-16T06:00:00,DEMO_MONITORING_FEED,COMPLIANT,0,DEMO_CONFIGURATION,"Configured thresholds are synthetic for software testing, not legal limits"
ENV-0003373,M012,ENV-ST-M012-02,PM2.5,11.59,ug/m3,,60,23.324095,86.354261,2026-07-13T22:00:00,DEMO_MONITORING_FEED,COMPLIANT,0,DEMO_CONFIGURATION,"Configured thresholds are synthetic for software testing, not legal limits"
ENV-0003374,M012,ENV-ST-M012-03,PM10,18.98,ug/m3,,100,23.321638,86.363697,2026-07-13T14:00:00,DEMO_MONITORING_FEED,COMPLIANT,0,DEMO_CONFIGURATION,"Configured thresholds are synthetic for software testing, not legal limits"
ENV-0003375,M012,ENV-ST-M012-02,SO2,11.86,ug/m3,,80,23.332339,86.36212,2026-07-13T22:00:00,DEMO_MONITORING_FEED,COMPLIANT,0,DEMO_CONFIGURATION,"Configured thresholds are synthetic for software testing, not legal limits"
ENV-0003376,M012,ENV-ST-M012-03,NO2,16.13,ug/m3,,80,23.336639,86.364016,2026-07-13T14:00:00,DEMO_MONITORING_FEED,COMPLIANT,0,DEMO_CONFIGURATION,"Configured thresholds are synthetic for software testing, not legal limits"
ENV-0003377,M012,ENV-ST-M012-03,CO,0.39,mg/m3,,4,23.328269,86.35679,2026-07-13T14:00:00,DEMO_MONITORING_FEED,COMPLIANT,0,DEMO_CONFIGURATION,"Configured thresholds are synthetic for software testing, not legal limits"
ENV-0003378,M012,ENV-ST-M012-03,pH,7.11,pH,6.5,8.5,23.327488,86.367227,2026-07-13T22:00:00,DEMO_MONITORING_FEED,COMPLIANT,0,DEMO_CONFIGURATION,"Configured thresholds are synthetic for software testing, not legal limits"
ENV-0003379,M012,ENV-ST-M012-01,TSS,14.78,mg/L,,100,23.332332,86.352904,2026-07-13T06:00:00,DEMO_MONITORING_FEED,COMPLIANT,0,DEMO_CONFIGURATION,"Configured thresholds are synthetic for software testing, not legal limits"
ENV-0003380,M012,ENV-ST-M012-01,TDS,180.18,mg/L,,2100,23.326809,86.357215,2026-07-13T14:00:00,DEMO_MONITORING_FEED,COMPLIANT,0,DEMO_CONFIGURATION,"Configured thresholds are synthetic for software testing, not legal limits"
ENV-0003381,M012,ENV-ST-M012-01,COD,48.36,mg/L,,250,23.329083,86.356,2026-07-13T22:00:00,DEMO_MONITORING_FEED,COMPLIANT,0,DEMO_CONFIGURATION,"Configured thresholds are synthetic for software testing, not legal limits"
ENV-0003382,M012,ENV-ST-M012-03,BOD,6.37,mg/L,,30,23.324042,86.368203,2026-07-13T06:00:00,DEMO_MONITORING_FEED,COMPLIANT,0,DEMO_CONFIGURATION,"Configured thresholds are synthetic for software testing, not legal limits"
ENV-0003383,M012,ENV-ST-M012-03,Oil_Grease,1.6,mg/L,,10,23.335307,86.354599,2026-07-13T14:00:00,DEMO_MONITORING_FEED,COMPLIANT,0,DEMO_CONFIGURATION,"Configured thresholds are synthetic for software testing, not legal limits"
ENV-0003384,M012,ENV-ST-M012-01,Noise,21.37,dB(A),,85,23.328687,86.365549,2026-07-13T22:00:00,DEMO_MONITORING_FEED,COMPLIANT,0,DEMO_CONFIGURATION,"Configured thresholds are synthetic for software testing, not legal limits"
ENV-0003385,M012,ENV-ST-M012-01,PM2.5,10.24,ug/m3,,60,23.334792,86.368392,2026-07-10T06:00:00,DEMO_MONITORING_FEED,COMPLIANT,0,DEMO_CONFIGURATION,"Configured thresholds are synthetic for software testing, not legal limits"
ENV-0003386,M012,ENV-ST-M012-02,PM10,24.39,ug/m3,,100,23.326659,86.355701,2026-07-10T22:00:00,DEMO_MONITORING_FEED,COMPLIANT,0,DEMO_CONFIGURATION,"Configured thresholds are synthetic for software testing, not legal limits"
ENV-0003387,M012,ENV-ST-M012-02,SO2,10.47,ug/m3,,80,23.322767,86.369481,2026-07-10T06:00:00,DEMO_MONITORING_FEED,COMPLIANT,0,DEMO_CONFIGURATION,"Configured thresholds are synthetic for software testing, not legal limits"
ENV-0003388,M012,ENV-ST-M012-01,NO2,15.14,ug/m3,,80,23.337957,86.367658,2026-07-10T06:00:00,DEMO_MONITORING_FEED,COMPLIANT,0,DEMO_CONFIGURATION,"Configured thresholds are synthetic for software testing, not legal limits"
ENV-0003389,M012,ENV-ST-M012-02,CO,0.28,mg/m3,,4,23.33373,86.355197,2026-07-10T06:00:00,DEMO_MONITORING_FEED,COMPLIANT,0,DEMO_CONFIGURATION,"Configured thresholds are synthetic for software testing, not legal limits"
ENV-0003390,M012,ENV-ST-M012-03,pH,6.95,pH,6.5,8.5,23.326735,86.353754,2026-07-10T22:00:00,DEMO_MONITORING_FEED,COMPLIANT,0,DEMO_CONFIGURATION,"Configured thresholds are synthetic for software testing, not legal limits"
ENV-0003391,M012,ENV-ST-M012-01,TSS,25.46,mg/L,,100,23.324179,86.354788,2026-07-10T14:00:00,DEMO_MONITORING_FEED,COMPLIANT,0,DEMO_CONFIGURATION,"Configured thresholds are synthetic for software testing, not legal limits"
ENV-0003392,M012,ENV-ST-M012-03,TDS,154.04,mg/L,,2100,23.333832,86.355276,2026-07-10T06:00:00,DEMO_MONITORING_FEED,COMPLIANT,0,DEMO_CONFIGURATION,"Configured thresholds are synthetic for software testing, not legal limits"
ENV-0003393,M012,ENV-ST-M012-02,COD,39.45,mg/L,,250,23.320736,86.368614,2026-07-10T22:00:00,DEMO_MONITORING_FEED,COMPLIANT,0,DEMO_CONFIGURATION,"Configured thresholds are synthetic for software testing, not legal limits"
ENV-0003394,M012,ENV-ST-M012-02,BOD,5.68,mg/L,,30,23.339582,86.362203,2026-07-10T22:00:00,DEMO_MONITORING_FEED,COMPLIANT,0,DEMO_CONFIGURATION,"Configured thresholds are synthetic for software testing, not legal limits"
ENV-0003395,M012,ENV-ST-M012-01,Oil_Grease,1.34,mg/L,,10,23.338165,86.358838,2026-07-10T22:00:00,DEMO_MONITORING_FEED,COMPLIANT,0,DEMO_CONFIGURATION,"Configured thresholds are synthetic for software testing, not legal limits"
ENV-0003396,M012,ENV-ST-M012-03,Noise,25.75,dB(A),,85,23.328741,86.363854,2026-07-10T14:00:00,DEMO_MONITORING_FEED,COMPLIANT,0,DEMO_CONFIGURATION,"Configured thresholds are synthetic for software testing, not legal limits"
ENV-0003397,M012,ENV-ST-M012-03,PM2.5,15.78,ug/m3,,60,23.328616,86.36148,2026-07-07T14:00:00,DEMO_MONITORING_FEED,COMPLIANT,0,DEMO_CONFIGURATION,"Configured thresholds are synthetic for software testing, not legal limits"
ENV-0003398,M012,ENV-ST-M012-01,PM10,26.06,ug/m3,,100,23.337905,86.350034,2026-07-07T06:00:00,DEMO_MONITORING_FEED,COMPLIANT,0,DEMO_CONFIGURATION,"Configured thresholds are synthetic for software testing, not legal limits"
ENV-0003399,M012,ENV-ST-M012-02,SO2,18.28,ug/m3,,80,23.329241,86.356579,2026-07-07T22:00:00,DEMO_MONITORING_FEED,COMPLIANT,0,DEMO_CONFIGURATION,"Configured thresholds are synthetic for software testing, not legal limits"
ENV-0003400,M012,ENV-ST-M012-01,NO2,15.58,ug/m3,,80,23.329078,86.368818,2026-07-07T14:00:00,DEMO_MONITORING_FEED,COMPLIANT,0,DEMO_CONFIGURATION,"Configured thresholds are synthetic for software testing, not legal limits"
ENV-0003401,M012,ENV-ST-M012-03,CO,0.28,mg/m3,,4,23.33141,86.355123,2026-07-07T22:00:00,DEMO_MONITORING_FEED,COMPLIANT,0,DEMO_CONFIGURATION,"Configured thresholds are synthetic for software testing, not legal limits"
ENV-0003402,M012,ENV-ST-M012-01,pH,7.19,pH,6.5,8.5,23.321313,86.350442,2026-07-07T06:00:00,DEMO_MONITORING_FEED,COMPLIANT,0,DEMO_CONFIGURATION,"Configured thresholds are synthetic for software testing, not legal limits"
ENV-0003403,M012,ENV-ST-M012-01,TSS,18.86,mg/L,,100,23.322252,86.36656,2026-07-07T06:00:00,DEMO_MONITORING_FEED,COMPLIANT,0,DEMO_CONFIGURATION,"Configured thresholds are synthetic for software testing, not legal limits"
ENV-0003404,M012,ENV-ST-M012-03,TDS,300.49,mg/L,,2100,23.331095,86.354359,2026-07-07T22:00:00,DEMO_MONITORING_FEED,COMPLIANT,0,DEMO_CONFIGURATION,"Configured thresholds are synthetic for software testing, not legal limits"
ENV-0003405,M012,ENV-ST-M012-03,COD,39.54,mg/L,,250,23.337789,86.36227,2026-07-07T22:00:00,DEMO_MONITORING_FEED,COMPLIANT,0,DEMO_CONFIGURATION,"Configured thresholds are synthetic for software testing, not legal limits"
ENV-0003406,M012,ENV-ST-M012-02,BOD,4.53,mg/L,,30,23.329267,86.35406,2026-07-07T06:00:00,DEMO_MONITORING_FEED,COMPLIANT,0,DEMO_CONFIGURATION,"Configured thresholds are synthetic for software testing, not legal limits"
ENV-0003407,M012,ENV-ST-M012-01,Oil_Grease,1.0,mg/L,,10,23.330514,86.369351,2026-07-07T22:00:00,DEMO_MONITORING_FEED,COMPLIANT,0,DEMO_CONFIGURATION,"Configured thresholds are synthetic for software testing, not legal limits"
ENV-0003408,M012,ENV-ST-M012-01,Noise,25.89,dB(A),,85,23.329188,86.358015,2026-07-07T06:00:00,DEMO_MONITORING_FEED,COMPLIANT,0,DEMO_CONFIGURATION,"Configured thresholds are synthetic for software testing, not legal limits"
ENV-0003409,M012,ENV-ST-M012-02,PM2.5,14.87,ug/m3,,60,23.327343,86.351493,2026-07-04T06:00:00,DEMO_MONITORING_FEED,COMPLIANT,0,DEMO_CONFIGURATION,"Configured thresholds are synthetic for software testing, not legal limits"
ENV-0003410,M012,ENV-ST-M012-03,PM10,25.72,ug/m3,,100,23.338618,86.351743,2026-07-04T22:00:00,DEMO_MONITORING_FEED,COMPLIANT,0,DEMO_CONFIGURATION,"Configured thresholds are synthetic for software testing, not legal limits"
ENV-0003411,M012,ENV-ST-M012-03,SO2,10.04,ug/m3,,80,23.335941,86.36357,2026-07-04T06:00:00,DEMO_MONITORING_FEED,COMPLIANT,0,DEMO_CONFIGURATION,"Configured thresholds are synthetic for software testing, not legal limits"
ENV-0003412,M012,ENV-ST-M012-03,NO2,15.8,ug/m3,,80,23.320249,86.359423,2026-07-04T14:00:00,DEMO_MONITORING_FEED,COMPLIANT,0,DEMO_CONFIGURATION,"Configured thresholds are synthetic for software testing, not legal limits"
ENV-0003413,M012,ENV-ST-M012-03,CO,0.46,mg/m3,,4,23.327056,86.354664,2026-07-04T22:00:00,DEMO_MONITORING_FEED,COMPLIANT,0,DEMO_CONFIGURATION,"Configured thresholds are synthetic for software testing, not legal limits"
ENV-0003414,M012,ENV-ST-M012-03,pH,7.23,pH,6.5,8.5,23.329807,86.35701,2026-07-04T22:00:00,DEMO_MONITORING_FEED,COMPLIANT,0,DEMO_CONFIGURATION,"Configured thresholds are synthetic for software testing, not legal limits"
ENV-0003415,M012,ENV-ST-M012-01,TSS,18.99,mg/L,,100,23.326817,86.366863,2026-07-04T22:00:00,DEMO_MONITORING_FEED,COMPLIANT,0,DEMO_CONFIGURATION,"Configured thresholds are synthetic for software testing, not legal limits"
ENV-0003416,M012,ENV-ST-M012-03,TDS,366.83,mg/L,,2100,23.327255,86.355129,2026-07-04T14:00:00,DEMO_MONITORING_FEED,COMPLIANT,0,DEMO_CONFIGURATION,"Configured thresholds are synthetic for software testing, not legal limits"
ENV-0003417,M012,ENV-ST-M012-01,COD,45.71,mg/L,,250,23.331122,86.35094,2026-07-04T22:00:00,DEMO_MONITORING_FEED,COMPLIANT,0,DEMO_CONFIGURATION,"Configured thresholds are synthetic for software testing, not legal limits"
ENV-0003418,M012,ENV-ST-M012-02,BOD,3.99,mg/L,,30,23.339816,86.364816,2026-07-04T14:00:00,DEMO_MONITORING_FEED,COMPLIANT,0,DEMO_CONFIGURATION,"Configured thresholds are synthetic for software testing, not legal limits"
ENV-0003419,M012,ENV-ST-M012-01,Oil_Grease,1.05,mg/L,,10,23.326995,86.368117,2026-07-04T06:00:00,DEMO_MONITORING_FEED,COMPLIANT,0,DEMO_CONFIGURATION,"Configured thresholds are synthetic for software testing, not legal limits"
ENV-0003420,M012,ENV-ST-M012-01,Noise,22.15,dB(A),,85,23.331294,86.354775,2026-07-04T22:00:00,DEMO_MONITORING_FEED,COMPLIANT,0,DEMO_CONFIGURATION,"Configured thresholds are synthetic for software testing, not legal limits"
ENV-0003421,M012,ENV-ST-M012-03,PM2.5,12.85,ug/m3,,60,23.323841,86.350765,2026-07-01T06:00:00,DEMO_MONITORING_FEED,COMPLIANT,0,DEMO_CONFIGURATION,"Configured thresholds are synthetic for software testing, not legal limits"
ENV-0003422,M012,ENV-ST-M012-02,PM10,27.07,ug/m3,,100,23.323505,86.366403,2026-07-01T22:00:00,DEMO_MONITORING_FEED,COMPLIANT,0,DEMO_CONFIGURATION,"Configured thresholds are synthetic for software testing, not legal limits"
ENV-0003423,M012,ENV-ST-M012-01,SO2,9.5,ug/m3,,80,23.325487,86.358872,2026-07-01T14:00:00,DEMO_MONITORING_FEED,COMPLIANT,0,DEMO_CONFIGURATION,"Configured thresholds are synthetic for software testing, not legal limits"
ENV-0003424,M012,ENV-ST-M012-03,NO2,14.89,ug/m3,,80,23.324836,86.361491,2026-07-01T22:00:00,DEMO_MONITORING_FEED,COMPLIANT,0,DEMO_CONFIGURATION,"Configured thresholds are synthetic for software testing, not legal limits"
ENV-0003425,M012,ENV-ST-M012-02,CO,0.12,mg/m3,,4,23.328356,86.363111,2026-07-01T14:00:00,DEMO_MONITORING_FEED,COMPLIANT,0,DEMO_CONFIGURATION,"Configured thresholds are synthetic for software testing, not legal limits"
ENV-0003426,M012,ENV-ST-M012-01,pH,7.29,pH,6.5,8.5,23.329221,86.353593,2026-07-01T06:00:00,DEMO_MONITORING_FEED,COMPLIANT,0,DEMO_CONFIGURATION,"Configured thresholds are synthetic for software testing, not legal limits"
ENV-0003427,M012,ENV-ST-M012-01,TSS,18.7,mg/L,,100,23.324509,86.36571,2026-07-01T22:00:00,DEMO_MONITORING_FEED,COMPLIANT,0,DEMO_CONFIGURATION,"Configured thresholds are synthetic for software testing, not legal limits"
ENV-0003428,M012,ENV-ST-M012-03,TDS,361.77,mg/L,,2100,23.339867,86.353681,2026-07-01T14:00:00,DEMO_MONITORING_FEED,COMPLIANT,0,DEMO_CONFIGURATION,"Configured thresholds are synthetic for software testing, not legal limits"
ENV-0003429,M012,ENV-ST-M012-02,COD,33.44,mg/L,,250,23.329548,86.36443,2026-07-01T14:00:00,DEMO_MONITORING_FEED,COMPLIANT,0,DEMO_CONFIGURATION,"Configured thresholds are synthetic for software testing, not legal limits"
ENV-0003430,M012,ENV-ST-M012-03,BOD,6.73,mg/L,,30,23.332621,86.354985,2026-07-01T22:00:00,DEMO_MONITORING_FEED,COMPLIANT,0,DEMO_CONFIGURATION,"Configured thresholds are synthetic for software testing, not legal limits"
ENV-0003431,M012,ENV-ST-M012-01,Oil_Grease,1.36,mg/L,,10,23.321477,86.365921,2026-07-01T22:00:00,DEMO_MONITORING_FEED,COMPLIANT,0,DEMO_CONFIGURATION,"Configured thresholds are synthetic for software testing, not legal limits"
ENV-0003432,M012,ENV-ST-M012-02,Noise,24.04,dB(A),,85,23.320662,86.357421,2026-07-01T06:00:00,DEMO_MONITORING_FEED,COMPLIANT,0,DEMO_CONFIGURATION,"Configured thresholds are synthetic for software testing, not legal limits"
ENV-0003433,M012,ENV-ST-M012-02,PM2.5,14.77,ug/m3,,60,23.321795,86.350472,2026-06-28T06:00:00,DEMO_MONITORING_FEED,COMPLIANT,0,DEMO_CONFIGURATION,"Configured thresholds are synthetic for software testing, not legal limits"
ENV-0003434,M012,ENV-ST-M012-03,PM10,25.37,ug/m3,,100,23.32087,86.36876,2026-06-28T14:00:00,DEMO_MONITORING_FEED,COMPLIANT,0,DEMO_CONFIGURATION,"Configured thresholds are synthetic for software testing, not legal limits"
ENV-0003435,M012,ENV-ST-M012-01,SO2,7.34,ug/m3,,80,23.326793,86.351933,2026-06-28T14:00:00,DEMO_MONITORING_FEED,COMPLIANT,0,DEMO_CONFIGURATION,"Configured thresholds are synthetic for software testing, not legal limits"
ENV-0003436,M012,ENV-ST-M012-02,NO2,10.17,ug/m3,,80,23.322709,86.356983,2026-06-28T06:00:00,DEMO_MONITORING_FEED,COMPLIANT,0,DEMO_CONFIGURATION,"Configured thresholds are synthetic for software testing, not legal limits"
ENV-0003437,M012,ENV-ST-M012-02,CO,0.3,mg/m3,,4,23.334641,86.352124,2026-06-28T22:00:00,DEMO_MONITORING_FEED,COMPLIANT,0,DEMO_CONFIGURATION,"Configured thresholds are synthetic for software testing, not legal limits"
ENV-0003438,M012,ENV-ST-M012-03,pH,7.25,pH,6.5,8.5,23.335772,86.356203,2026-06-28T06:00:00,DEMO_MONITORING_FEED,COMPLIANT,0,DEMO_CONFIGURATION,"Configured thresholds are synthetic for software testing, not legal limits"
ENV-0003439,M012,ENV-ST-M012-02,TSS,23.82,mg/L,,100,23.323144,86.366354,2026-06-28T22:00:00,DEMO_MONITORING_FEED,COMPLIANT,0,DEMO_CONFIGURATION,"Configured thresholds are synthetic for software testing, not legal limits"
ENV-0003440,M012,ENV-ST-M012-02,TDS,268.61,mg/L,,2100,23.327568,86.350337,2026-06-28T06:00:00,DEMO_MONITORING_FEED,COMPLIANT,0,DEMO_CONFIGURATION,"Configured thresholds are synthetic for software testing, not legal limits"
ENV-0003441,M012,ENV-ST-M012-03,COD,42.63,mg/L,,250,23.321708,86.36653,2026-06-28T06:00:00,DEMO_MONITORING_FEED,COMPLIANT,0,DEMO_CONFIGURATION,"Configured thresholds are synthetic for software testing, not legal limits"
ENV-0003442,M012,ENV-ST-M012-01,BOD,5.45,mg/L,,30,23.328548,86.358869,2026-06-28T22:00:00,DEMO_MONITORING_FEED,COMPLIANT,0,DEMO_CONFIGURATION,"Configured thresholds are synthetic for software testing, not legal limits"
ENV-0003443,M012,ENV-ST-M012-01,Oil_Grease,0.94,mg/L,,10,23.335744,86.362649,2026-06-28T06:00:00,DEMO_MONITORING_FEED,COMPLIANT,0,DEMO_CONFIGURATION,"Configured thresholds are synthetic for software testing, not legal limits"
ENV-0003444,M012,ENV-ST-M012-03,Noise,23.96,dB(A),,85,23.336959,86.353267,2026-06-28T22:00:00,DEMO_MONITORING_FEED,COMPLIANT,0,DEMO_CONFIGURATION,"Configured thresholds are synthetic for software testing, not legal limits"
ENV-0003445,M012,ENV-ST-M012-02,PM2.5,16.5,ug/m3,,60,23.325214,86.369849,2026-06-25T14:00:00,DEMO_MONITORING_FEED,COMPLIANT,0,DEMO_CONFIGURATION,"Configured thresholds are synthetic for software testing, not legal limits"
ENV-0003446,M012,ENV-ST-M012-01,PM10,31.25,ug/m3,,100,23.325033,86.367126,2026-06-25T06:00:00,DEMO_MONITORING_FEED,COMPLIANT,0,DEMO_CONFIGURATION,"Configured thresholds are synthetic for software testing, not legal limits"
ENV-0003447,M012,ENV-ST-M012-02,SO2,13.44,ug/m3,,80,23.330409,86.350196,2026-06-25T06:00:00,DEMO_MONITORING_FEED,COMPLIANT,0,DEMO_CONFIGURATION,"Configured thresholds are synthetic for software testing, not legal limits"
ENV-0003448,M012,ENV-ST-M012-02,NO2,19.32,ug/m3,,80,23.33844,86.353924,2026-06-25T06:00:00,DEMO_MONITORING_FEED,COMPLIANT,0,DEMO_CONFIGURATION,"Configured thresholds are synthetic for software testing, not legal limits"
ENV-0003449,M012,ENV-ST-M012-01,CO,0.3,mg/m3,,4,23.338364,86.361498,2026-06-25T14:00:00,DEMO_MONITORING_FEED,COMPLIANT,0,DEMO_CONFIGURATION,"Configured thresholds are synthetic for software testing, not legal limits"
ENV-0003450,M012,ENV-ST-M012-03,pH,6.93,pH,6.5,8.5,23.321978,86.362282,2026-06-25T14:00:00,DEMO_MONITORING_FEED,COMPLIANT,0,DEMO_CONFIGURATION,"Configured thresholds are synthetic for software testing, not legal limits"
ENV-0003451,M012,ENV-ST-M012-02,TSS,20.57,mg/L,,100,23.333045,86.362478,2026-06-25T22:00:00,DEMO_MONITORING_FEED,COMPLIANT,0,DEMO_CONFIGURATION,"Configured thresholds are synthetic for software testing, not legal limits"
ENV-0003452,M012,ENV-ST-M012-02,TDS,285.96,mg/L,,2100,23.322393,86.356776,2026-06-25T06:00:00,DEMO_MONITORING_FEED,COMPLIANT,0,DEMO_CONFIGURATION,"Configured thresholds are synthetic for software testing, not legal limits"
ENV-0003453,M012,ENV-ST-M012-03,COD,29.53,mg/L,,250,23.326847,86.368246,2026-06-25T14:00:00,DEMO_MONITORING_FEED,COMPLIANT,0,DEMO_CONFIGURATION,"Configured thresholds are synthetic for software testing, not legal limits"
ENV-0003454,M012,ENV-ST-M012-01,BOD,6.02,mg/L,,30,23.322738,86.352898,2026-06-25T22:00:00,DEMO_MONITORING_FEED,COMPLIANT,0,DEMO_CONFIGURATION,"Configured thresholds are synthetic for software testing, not legal limits"
ENV-0003455,M012,ENV-ST-M012-01,Oil_Grease,1.57,mg/L,,10,23.321162,86.35093,2026-06-25T22:00:00,DEMO_MONITORING_FEED,COMPLIANT,0,DEMO_CONFIGURATION,"Configured thresholds are synthetic for software testing, not legal limits"
ENV-0003456,M012,ENV-ST-M012-02,Noise,23.84,dB(A),,85,23.336568,86.352088,2026-06-25T22:00:00,DEMO_MONITORING_FEED,COMPLIANT,0,DEMO_CONFIGURATION,"Configured thresholds are synthetic for software testing, not legal limits"
