production_id,mine_id,date,production_target_t,actual_production_t,coal_dispatch_t,opening_stock_t,closing_stock_t,overburden_removed_or_development_qty,production_loss_t,downtime_hours,loss_reason,achievement_percentage,data_source
PROD-000001,M001,2026-06-05,49315.1,41974.9,36962.7,28030.1,33042.3,152763.2,7340.2,2.8,,85.12,DEMO_SYNTHETIC
PROD-000002,M001,2026-06-06,49315.1,47253.0,39841.0,17532.2,24944.2,75179.2,2062.1,3.9,,95.82,DEMO_SYNTHETIC
PROD-000003,M001,2026-06-07,49315.1,42617.6,36906.2,32833.3,38544.7,91611.5,6697.5,0,,86.42,DEMO_SYNTHETIC
PROD-000004,M001,2026-06-08,49315.1,45434.7,40212.5,25504.6,30726.8,156569.0,3880.4,4.3,,92.13,DEMO_SYNTHETIC
PROD-000005,M001,2026-06-09,49315.1,42200.2,40022.6,27190.5,29368.1,100194.0,7114.9,0.4,,85.57,DEMO_SYNTHETIC
PROD-000006,M001,2026-06-10,49315.1,45612.4,43986.7,37450.9,39076.6,117662.8,3702.7,0,,92.49,DEMO_SYNTHETIC
PROD-000007,M001,2026-06-11,49315.1,36508.2,35257.9,17898.9,19149.2,120149.9,12806.9,2.1,Haul Road Constraint,74.03,DEMO_SYNTHETIC
PROD-000008,M001,2026-06-12,49315.1,44930.6,41070.8,42778.2,46638.0,161527.2,4384.5,1.8,,91.11,DEMO_SYNTHETIC
PROD-000009,M001,2026-06-13,49315.1,38130.5,36390.4,11232.4,12972.5,62216.9,11184.6,5.3,Heavy Rainfall,77.32,DEMO_SYNTHETIC
PROD-000010,M001,2026-06-14,49315.1,47174.1,43119.2,32586.7,36641.6,146993.9,2141.0,2.3,,95.66,DEMO_SYNTHETIC
PROD-000011,M001,2026-06-15,49315.1,52715.6,49129.0,8927.3,12513.9,64514.6,0,2.4,,106.9,DEMO_SYNTHETIC
PROD-000012,M001,2026-06-16,49315.1,45400.5,38259.9,30089.6,37230.2,69933.0,3914.6,7.8,,92.06,DEMO_SYNTHETIC
PROD-000013,M001,2026-06-17,49315.1,43243.7,42185.3,35622.6,36681.0,163278.4,6071.4,1.6,,87.69,DEMO_SYNTHETIC
PROD-000014,M001,2026-06-18,49315.1,46524.7,43809.2,22847.8,25563.3,93660.6,2790.4,4.9,,94.34,DEMO_SYNTHETIC
PROD-000015,M001,2026-06-19,49315.1,43961.4,40087.9,11825.4,15698.9,87362.2,5353.7,6.1,,89.14,DEMO_SYNTHETIC
PROD-000016,M001,2026-06-20,49315.1,50423.1,47358.3,26388.0,29452.8,177754.6,0,6.0,,102.25,DEMO_SYNTHETIC
PROD-000017,M001,2026-06-21,49315.1,42060.5,37848.9,38984.0,43195.6,56486.7,7254.6,1.5,,85.29,DEMO_SYNTHETIC
PROD-000018,M001,2026-06-22,49315.1,43084.5,37439.3,23853.7,29498.9,107238.5,6230.6,3.2,,87.37,DEMO_SYNTHETIC
PROD-000019,M001,2026-06-23,49315.1,46134.8,43370.1,43174.2,45938.9,107096.0,3180.3,3.1,,93.55,DEMO_SYNTHETIC
PROD-000020,M001,2026-06-24,49315.1,45719.9,40625.8,43379.9,48474.0,121777.9,3595.2,5.0,,92.71,DEMO_SYNTHETIC
PROD-000021,M001,2026-06-25,49315.1,35379.4,31762.3,18139.9,21757.0,76449.7,13935.7,4.1,Heavy Rainfall,71.74,DEMO_SYNTHETIC
PROD-000022,M001,2026-06-26,49315.1,43138.8,38135.0,42501.0,47504.8,85214.2,6176.3,4.1,,87.48,DEMO_SYNTHETIC
PROD-000023,M001,2026-06-27,49315.1,50333.2,47561.1,25215.1,27987.2,135772.8,0,0,,102.06,DEMO_SYNTHETIC
PROD-000024,M001,2026-06-28,49315.1,46181.1,45171.7,27350.9,28360.3,95487.3,3134.0,2.1,,93.64,DEMO_SYNTHETIC
PROD-000025,M001,2026-06-29,49315.1,42674.8,40370.7,29341.5,31645.6,120729.3,6640.3,0.1,,86.53,DEMO_SYNTHETIC
PROD-000026,M001,2026-06-30,49315.1,41407.9,34675.3,15534.6,22267.2,64390.6,7907.2,0.8,,83.97,DEMO_SYNTHETIC
PROD-000027,M001,2026-07-01,49315.1,51018.0,44329.8,13325.7,20013.9,176125.7,0,3.8,,103.45,DEMO_SYNTHETIC
PROD-000028,M001,2026-07-02,49315.1,45559.9,43976.3,37323.7,38907.3,92435.8,3755.2,2.2,,92.39,DEMO_SYNTHETIC
PROD-000029,M001,2026-07-03,49315.1,42832.8,36555.7,14452.6,20729.7,145707.4,6482.3,2.3,,86.86,DEMO_SYNTHETIC
PROD-000030,M001,2026-07-04,49315.1,45204.9,39728.7,27289.3,32765.5,60409.8,4110.2,4.4,,91.67,DEMO_SYNTHETIC
PROD-000031,M001,2026-07-05,49315.1,48198.6,43426.0,26975.9,31748.5,153256.2,1116.5,1.9,,97.74,DEMO_SYNTHETIC
PROD-000032,M001,2026-07-06,49315.1,44906.6,43440.5,41565.5,43031.6,121356.9,4408.5,0,,91.06,DEMO_SYNTHETIC
PROD-000033,M001,2026-07-07,49315.1,46991.8,43524.0,15570.7,19038.5,70180.2,2323.3,1.3,,95.29,DEMO_SYNTHETIC
PROD-000034,M001,2026-07-08,49315.1,38158.2,32852.3,26661.4,31967.3,78158.9,11156.9,3.4,Maintenance Shutdown,77.38,DEMO_SYNTHETIC
PROD-000035,M001,2026-07-09,49315.1,41529.0,38837.1,16634.7,19326.6,113279.0,7786.1,2.7,,84.21,DEMO_SYNTHETIC
PROD-000036,M001,2026-07-10,49315.1,24057.0,22352.7,37177.0,38881.3,53350.9,25258.1,0.9,Haul Road Constraint,48.78,DEMO_SYNTHETIC
PROD-000037,M001,2026-07-11,49315.1,46457.7,38506.7,38936.5,46887.5,145405.6,2857.4,1.0,,94.21,DEMO_SYNTHETIC
PROD-000038,M001,2026-07-12,49315.1,42286.0,40164.2,36242.3,38364.1,126267.8,7029.1,2.6,,85.75,DEMO_SYNTHETIC
PROD-000039,M001,2026-07-13,49315.1,50461.0,42591.9,13913.0,21782.1,75873.9,0,2.0,,102.32,DEMO_SYNTHETIC
PROD-000040,M001,2026-07-14,49315.1,43376.6,37985.7,25506.8,30897.7,155315.1,5938.5,2.2,,87.96,DEMO_SYNTHETIC
PROD-000041,M001,2026-07-15,49315.1,36127.5,31208.4,30477.4,35396.5,61414.4,13187.6,2.5,Heavy Rainfall,73.26,DEMO_SYNTHETIC
PROD-000042,M001,2026-07-16,49315.1,52966.0,46845.9,18616.2,24736.3,74205.9,0,2.1,,107.4,DEMO_SYNTHETIC
PROD-000043,M001,2026-07-17,49315.1,44801.6,37418.1,29925.2,37308.7,97691.7,4513.5,0,,90.85,DEMO_SYNTHETIC
PROD-000044,M001,2026-07-18,49315.1,39902.4,33129.9,27359.5,34132.0,140023.9,9412.7,3.7,,80.91,DEMO_SYNTHETIC
PROD-000045,M001,2026-07-19,49315.1,45179.4,44023.7,35622.7,36778.4,92758.6,4135.7,3.1,,91.61,DEMO_SYNTHETIC
PROD-000046,M001,2026-07-20,49315.1,46375.1,40120.4,19455.0,25709.7,130651.2,2940.0,3.0,,94.04,DEMO_SYNTHETIC
PROD-000047,M001,2026-07-21,49315.1,46501.8,38719.5,27010.4,34792.7,131970.6,2813.3,1.1,,94.3,DEMO_SYNTHETIC
PROD-000048,M001,2026-07-22,49315.1,56310.2,54896.9,22722.5,24135.8,77513.1,0,2.8,,114.18,DEMO_SYNTHETIC
PROD-000049,M001,2026-07-23,49315.1,45529.5,42304.1,16728.1,19953.5,119540.5,3785.6,3.6,,92.32,DEMO_SYNTHETIC
PROD-000050,M001,2026-07-24,49315.1,50504.2,43062.5,19780.3,27222.0,165206.7,0,3.6,,102.41,DEMO_SYNTHETIC
PROD-000051,M001,2026-07-25,49315.1,44581.1,37855.6,15652.3,22377.8,64484.6,4734.0,4.4,,90.4,DEMO_SYNTHETIC
PROD-000052,M001,2026-07-26,49315.1,42604.6,36766.7,8819.7,14657.6,64428.1,6710.5,5.0,,86.39,DEMO_SYNTHETIC
PROD-000053,M001,2026-07-27,49315.1,44968.0,42721.6,10054.2,12300.6,118141.2,4347.1,4.1,,91.19,DEMO_SYNTHETIC
PROD-000054,M001,2026-07-28,49315.1,43923.6,37753.4,27941.9,34112.1,121585.1,5391.5,2.7,,89.07,DEMO_SYNTHETIC
PROD-000055,M001,2026-07-29,49315.1,39231.4,32646.7,24552.6,31137.3,67811.2,10083.7,0,Manpower Constraint,79.55,DEMO_SYNTHETIC
PROD-000056,M001,2026-07-30,49315.1,40690.1,37084.6,18648.8,22254.3,91738.2,8625.0,3.3,,82.51,DEMO_SYNTHETIC
PROD-000057,M001,2026-07-31,49315.1,41907.1,36234.2,22742.3,28415.2,133321.7,7408.0,4.5,,84.98,DEMO_SYNTHETIC
PROD-000058,M001,2026-08-01,49315.1,41710.8,40311.0,14134.1,15533.9,111805.2,7604.3,1.4,,84.58,DEMO_SYNTHETIC
PROD-000059,M001,2026-08-02,49315.1,43935.9,36568.3,39977.2,47344.8,151511.2,5379.2,4.0,,89.09,DEMO_SYNTHETIC
PROD-000060,M001,2026-08-03,49315.1,51694.3,43936.4,34825.9,42583.8,102483.5,0,5.5,,104.82,DEMO_SYNTHETIC
PROD-000061,M001,2026-08-04,49315.1,44731.0,37358.8,8635.8,16008.0,146144.8,4584.1,2.2,,90.7,DEMO_SYNTHETIC
PROD-000062,M001,2026-08-05,49315.1,58168.5,52074.3,39373.0,45467.2,77703.0,0,4.0,,117.95,DEMO_SYNTHETIC
PROD-000063,M001,2026-08-06,49315.1,42699.5,36467.8,39869.0,46100.7,51377.3,6615.6,1.3,,86.59,DEMO_SYNTHETIC
PROD-000064,M001,2026-08-07,49315.1,49037.4,41655.0,42074.5,49456.9,126484.1,277.7,2.5,,99.44,DEMO_SYNTHETIC
PROD-000065,M001,2026-08-08,49315.1,51656.6,43549.6,43403.6,51510.6,71119.8,0,1.9,,104.75,DEMO_SYNTHETIC
PROD-000066,M001,2026-08-09,49315.1,50162.6,47835.0,27302.6,29630.2,149576.5,0,2.0,,101.72,DEMO_SYNTHETIC
PROD-000067,M001,2026-08-10,49315.1,47617.7,42643.3,8874.8,13849.2,70104.1,1697.4,4.9,,96.56,DEMO_SYNTHETIC
PROD-000068,M001,2026-08-11,49315.1,37382.4,35079.4,28754.6,31057.6,88447.3,11932.7,4.7,Heavy Rainfall,75.8,DEMO_SYNTHETIC
PROD-000069,M001,2026-08-12,49315.1,48435.3,41847.8,9752.0,16339.5,90150.8,879.8,1.6,,98.22,DEMO_SYNTHETIC
PROD-000070,M001,2026-08-13,49315.1,43667.1,40058.2,18819.1,22428.0,149124.1,5648.0,2.7,,88.55,DEMO_SYNTHETIC
PROD-000071,M001,2026-08-14,49315.1,54696.6,52515.4,20615.7,22796.9,146091.4,0,2.7,,110.91,DEMO_SYNTHETIC
PROD-000072,M001,2026-08-15,49315.1,41513.1,36543.7,17910.5,22879.9,112350.6,7802.0,2.4,,84.18,DEMO_SYNTHETIC
PROD-000073,M001,2026-08-16,49315.1,47491.5,42003.8,25668.0,31155.7,133591.9,1823.6,3.1,,96.3,DEMO_SYNTHETIC
PROD-000074,M001,2026-08-17,49315.1,39476.9,33909.0,21377.1,26945.0,135486.0,9838.2,0.4,,80.05,DEMO_SYNTHETIC
PROD-000075,M001,2026-08-18,49315.1,46430.4,38463.6,14871.6,22838.4,82870.5,2884.7,3.0,,94.15,DEMO_SYNTHETIC
PROD-000076,M001,2026-08-19,49315.1,42362.6,39248.8,32029.3,35143.1,148249.5,6952.5,2.3,,85.9,DEMO_SYNTHETIC
PROD-000077,M001,2026-08-20,49315.1,43471.2,36798.1,20870.4,27543.5,86870.3,5843.9,4.6,,88.15,DEMO_SYNTHETIC
PROD-000078,M001,2026-08-21,49315.1,41192.9,38518.2,11273.5,13948.2,78977.7,8122.2,1.7,,83.53,DEMO_SYNTHETIC
PROD-000079,M001,2026-08-22,49315.1,50383.4,42487.4,30905.6,38801.6,121931.6,0,0.9,,102.17,DEMO_SYNTHETIC
PROD-000080,M001,2026-08-23,49315.1,51355.6,44546.6,35748.9,42557.9,150133.3,0,3.5,,104.14,DEMO_SYNTHETIC
PROD-000081,M001,2026-08-24,49315.1,49115.4,47065.7,41546.3,43596.0,151275.3,199.7,2.8,,99.6,DEMO_SYNTHETIC
PROD-000082,M001,2026-08-25,49315.1,47829.3,43724.0,22538.2,26643.5,145418.5,1485.8,4.3,,96.99,DEMO_SYNTHETIC
PROD-000083,M001,2026-08-26,49315.1,44269.9,43232.5,35631.8,36669.2,161812.5,5045.2,3.7,,89.77,DEMO_SYNTHETIC
PROD-000084,M001,2026-08-27,49315.1,45226.3,44306.6,11589.8,12509.5,143461.0,4088.8,2.0,,91.71,DEMO_SYNTHETIC
PROD-000085,M001,2026-08-28,49315.1,48603.0,43355.8,8822.6,14069.8,171037.3,712.1,0.6,,98.56,DEMO_SYNTHETIC
PROD-000086,M001,2026-08-29,49315.1,44011.6,37853.5,12653.7,18811.8,95878.0,5303.5,2.7,,89.25,DEMO_SYNTHETIC
PROD-000087,M001,2026-08-30,49315.1,47121.8,41707.9,27589.7,33003.6,142320.8,2193.3,0,,95.55,DEMO_SYNTHETIC
PROD-000088,M001,2026-08-31,49315.1,55255.7,49581.6,14898.4,20572.5,88626.3,0,3.9,,112.05,DEMO_SYNTHETIC
PROD-000089,M001,2026-09-01,49315.1,50562.5,42955.9,34744.5,42351.1,117221.0,0,4.1,,102.53,DEMO_SYNTHETIC
PROD-000090,M001,2026-09-02,49315.1,38011.5,35678.6,30807.5,33140.4,65682.4,11303.6,0,Equipment Breakdown,77.08,DEMO_SYNTHETIC
PROD-000091,M002,2026-06-05,6575.3,6085.6,5606.7,24370.5,24849.4,916.7,489.7,1.3,,92.55,DEMO_SYNTHETIC
PROD-000092,M002,2026-06-06,6575.3,7014.3,5961.9,31816.5,32868.9,654.1,0,0.6,,106.68,DEMO_SYNTHETIC
PROD-000093,M002,2026-06-07,6575.3,5705.6,5451.6,8719.4,8973.4,393.1,869.7,3.6,,86.77,DEMO_SYNTHETIC
PROD-000094,M002,2026-06-08,6575.3,6153.5,5317.5,9661.3,10497.3,1203.9,421.8,2.0,,93.59,DEMO_SYNTHETIC
PROD-000095,M002,2026-06-09,6575.3,5893.4,5664.4,13545.9,13774.9,998.9,681.9,3.5,,89.63,DEMO_SYNTHETIC
PROD-000096,M002,2026-06-10,6575.3,7141.5,6952.1,36750.4,36939.8,973.0,0,3.1,,108.61,DEMO_SYNTHETIC
PROD-000097,M002,2026-06-11,6575.3,7253.6,6799.8,25703.2,26157.0,1031.5,0,3.4,,110.32,DEMO_SYNTHETIC
PROD-000098,M002,2026-06-12,6575.3,7019.0,6242.7,38203.9,38980.2,408.2,0,0.8,,106.75,DEMO_SYNTHETIC
PROD-000099,M002,2026-06-13,6575.3,5757.0,5196.2,43274.1,43834.9,1111.2,818.3,0.7,,87.55,DEMO_SYNTHETIC
PROD-000100,M002,2026-06-14,6575.3,6360.2,5665.8,21892.0,22586.4,669.7,215.1,3.3,,96.73,DEMO_SYNTHETIC
PROD-000101,M002,2026-06-15,6575.3,5993.8,5643.5,41056.8,41407.1,1031.5,581.5,0.9,,91.16,DEMO_SYNTHETIC
PROD-000102,M002,2026-06-16,6575.3,5670.4,5263.9,35427.9,35834.4,304.9,904.9,0,,86.24,DEMO_SYNTHETIC
PROD-000103,M002,2026-06-17,6575.3,4880.4,4644.4,16983.2,17219.2,616.3,1694.9,3.8,Heavy Rainfall,74.22,DEMO_SYNTHETIC
PROD-000104,M002,2026-06-18,6575.3,5428.4,4467.4,10215.8,11176.8,656.8,1146.9,2.6,,82.56,DEMO_SYNTHETIC
PROD-000105,M002,2026-06-19,6575.3,6399.2,5496.6,35000.0,35902.6,813.3,176.1,0,,97.32,DEMO_SYNTHETIC
PROD-000106,M002,2026-06-20,6575.3,5912.8,5591.1,40501.4,40823.1,542.9,662.5,3.5,,89.92,DEMO_SYNTHETIC
PROD-000107,M002,2026-06-21,6575.3,4892.9,4599.4,41260.3,41553.8,842.9,1682.4,2.5,Equipment Breakdown,74.41,DEMO_SYNTHETIC
PROD-000108,M002,2026-06-22,6575.3,6270.8,5719.6,40783.3,41334.5,729.2,304.5,4.0,,95.37,DEMO_SYNTHETIC
PROD-000109,M002,2026-06-23,6575.3,6490.6,5510.5,22818.7,23798.8,365.3,84.7,4.1,,98.71,DEMO_SYNTHETIC
PROD-000110,M002,2026-06-24,6575.3,5837.2,5246.4,8970.8,9561.6,887.6,738.1,3.7,,88.77,DEMO_SYNTHETIC
PROD-000111,M002,2026-06-25,6575.3,6174.9,5202.3,31342.2,32314.8,930.4,400.4,4.2,,93.91,DEMO_SYNTHETIC
PROD-000112,M002,2026-06-26,6575.3,5913.9,5228.6,25432.2,26117.5,868.4,661.4,3.3,,89.94,DEMO_SYNTHETIC
PROD-000113,M002,2026-06-27,6575.3,5558.5,5329.7,14241.7,14470.5,879.0,1016.8,5.1,,84.54,DEMO_SYNTHETIC
PROD-000114,M002,2026-06-28,6575.3,6359.1,5894.4,14744.8,15209.5,1075.2,216.2,4.0,,96.71,DEMO_SYNTHETIC
PROD-000115,M002,2026-06-29,6575.3,7086.0,6546.2,21676.6,22216.4,794.5,0,0.5,,107.77,DEMO_SYNTHETIC
PROD-000116,M002,2026-06-30,6575.3,6257.7,5980.5,41129.2,41406.4,457.4,317.6,2.1,,95.17,DEMO_SYNTHETIC
PROD-000117,M002,2026-07-01,6575.3,5584.4,5054.0,39875.5,40405.9,344.2,990.9,1.8,,84.93,DEMO_SYNTHETIC
PROD-000118,M002,2026-07-02,6575.3,5839.2,4937.3,24892.0,25793.9,626.3,736.1,1.8,,88.81,DEMO_SYNTHETIC
PROD-000119,M002,2026-07-03,6575.3,6210.6,5128.7,35900.7,36982.6,1029.5,364.7,4.0,,94.45,DEMO_SYNTHETIC
PROD-000120,M002,2026-07-04,6575.3,6379.2,5286.1,14633.3,15726.4,526.8,196.1,2.2,,97.02,DEMO_SYNTHETIC
PROD-000121,M002,2026-07-05,6575.3,6697.9,5722.1,30643.2,31619.0,942.5,0,0.9,,101.86,DEMO_SYNTHETIC
PROD-000122,M002,2026-07-06,6575.3,5951.4,4999.6,25677.4,26629.2,593.4,623.9,6.3,,90.51,DEMO_SYNTHETIC
PROD-000123,M002,2026-07-07,6575.3,5801.9,5189.4,43963.1,44575.6,897.6,773.4,1.9,,88.24,DEMO_SYNTHETIC
PROD-000124,M002,2026-07-08,6575.3,6026.5,5355.3,10934.2,11605.4,1024.4,548.8,4.7,,91.65,DEMO_SYNTHETIC
PROD-000125,M002,2026-07-09,6575.3,4979.7,4864.5,28292.8,28408.0,902.5,1595.6,6.6,Heavy Rainfall,75.73,DEMO_SYNTHETIC
PROD-000126,M002,2026-07-10,6575.3,5751.2,5526.1,44340.3,44565.4,537.6,824.1,4.5,,87.47,DEMO_SYNTHETIC
PROD-000127,M002,2026-07-11,6575.3,6473.0,5544.7,29204.0,30132.3,624.8,102.3,2.6,,98.44,DEMO_SYNTHETIC
PROD-000128,M002,2026-07-12,6575.3,7017.6,5970.3,27751.8,28799.1,724.4,0,3.2,,106.73,DEMO_SYNTHETIC
PROD-000129,M002,2026-07-13,6575.3,6937.5,5738.2,16815.8,18015.1,1071.2,0,3.1,,105.51,DEMO_SYNTHETIC
PROD-000130,M002,2026-07-14,6575.3,6454.2,5564.9,29217.7,30107.0,465.9,121.1,5.4,,98.16,DEMO_SYNTHETIC
PROD-000131,M002,2026-07-15,6575.3,6947.8,6094.9,22510.5,23363.4,1082.0,0,4.0,,105.67,DEMO_SYNTHETIC
PROD-000132,M002,2026-07-16,6575.3,6679.0,6280.0,14067.1,14466.1,743.0,0,2.5,,101.58,DEMO_SYNTHETIC
PROD-000133,M002,2026-07-17,6575.3,6001.2,5534.3,42102.5,42569.4,854.4,574.1,4.9,,91.27,DEMO_SYNTHETIC
PROD-000134,M002,2026-07-18,6575.3,6746.3,5579.0,30140.7,31308.0,627.8,0,0.6,,102.6,DEMO_SYNTHETIC
PROD-000135,M002,2026-07-19,6575.3,5732.3,5022.3,37989.4,38699.4,570.3,843.0,1.7,,87.18,DEMO_SYNTHETIC
PROD-000136,M002,2026-07-20,6575.3,5885.6,5667.7,32068.8,32286.7,1116.3,689.7,2.1,,89.51,DEMO_SYNTHETIC
PROD-000137,M002,2026-07-21,6575.3,6201.0,5851.0,33634.7,33984.7,384.8,374.3,4.9,,94.31,DEMO_SYNTHETIC
PROD-000138,M002,2026-07-22,6575.3,6137.7,5924.6,12722.9,12936.0,1099.1,437.6,3.7,,93.34,DEMO_SYNTHETIC
PROD-000139,M002,2026-07-23,6575.3,6240.8,5511.9,21375.7,22104.6,345.5,334.5,0.6,,94.91,DEMO_SYNTHETIC
PROD-000140,M002,2026-07-24,6575.3,6446.8,5739.4,14871.4,15578.8,994.5,128.5,1.3,,98.05,DEMO_SYNTHETIC
PROD-000141,M002,2026-07-25,6575.3,6345.5,6135.0,24334.6,24545.1,510.2,229.8,2.8,,96.51,DEMO_SYNTHETIC
PROD-000142,M002,2026-07-26,6575.3,6024.0,5107.9,23419.7,24335.8,712.7,551.3,2.1,,91.62,DEMO_SYNTHETIC
PROD-000143,M002,2026-07-27,6575.3,5810.5,5127.6,27168.7,27851.6,327.5,764.8,0.6,,88.37,DEMO_SYNTHETIC
PROD-000144,M002,2026-07-28,6575.3,6783.1,6203.5,44950.6,45530.2,769.9,0,3.6,,103.16,DEMO_SYNTHETIC
PROD-000145,M002,2026-07-29,6575.3,6415.8,5514.9,9481.9,10382.8,1266.8,159.5,1.5,,97.57,DEMO_SYNTHETIC
PROD-000146,M002,2026-07-30,6575.3,5267.8,4791.2,16205.1,16681.7,573.0,1307.5,2.5,,80.11,DEMO_SYNTHETIC
PROD-000147,M002,2026-07-31,6575.3,6263.4,5241.6,13521.0,14542.8,776.7,311.9,0,,95.26,DEMO_SYNTHETIC
PROD-000148,M002,2026-08-01,6575.3,6069.1,5100.3,28713.5,29682.3,1200.0,506.2,3.9,,92.3,DEMO_SYNTHETIC
PROD-000149,M002,2026-08-02,6575.3,6472.8,5527.5,17811.3,18756.6,387.4,102.5,3.8,,98.44,DEMO_SYNTHETIC
PROD-000150,M002,2026-08-03,6575.3,6344.8,5698.2,29940.6,30587.2,930.9,230.5,4.0,,96.49,DEMO_SYNTHETIC
PROD-000151,M002,2026-08-04,6575.3,6230.9,5518.1,38731.7,39444.5,439.5,344.4,0.2,,94.76,DEMO_SYNTHETIC
PROD-000152,M002,2026-08-05,6575.3,6275.4,6096.9,43427.1,43605.6,546.7,299.9,1.8,,95.44,DEMO_SYNTHETIC
PROD-000153,M002,2026-08-06,6575.3,4951.3,4522.6,27414.7,27843.4,958.6,1624.0,1.4,Manpower Constraint,75.3,DEMO_SYNTHETIC
PROD-000154,M002,2026-08-07,6575.3,6265.9,5740.7,8631.9,9157.1,781.2,309.4,3.5,,95.29,DEMO_SYNTHETIC
PROD-000155,M002,2026-08-08,6575.3,6807.9,6406.0,34077.9,34479.8,977.3,0,2.4,,103.54,DEMO_SYNTHETIC
PROD-000156,M002,2026-08-09,6575.3,6726.1,5902.2,33876.0,34699.9,1181.2,0,5.2,,102.29,DEMO_SYNTHETIC
PROD-000157,M002,2026-08-10,6575.3,6096.9,5015.9,18051.0,19132.0,590.7,478.4,3.6,,92.72,DEMO_SYNTHETIC
PROD-000158,M002,2026-08-11,6575.3,5648.1,4972.1,39558.5,40234.5,1030.5,927.2,2.5,,85.9,DEMO_SYNTHETIC
PROD-000159,M002,2026-08-12,6575.3,6713.4,5809.0,43439.7,44344.1,438.1,0,3.2,,102.1,DEMO_SYNTHETIC
PROD-000160,M002,2026-08-13,6575.3,5454.9,5041.4,25980.4,26393.9,890.5,1120.4,4.2,,82.96,DEMO_SYNTHETIC
PROD-000161,M002,2026-08-14,6575.3,6142.8,5660.0,13656.6,14139.4,664.4,432.5,4.2,,93.42,DEMO_SYNTHETIC
PROD-000162,M002,2026-08-15,6575.3,6416.9,6122.7,9330.2,9624.4,974.5,158.4,3.9,,97.59,DEMO_SYNTHETIC
PROD-000163,M002,2026-08-16,6575.3,5844.6,5029.0,44641.6,45457.2,1098.3,730.7,2.2,,88.89,DEMO_SYNTHETIC
PROD-000164,M002,2026-08-17,6575.3,6107.9,5227.5,40514.3,41394.7,309.2,467.4,0.1,,92.89,DEMO_SYNTHETIC
PROD-000165,M002,2026-08-18,6575.3,5730.3,5092.3,26974.8,27612.8,932.0,845.0,3.9,,87.15,DEMO_SYNTHETIC
PROD-000166,M002,2026-08-19,6575.3,6416.7,5340.8,44768.9,45844.8,337.5,158.6,0.7,,97.59,DEMO_SYNTHETIC
PROD-000167,M002,2026-08-20,6575.3,6326.8,6061.5,11831.2,12096.5,668.8,248.5,0.8,,96.22,DEMO_SYNTHETIC
PROD-000168,M002,2026-08-21,6575.3,6309.1,5671.4,44404.7,45042.4,1048.2,266.2,3.4,,95.95,DEMO_SYNTHETIC
PROD-000169,M002,2026-08-22,6575.3,5316.6,4447.9,25479.8,26348.5,358.3,1258.7,4.8,,80.86,DEMO_SYNTHETIC
PROD-000170,M002,2026-08-23,6575.3,5620.8,5266.1,38171.6,38526.3,884.7,954.5,1.1,,85.48,DEMO_SYNTHETIC
PROD-000171,M002,2026-08-24,6575.3,6211.7,5554.3,13740.4,14397.8,748.9,363.6,3.9,,94.47,DEMO_SYNTHETIC
PROD-000172,M002,2026-08-25,6575.3,5552.0,5100.9,31179.2,31630.3,926.5,1023.3,3.2,,84.44,DEMO_SYNTHETIC
PROD-000173,M002,2026-08-26,6575.3,5399.9,4756.6,9002.7,9646.0,578.0,1175.4,1.7,,82.12,DEMO_SYNTHETIC
PROD-000174,M002,2026-08-27,6575.3,6432.7,5414.3,21225.8,22244.2,1139.2,142.6,0.9,,97.83,DEMO_SYNTHETIC
PROD-000175,M002,2026-08-28,6575.3,5983.6,5543.4,8704.9,9145.1,696.3,591.7,2.4,,91.0,DEMO_SYNTHETIC
PROD-000176,M002,2026-08-29,6575.3,6573.3,6233.3,33396.5,33736.5,810.4,2.0,0.1,,99.97,DEMO_SYNTHETIC
PROD-000177,M002,2026-08-30,6575.3,6903.3,6364.8,30264.8,30803.3,996.6,0,5.1,,104.99,DEMO_SYNTHETIC
PROD-000178,M002,2026-08-31,6575.3,5229.2,4318.6,18333.1,19243.7,359.0,1346.1,0,Maintenance Shutdown,79.53,DEMO_SYNTHETIC
PROD-000179,M002,2026-09-01,6575.3,6808.0,5919.6,42563.2,43451.6,1203.1,0,3.0,,103.54,DEMO_SYNTHETIC
PROD-000180,M002,2026-09-02,6575.3,5976.1,5291.2,44957.3,45642.2,1149.2,599.2,4.8,,90.89,DEMO_SYNTHETIC
PROD-000181,M003,2026-06-05,68493.2,66299.1,63275.5,13950.9,16974.5,193428.7,2194.1,1.2,,96.8,DEMO_SYNTHETIC
PROD-000182,M003,2026-06-06,68493.2,71352.0,69685.6,41140.1,42806.5,157596.3,0,0,,104.17,DEMO_SYNTHETIC
PROD-000183,M003,2026-06-07,68493.2,76727.9,72105.2,18595.4,23218.1,118893.2,0,1.1,,112.02,DEMO_SYNTHETIC
PROD-000184,M003,2026-06-08,68493.2,66140.0,59249.9,20139.6,27029.7,96462.1,2353.2,0,,96.56,DEMO_SYNTHETIC
PROD-000185,M003,2026-06-09,68493.2,74454.3,63772.1,11037.7,21719.9,267956.7,0,1.3,,108.7,DEMO_SYNTHETIC
PROD-000186,M003,2026-06-10,68493.2,64793.4,61613.4,40441.9,43621.9,94968.3,3699.8,0,,94.6,DEMO_SYNTHETIC
PROD-000187,M003,2026-06-11,68493.2,67891.9,58932.6,26806.5,35765.8,165469.4,601.3,3.7,,99.12,DEMO_SYNTHETIC
PROD-000188,M003,2026-06-12,68493.2,61465.9,52840.5,35040.1,43665.5,192619.6,7027.3,1.2,,89.74,DEMO_SYNTHETIC
PROD-000189,M003,2026-06-13,68493.2,57853.2,53093.7,44724.8,49484.3,201021.5,10640.0,4.7,,84.47,DEMO_SYNTHETIC
PROD-000190,M003,2026-06-14,68493.2,71299.0,59636.2,28086.9,39749.7,195449.9,0,0.6,,104.1,DEMO_SYNTHETIC
PROD-000191,M003,2026-06-15,68493.2,69348.7,60067.4,25193.0,34474.3,261550.1,0,0,,101.25,DEMO_SYNTHETIC
PROD-000192,M003,2026-06-16,68493.2,65386.8,55154.7,36643.4,46875.5,93840.9,3106.4,3.7,,95.46,DEMO_SYNTHETIC
PROD-000193,M003,2026-06-17,68493.2,65962.6,60186.1,43509.0,49285.5,225471.5,2530.6,1.4,,96.31,DEMO_SYNTHETIC
PROD-000194,M003,2026-06-18,68493.2,68628.1,66265.5,27792.3,30154.9,150364.8,0,1.5,,100.2,DEMO_SYNTHETIC
PROD-000195,M003,2026-06-19,68493.2,61256.1,55739.1,29397.2,34914.2,103633.2,7237.1,0.8,,89.43,DEMO_SYNTHETIC
PROD-000196,M003,2026-06-20,68493.2,61485.9,59894.8,23824.8,25415.9,166785.0,7007.3,2.1,,89.77,DEMO_SYNTHETIC
PROD-000197,M003,2026-06-21,68493.2,58944.0,53971.4,35881.9,40854.5,142053.2,9549.2,5.0,,86.06,DEMO_SYNTHETIC
PROD-000198,M003,2026-06-22,68493.2,64270.4,59307.8,33713.5,38676.1,239932.6,4222.8,1.5,,93.83,DEMO_SYNTHETIC
PROD-000199,M003,2026-06-23,68493.2,68562.2,61112.4,17961.5,25411.3,250820.2,0,1.8,,100.1,DEMO_SYNTHETIC
PROD-000200,M003,2026-06-24,68493.2,59442.3,49108.3,37678.8,48012.8,209291.9,9050.9,0.4,,86.79,DEMO_SYNTHETIC
PROD-000201,M003,2026-06-25,68493.2,64926.3,57176.2,21371.3,29121.4,213200.6,3566.9,4.8,,94.79,DEMO_SYNTHETIC
PROD-000202,M003,2026-06-26,68493.2,69470.3,58347.4,16232.5,27355.4,222654.1,0,1.3,,101.43,DEMO_SYNTHETIC
PROD-000203,M003,2026-06-27,68493.2,60196.6,57111.0,13210.1,16295.7,95803.6,8296.6,5.2,,87.89,DEMO_SYNTHETIC
PROD-000204,M003,2026-06-28,68493.2,70963.0,64922.3,19712.6,25753.3,150114.4,0,1.3,,103.61,DEMO_SYNTHETIC
PROD-000205,M003,2026-06-29,68493.2,76700.3,64410.3,13602.2,25892.2,261102.2,0,1.1,,111.98,DEMO_SYNTHETIC
PROD-000206,M003,2026-06-30,68493.2,59515.1,50287.5,20869.4,30097.0,158039.2,8978.1,0,,86.89,DEMO_SYNTHETIC
PROD-000207,M003,2026-07-01,68493.2,61544.1,59743.4,17721.1,19521.8,190609.7,6949.1,0.5,,89.85,DEMO_SYNTHETIC
PROD-000208,M003,2026-07-02,68493.2,67280.8,61479.7,18430.0,24231.1,232031.0,1212.4,3.9,,98.23,DEMO_SYNTHETIC
PROD-000209,M003,2026-07-03,68493.2,61140.9,57814.7,10581.8,13908.0,158717.4,7352.3,1.0,,89.27,DEMO_SYNTHETIC
PROD-000210,M003,2026-07-04,68493.2,73065.9,71123.2,17181.5,19124.2,234211.7,0,1.4,,106.68,DEMO_SYNTHETIC
PROD-000211,M003,2026-07-05,68493.2,70601.4,63475.7,30797.9,37923.6,141567.1,0,0.9,,103.08,DEMO_SYNTHETIC
PROD-000212,M003,2026-07-06,68493.2,66519.2,60732.5,39147.1,44933.8,140309.3,1974.0,1.4,,97.12,DEMO_SYNTHETIC
PROD-000213,M003,2026-07-07,68493.2,76884.7,70051.8,22841.0,29673.9,178851.9,0,0,,112.25,DEMO_SYNTHETIC
PROD-000214,M003,2026-07-08,68493.2,59645.2,54624.0,33525.3,38546.5,140610.0,8848.0,1.5,,87.08,DEMO_SYNTHETIC
PROD-000215,M003,2026-07-09,68493.2,65187.2,63301.1,18820.2,20706.3,171296.9,3306.0,2.8,,95.17,DEMO_SYNTHETIC
PROD-000216,M003,2026-07-10,68493.2,63867.9,59893.3,37992.8,41967.4,164894.8,4625.3,2.8,,93.25,DEMO_SYNTHETIC
PROD-000217,M003,2026-07-11,68493.2,60177.6,54605.7,23598.0,29169.9,138438.3,8315.6,2.2,,87.86,DEMO_SYNTHETIC
PROD-000218,M003,2026-07-12,68493.2,68793.6,60202.9,33103.2,41693.9,187594.9,0,0,,100.44,DEMO_SYNTHETIC
PROD-000219,M003,2026-07-13,68493.2,68073.6,63471.6,16065.3,20667.3,249729.6,419.6,0.9,,99.39,DEMO_SYNTHETIC
PROD-000220,M003,2026-07-14,68493.2,61128.3,51145.9,24170.5,34152.9,126871.7,7364.9,1.5,,89.25,DEMO_SYNTHETIC
PROD-000221,M003,2026-07-15,68493.2,60400.5,49734.0,40651.2,51317.7,97216.4,8092.7,0,,88.18,DEMO_SYNTHETIC
PROD-000222,M003,2026-07-16,68493.2,69853.7,66292.3,12996.5,16557.9,250532.4,0,4.0,,101.99,DEMO_SYNTHETIC
PROD-000223,M003,2026-07-17,68493.2,65459.4,57821.4,18609.9,26247.9,240954.3,3033.8,0.6,,95.57,DEMO_SYNTHETIC
PROD-000224,M003,2026-07-18,68493.2,64652.5,55770.6,33365.8,42247.7,192210.5,3840.7,1.7,,94.39,DEMO_SYNTHETIC
PROD-000225,M003,2026-07-19,68493.2,60956.7,52563.1,28832.8,37226.4,202147.7,7536.5,0,,89.0,DEMO_SYNTHETIC
PROD-000226,M003,2026-07-20,68493.2,56949.9,49821.9,19874.0,27002.0,95505.3,11543.3,3.2,,83.15,DEMO_SYNTHETIC
PROD-000227,M003,2026-07-21,68493.2,64398.7,53653.7,40347.6,51092.6,180383.9,4094.5,0,,94.02,DEMO_SYNTHETIC
PROD-000228,M003,2026-07-22,68493.2,68142.2,58661.3,16259.5,25740.4,121430.7,351.0,0.5,,99.49,DEMO_SYNTHETIC
PROD-000229,M003,2026-07-23,68493.2,59857.0,57869.1,40185.4,42173.3,146922.5,8636.2,2.8,,87.39,DEMO_SYNTHETIC
PROD-000230,M003,2026-07-24,68493.2,67354.4,63028.7,25891.6,30217.3,206664.2,1138.8,1.7,,98.34,DEMO_SYNTHETIC
PROD-000231,M003,2026-07-25,68493.2,56314.4,46917.0,27227.2,36624.6,211137.3,12178.8,4.1,,82.22,DEMO_SYNTHETIC
PROD-000232,M003,2026-07-26,68493.2,61889.7,51458.4,37954.3,48385.6,120615.5,6603.5,2.0,,90.36,DEMO_SYNTHETIC
PROD-000233,M003,2026-07-27,68493.2,69867.3,63990.8,34849.2,40725.7,85727.4,0,1.2,,102.01,DEMO_SYNTHETIC
PROD-000234,M003,2026-07-28,68493.2,68154.8,57490.6,25211.2,35875.4,196319.7,338.4,0,,99.51,DEMO_SYNTHETIC
PROD-000235,M003,2026-07-29,68493.2,59796.8,52161.1,17356.5,24992.2,163681.0,8696.4,5.0,,87.3,DEMO_SYNTHETIC
PROD-000236,M003,2026-07-30,68493.2,69327.0,60594.3,33259.4,41992.1,260990.3,0,0.5,,101.22,DEMO_SYNTHETIC
PROD-000237,M003,2026-07-31,68493.2,61973.7,54159.7,10255.4,18069.4,134991.2,6519.5,2.2,,90.48,DEMO_SYNTHETIC
PROD-000238,M003,2026-08-01,68493.2,65919.9,64002.7,37788.6,39705.8,122467.4,2573.3,1.1,,96.24,DEMO_SYNTHETIC
PROD-000239,M003,2026-08-02,68493.2,69288.5,57620.2,35439.9,47108.2,176372.0,0,3.2,,101.16,DEMO_SYNTHETIC
PROD-000240,M003,2026-08-03,68493.2,60298.0,57835.3,23634.5,26097.2,107863.8,8195.2,1.2,,88.04,DEMO_SYNTHETIC
PROD-000241,M003,2026-08-04,68493.2,67497.1,56266.2,10943.4,22174.3,189236.9,996.1,0,,98.55,DEMO_SYNTHETIC
PROD-000242,M003,2026-08-05,68493.2,74425.0,64025.9,29304.8,39703.9,263565.0,0,1.6,,108.66,DEMO_SYNTHETIC
PROD-000243,M003,2026-08-06,68493.2,64568.7,60358.8,8386.1,12596.0,197958.1,3924.5,4.1,,94.27,DEMO_SYNTHETIC
PROD-000244,M003,2026-08-07,68493.2,63386.9,52164.1,12218.7,23441.5,139260.7,5106.3,3.1,,92.54,DEMO_SYNTHETIC
PROD-000245,M003,2026-08-08,68493.2,68033.4,56972.9,44498.5,55559.0,137099.9,459.8,0.5,,99.33,DEMO_SYNTHETIC
PROD-000246,M003,2026-08-09,68493.2,59964.2,57209.2,31181.3,33936.3,184353.9,8529.0,0,,87.55,DEMO_SYNTHETIC
PROD-000247,M003,2026-08-10,68493.2,66109.6,60212.9,27131.4,33028.1,80102.5,2383.6,0.7,,96.52,DEMO_SYNTHETIC
PROD-000248,M003,2026-08-11,68493.2,53674.9,51668.4,39920.9,41927.4,167424.1,14818.3,3.3,Manpower Constraint,78.37,DEMO_SYNTHETIC
PROD-000249,M003,2026-08-12,68493.2,68311.2,65614.2,15199.7,17896.7,125757.7,182.0,4.2,,99.73,DEMO_SYNTHETIC
PROD-000250,M003,2026-08-13,68493.2,69020.8,59449.7,28100.9,37672.0,211812.0,0,3.3,,100.77,DEMO_SYNTHETIC
PROD-000251,M003,2026-08-14,68493.2,58794.7,55148.8,28707.5,32353.4,90956.3,9698.5,0,,85.84,DEMO_SYNTHETIC
PROD-000252,M003,2026-08-15,68493.2,64863.6,54266.4,27940.0,38537.2,244937.0,3629.6,0.8,,94.7,DEMO_SYNTHETIC
PROD-000253,M003,2026-08-16,68493.2,70910.0,63325.4,41806.0,49390.6,134352.4,0,0,,103.53,DEMO_SYNTHETIC
PROD-000254,M003,2026-08-17,68493.2,72957.1,60946.1,36290.6,48301.6,165453.0,0,0,,106.52,DEMO_SYNTHETIC
PROD-000255,M003,2026-08-18,68493.2,55669.2,50974.3,18880.5,23575.4,191506.4,12824.0,1.6,,81.28,DEMO_SYNTHETIC
PROD-000256,M003,2026-08-19,68493.2,82810.2,75253.1,29703.9,37261.0,193999.9,0,2.1,,120.9,DEMO_SYNTHETIC
PROD-000257,M003,2026-08-20,68493.2,63219.9,57862.6,30278.5,35635.8,136920.7,5273.3,3.7,,92.3,DEMO_SYNTHETIC
PROD-000258,M003,2026-08-21,68493.2,70648.5,66650.2,14685.7,18684.0,157363.6,0,1.8,,103.15,DEMO_SYNTHETIC
PROD-000259,M003,2026-08-22,68493.2,65002.5,57311.7,32562.1,40252.9,107888.6,3490.7,2.8,,94.9,DEMO_SYNTHETIC
PROD-000260,M003,2026-08-23,68493.2,66310.7,56959.9,12585.4,21936.2,246281.2,2182.5,0,,96.81,DEMO_SYNTHETIC
PROD-000261,M003,2026-08-24,68493.2,53972.8,45541.9,18424.2,26855.1,176703.0,14520.4,0,Equipment Breakdown,78.8,DEMO_SYNTHETIC
PROD-000262,M003,2026-08-25,68493.2,65976.0,57770.5,36153.9,44359.4,142337.6,2517.2,2.9,,96.32,DEMO_SYNTHETIC
PROD-000263,M003,2026-08-26,68493.2,70313.8,63214.4,36532.5,43631.9,96344.7,0,4.7,,102.66,DEMO_SYNTHETIC
PROD-000264,M003,2026-08-27,68493.2,66659.5,57115.3,11189.4,20733.6,86255.0,1833.7,1.9,,97.32,DEMO_SYNTHETIC
PROD-000265,M003,2026-08-28,68493.2,62929.1,57528.4,29349.5,34750.2,202694.8,5564.1,3.0,,91.88,DEMO_SYNTHETIC
PROD-000266,M003,2026-08-29,68493.2,75193.0,66196.7,42795.1,51791.4,265957.8,0,0.2,,109.78,DEMO_SYNTHETIC
PROD-000267,M003,2026-08-30,68493.2,68863.1,57519.3,37860.9,49204.7,109315.2,0,2.0,,100.54,DEMO_SYNTHETIC
PROD-000268,M003,2026-08-31,68493.2,65347.1,63198.8,11816.1,13964.4,146585.5,3146.1,4.1,,95.41,DEMO_SYNTHETIC
PROD-000269,M003,2026-09-01,68493.2,70899.0,63038.1,33588.8,41449.7,115258.8,0,1.7,,103.51,DEMO_SYNTHETIC
PROD-000270,M003,2026-09-02,68493.2,67672.2,61075.4,14756.8,21353.6,229999.9,821.0,0.2,,98.8,DEMO_SYNTHETIC
PROD-000271,M004,2026-06-05,8493.2,7791.4,7597.9,39666.1,39859.6,1067.7,701.8,1.6,,91.74,DEMO_SYNTHETIC
PROD-000272,M004,2026-06-06,8493.2,7990.2,7587.0,20505.3,20908.5,843.0,503.0,2.6,,94.08,DEMO_SYNTHETIC
PROD-000273,M004,2026-06-07,8493.2,8785.3,8539.4,16933.2,17179.1,1738.8,0,2.6,,103.44,DEMO_SYNTHETIC
PROD-000274,M004,2026-06-08,8493.2,7773.9,7341.6,39832.2,40264.5,427.1,719.3,3.4,,91.53,DEMO_SYNTHETIC
PROD-000275,M004,2026-06-09,8493.2,8670.6,7915.3,16504.3,17259.6,592.4,0,1.4,,102.09,DEMO_SYNTHETIC
PROD-000276,M004,2026-06-10,8493.2,6368.6,5477.7,18546.2,19437.1,1153.9,2124.6,4.5,Maintenance Shutdown,74.98,DEMO_SYNTHETIC
PROD-000277,M004,2026-06-11,8493.2,7647.7,6539.5,41870.4,42978.6,638.5,845.5,0.7,,90.04,DEMO_SYNTHETIC
PROD-000278,M004,2026-06-12,8493.2,8874.5,8231.1,40784.4,41427.8,1419.4,0,2.7,,104.49,DEMO_SYNTHETIC
PROD-000279,M004,2026-06-13,8493.2,7664.3,7495.7,25217.2,25385.8,503.5,828.9,0.9,,90.24,DEMO_SYNTHETIC
PROD-000280,M004,2026-06-14,8493.2,7508.2,6445.1,10883.8,11946.9,576.7,985.0,6.4,,88.4,DEMO_SYNTHETIC
PROD-000281,M004,2026-06-15,8493.2,8691.8,7162.5,8325.2,9854.5,1070.1,0,3.2,,102.34,DEMO_SYNTHETIC
PROD-000282,M004,2026-06-16,8493.2,9475.3,9178.3,35890.4,36187.4,1181.3,0,3.4,,111.56,DEMO_SYNTHETIC
PROD-000283,M004,2026-06-17,8493.2,7943.4,6523.7,44566.1,45985.8,1492.2,549.8,4.2,,93.53,DEMO_SYNTHETIC
PROD-000284,M004,2026-06-18,8493.2,7238.4,6151.0,36694.7,37782.1,779.8,1254.8,3.3,,85.23,DEMO_SYNTHETIC
PROD-000285,M004,2026-06-19,8493.2,7819.8,6856.5,17894.2,18857.5,1176.1,673.4,2.5,,92.07,DEMO_SYNTHETIC
PROD-000286,M004,2026-06-20,8493.2,9472.4,9140.5,27954.4,28286.3,1047.2,0,0.6,,111.53,DEMO_SYNTHETIC
PROD-000287,M004,2026-06-21,8493.2,8791.6,7372.1,41172.6,42592.1,1651.1,0,2.7,,103.51,DEMO_SYNTHETIC
PROD-000288,M004,2026-06-22,8493.2,8917.0,8015.3,33375.2,34276.9,922.0,0,0.1,,104.99,DEMO_SYNTHETIC
PROD-000289,M004,2026-06-23,8493.2,8716.6,8013.4,41977.3,42680.5,667.1,0,1.5,,102.63,DEMO_SYNTHETIC
PROD-000290,M004,2026-06-24,8493.2,8104.5,6840.0,23406.5,24671.0,484.5,388.7,5.4,,95.42,DEMO_SYNTHETIC
PROD-000291,M004,2026-06-25,8493.2,8237.7,7732.8,39145.7,39650.6,1460.7,255.5,1.0,,96.99,DEMO_SYNTHETIC
PROD-000292,M004,2026-06-26,8493.2,9075.8,7958.0,20834.5,21952.3,1108.9,0,6.2,,106.86,DEMO_SYNTHETIC
PROD-000293,M004,2026-06-27,8493.2,7657.3,7125.1,9009.9,9542.1,946.8,835.9,0,,90.16,DEMO_SYNTHETIC
PROD-000294,M004,2026-06-28,8493.2,8005.2,7820.4,38499.4,38684.2,970.4,488.0,2.5,,94.25,DEMO_SYNTHETIC
PROD-000295,M004,2026-06-29,8493.2,8208.7,7228.2,42926.3,43906.8,1490.6,284.5,0,,96.65,DEMO_SYNTHETIC
PROD-000296,M004,2026-06-30,8493.2,7811.7,6825.0,8119.1,9105.8,1252.5,681.5,1.4,,91.98,DEMO_SYNTHETIC
PROD-000297,M004,2026-07-01,8493.2,6605.7,6268.6,18708.3,19045.4,738.5,1887.5,2.1,Maintenance Shutdown,77.78,DEMO_SYNTHETIC
PROD-000298,M004,2026-07-02,8493.2,7316.2,7122.4,23216.5,23410.3,428.5,1177.0,2.5,,86.14,DEMO_SYNTHETIC
PROD-000299,M004,2026-07-03,8493.2,8396.6,8211.1,40922.2,41107.7,1308.2,96.6,6.2,,98.86,DEMO_SYNTHETIC
PROD-000300,M004,2026-07-04,8493.2,8607.6,8251.4,33972.0,34328.2,751.9,0,2.8,,101.35,DEMO_SYNTHETIC
PROD-000301,M004,2026-07-05,8493.2,7447.0,6595.1,8691.1,9543.0,513.0,1046.2,5.8,,87.68,DEMO_SYNTHETIC
PROD-000302,M004,2026-07-06,8493.2,7504.7,6279.8,9659.7,10884.6,1297.6,988.5,0.5,,88.36,DEMO_SYNTHETIC
PROD-000303,M004,2026-07-07,8493.2,7519.5,6503.8,38461.5,39477.2,401.9,973.7,1.0,,88.54,DEMO_SYNTHETIC
PROD-000304,M004,2026-07-08,8493.2,7628.0,6735.8,32766.8,33659.0,1177.5,865.2,0.5,,89.81,DEMO_SYNTHETIC
PROD-000305,M004,2026-07-09,8493.2,9242.5,8084.1,18546.1,19704.5,960.8,0,2.4,,108.82,DEMO_SYNTHETIC
PROD-000306,M004,2026-07-10,8493.2,7449.9,6535.4,39841.7,40756.2,581.8,1043.3,0.3,,87.72,DEMO_SYNTHETIC
PROD-000307,M004,2026-07-11,8493.2,7814.4,6929.3,8854.3,9739.4,1531.3,678.8,2.3,,92.01,DEMO_SYNTHETIC
PROD-000308,M004,2026-07-12,8493.2,8282.1,7793.8,14518.7,15007.0,759.2,211.1,2.6,,97.51,DEMO_SYNTHETIC
PROD-000309,M004,2026-07-13,8493.2,7821.6,6669.9,20577.1,21728.8,1220.3,671.6,1.6,,92.09,DEMO_SYNTHETIC
PROD-000310,M004,2026-07-14,8493.2,7480.5,6462.2,22083.7,23102.0,1038.6,1012.7,1.7,,88.08,DEMO_SYNTHETIC
PROD-000311,M004,2026-07-15,8493.2,8986.3,8246.7,11553.3,12292.9,587.0,0,1.0,,105.81,DEMO_SYNTHETIC
PROD-000312,M004,2026-07-16,8493.2,8666.3,8253.7,9137.4,9550.0,1025.3,0,3.0,,102.04,DEMO_SYNTHETIC
PROD-000313,M004,2026-07-17,8493.2,8679.6,7964.4,11544.2,12259.4,1334.2,0,3.9,,102.19,DEMO_SYNTHETIC
PROD-000314,M004,2026-07-18,8493.2,8307.7,7970.1,37184.3,37521.9,1646.9,185.5,1.6,,97.82,DEMO_SYNTHETIC
PROD-000315,M004,2026-07-19,8493.2,7659.8,6740.0,35647.1,36566.9,414.1,833.4,1.4,,90.19,DEMO_SYNTHETIC
PROD-000316,M004,2026-07-20,8493.2,8209.8,6992.8,12846.7,14063.7,757.9,283.4,0.0,,96.66,DEMO_SYNTHETIC
PROD-000317,M004,2026-07-21,8493.2,7980.8,7626.4,30757.6,31112.0,510.4,512.4,4.2,,93.97,DEMO_SYNTHETIC
PROD-000318,M004,2026-07-22,8493.2,8473.7,8236.4,36433.8,36671.1,1588.5,19.5,3.6,,99.77,DEMO_SYNTHETIC
PROD-000319,M004,2026-07-23,8493.2,7174.9,6254.8,37627.7,38547.8,1075.7,1318.3,2.2,,84.48,DEMO_SYNTHETIC
PROD-000320,M004,2026-07-24,8493.2,7828.4,7535.7,37072.4,37365.1,1441.4,664.8,1.5,,92.17,DEMO_SYNTHETIC
PROD-000321,M004,2026-07-25,8493.2,8543.4,7067.9,22027.9,23503.4,1044.3,0,1.3,,100.59,DEMO_SYNTHETIC
PROD-000322,M004,2026-07-26,8493.2,8679.8,8463.0,25243.1,25459.9,964.6,0,3.0,,102.2,DEMO_SYNTHETIC
PROD-000323,M004,2026-07-27,8493.2,7687.3,6809.8,31760.9,32638.4,1320.1,805.9,1.6,,90.51,DEMO_SYNTHETIC
PROD-000324,M004,2026-07-28,8493.2,8498.2,7271.0,20957.0,22184.2,1037.5,0,0,,100.06,DEMO_SYNTHETIC
PROD-000325,M004,2026-07-29,8493.2,8085.7,7820.8,18475.5,18740.4,1067.2,407.5,0.3,,95.2,DEMO_SYNTHETIC
PROD-000326,M004,2026-07-30,8493.2,8264.2,6882.6,43329.9,44711.5,1577.7,229.0,2.0,,97.3,DEMO_SYNTHETIC
PROD-000327,M004,2026-07-31,8493.2,8605.1,7909.6,20874.6,21570.1,556.8,0,0,,101.32,DEMO_SYNTHETIC
PROD-000328,M004,2026-08-01,8493.2,6672.1,5706.8,21126.8,22092.1,533.5,1821.1,3.8,Equipment Breakdown,78.56,DEMO_SYNTHETIC
PROD-000329,M004,2026-08-02,8493.2,8086.5,7336.7,43084.0,43833.8,857.9,406.7,3.6,,95.21,DEMO_SYNTHETIC
PROD-000330,M004,2026-08-03,8493.2,7416.7,6828.6,41536.4,42124.5,496.9,1076.5,5.2,,87.33,DEMO_SYNTHETIC
PROD-000331,M004,2026-08-04,8493.2,7858.9,7418.6,44062.3,44502.6,1562.4,634.3,5.0,,92.53,DEMO_SYNTHETIC
PROD-000332,M004,2026-08-05,8493.2,10000.4,8961.2,10099.9,11139.1,1861.1,0,2.9,,117.75,DEMO_SYNTHETIC
PROD-000333,M004,2026-08-06,8493.2,7285.3,6007.7,39067.0,40344.6,626.2,1207.9,1.6,,85.78,DEMO_SYNTHETIC
PROD-000334,M004,2026-08-07,8493.2,8264.0,7753.9,13295.1,13805.2,1566.1,229.2,2.0,,97.3,DEMO_SYNTHETIC
PROD-000335,M004,2026-08-08,8493.2,9179.5,8882.3,32008.1,32305.3,1048.6,0,1.7,,108.08,DEMO_SYNTHETIC
PROD-000336,M004,2026-08-09,8493.2,8280.1,7471.2,23453.5,24262.4,1469.7,213.1,0,,97.49,DEMO_SYNTHETIC
PROD-000337,M004,2026-08-10,8493.2,8167.9,7617.5,17600.6,18151.0,1504.1,325.3,1.2,,96.17,DEMO_SYNTHETIC
PROD-000338,M004,2026-08-11,8493.2,7887.6,7524.9,37993.6,38356.3,612.1,605.6,3.5,,92.87,DEMO_SYNTHETIC
PROD-000339,M004,2026-08-12,8493.2,8976.8,7424.2,11573.1,13125.7,1794.2,0,4.9,,105.69,DEMO_SYNTHETIC
PROD-000340,M004,2026-08-13,8493.2,8910.6,7556.4,37507.7,38861.9,709.5,0,0,,104.91,DEMO_SYNTHETIC
PROD-000341,M004,2026-08-14,8493.2,7845.1,6874.2,38104.7,39075.6,659.2,648.1,0.8,,92.37,DEMO_SYNTHETIC
PROD-000342,M004,2026-08-15,8493.2,7291.7,6941.9,44679.8,45029.6,864.8,1201.5,3.5,,85.85,DEMO_SYNTHETIC
PROD-000343,M004,2026-08-16,8493.2,7741.7,7501.0,28187.5,28428.2,1079.7,751.5,3.6,,91.15,DEMO_SYNTHETIC
PROD-000344,M004,2026-08-17,8493.2,8239.3,7064.3,24765.2,25940.2,1494.0,253.9,2.8,,97.01,DEMO_SYNTHETIC
PROD-000345,M004,2026-08-18,8493.2,7963.3,7469.9,22317.0,22810.4,443.8,529.9,5.5,,93.76,DEMO_SYNTHETIC
PROD-000346,M004,2026-08-19,8493.2,7010.2,5897.0,14533.8,15647.0,1265.8,1483.0,1.1,,82.54,DEMO_SYNTHETIC
PROD-000347,M004,2026-08-20,8493.2,8566.8,8184.1,18038.8,18421.5,1145.0,0,5.6,,100.87,DEMO_SYNTHETIC
PROD-000348,M004,2026-08-21,8493.2,6210.8,5648.1,40944.3,41507.0,754.1,2282.4,1.7,Haul Road Constraint,73.13,DEMO_SYNTHETIC
PROD-000349,M004,2026-08-22,8493.2,8309.7,7167.9,29423.2,30565.0,522.4,183.5,0,,97.84,DEMO_SYNTHETIC
PROD-000350,M004,2026-08-23,8493.2,8240.8,7248.6,9532.0,10524.2,442.4,252.4,2.6,,97.03,DEMO_SYNTHETIC
PROD-000351,M004,2026-08-24,8493.2,6654.6,5960.4,32662.0,33356.2,1191.5,1838.6,4.1,Heavy Rainfall,78.35,DEMO_SYNTHETIC
PROD-000352,M004,2026-08-25,8493.2,8092.2,7846.5,28984.4,29230.1,841.7,401.0,1.4,,95.28,DEMO_SYNTHETIC
PROD-000353,M004,2026-08-26,8493.2,7792.2,7632.3,15510.2,15670.1,688.3,701.0,1.6,,91.75,DEMO_SYNTHETIC
PROD-000354,M004,2026-08-27,8493.2,9004.2,7571.9,21225.7,22658.0,1122.6,0,0.9,,106.02,DEMO_SYNTHETIC
PROD-000355,M004,2026-08-28,8493.2,7784.1,6488.7,26356.6,27652.0,595.6,709.1,5.9,,91.65,DEMO_SYNTHETIC
PROD-000356,M004,2026-08-29,8493.2,7950.7,6749.9,30532.9,31733.7,1388.6,542.5,4.6,,93.61,DEMO_SYNTHETIC
PROD-000357,M004,2026-08-30,8493.2,8759.0,8157.1,13780.7,14382.6,448.0,0,2.1,,103.13,DEMO_SYNTHETIC
PROD-000358,M004,2026-08-31,8493.2,6933.5,5774.6,17485.8,18644.7,691.3,1559.7,4.0,,81.64,DEMO_SYNTHETIC
PROD-000359,M004,2026-09-01,8493.2,8065.1,7709.1,24635.7,24991.7,637.6,428.1,4.1,,94.96,DEMO_SYNTHETIC
PROD-000360,M004,2026-09-02,8493.2,9847.7,9403.6,33069.2,33513.3,1383.1,0,4.8,,115.95,DEMO_SYNTHETIC
PROD-000361,M005,2026-06-05,82191.8,82579.3,76994.6,35907.6,41492.3,168624.5,0,3.3,,100.47,DEMO_SYNTHETIC
PROD-000362,M005,2026-06-06,82191.8,76848.8,71571.0,13667.3,18945.1,262460.4,5343.0,0.8,,93.5,DEMO_SYNTHETIC
PROD-000363,M005,2026-06-07,82191.8,82466.6,70529.5,12136.1,24073.2,300666.9,0,1.0,,100.33,DEMO_SYNTHETIC
PROD-000364,M005,2026-06-08,82191.8,82876.1,72794.7,40244.6,50326.0,286367.7,0,3.8,,100.83,DEMO_SYNTHETIC
PROD-000365,M005,2026-06-09,82191.8,75245.2,62919.2,29416.2,41742.2,256440.6,6946.6,1.4,,91.55,DEMO_SYNTHETIC
PROD-000366,M005,2026-06-10,82191.8,73290.3,70340.2,12382.3,15332.4,225875.3,8901.5,2.4,,89.17,DEMO_SYNTHETIC
PROD-000367,M005,2026-06-11,82191.8,86328.9,75504.0,43550.4,54375.3,184731.4,0,2.8,,105.03,DEMO_SYNTHETIC
PROD-000368,M005,2026-06-12,82191.8,72820.0,60090.1,34201.6,46931.5,99506.4,9371.8,0,,88.6,DEMO_SYNTHETIC
PROD-000369,M005,2026-06-13,82191.8,74883.3,72572.9,9344.5,11654.9,246418.0,7308.5,3.4,,91.11,DEMO_SYNTHETIC
PROD-000370,M005,2026-06-14,82191.8,68633.0,56780.0,11404.6,23257.6,223851.2,13558.8,2.1,,83.5,DEMO_SYNTHETIC
PROD-000371,M005,2026-06-15,82191.8,86226.4,82157.9,36624.6,40693.1,133974.3,0,4.5,,104.91,DEMO_SYNTHETIC
PROD-000372,M005,2026-06-16,82191.8,89136.6,84911.3,26451.6,30676.9,172820.8,0,2.1,,108.45,DEMO_SYNTHETIC
PROD-000373,M005,2026-06-17,82191.8,86484.4,83827.7,39709.8,42366.5,166156.8,0,6.8,,105.22,DEMO_SYNTHETIC
PROD-000374,M005,2026-06-18,82191.8,77500.6,71532.9,23295.7,29263.4,228320.0,4691.2,3.1,,94.29,DEMO_SYNTHETIC
PROD-000375,M005,2026-06-19,82191.8,74925.5,63385.6,8807.6,20347.5,182484.7,7266.3,2.2,,91.16,DEMO_SYNTHETIC
PROD-000376,M005,2026-06-20,82191.8,70488.6,58796.3,40796.0,52488.3,237793.6,11703.2,2.3,,85.76,DEMO_SYNTHETIC
PROD-000377,M005,2026-06-21,82191.8,80575.3,70678.2,18693.1,28590.2,240379.0,1616.5,2.1,,98.03,DEMO_SYNTHETIC
PROD-000378,M005,2026-06-22,82191.8,85960.0,73253.3,13077.2,25783.9,134676.7,0,1.9,,104.58,DEMO_SYNTHETIC
PROD-000379,M005,2026-06-23,82191.8,81642.5,76489.6,13392.5,18545.4,153019.8,549.3,2.1,,99.33,DEMO_SYNTHETIC
PROD-000380,M005,2026-06-24,82191.8,72349.5,65217.6,37816.3,44948.2,107662.4,9842.3,0,,88.03,DEMO_SYNTHETIC
PROD-000381,M005,2026-06-25,82191.8,77188.2,75417.6,23095.9,24866.5,169670.5,5003.6,1.0,,93.91,DEMO_SYNTHETIC
PROD-000382,M005,2026-06-26,82191.8,78156.1,66952.7,16973.7,28177.1,95278.2,4035.7,1.3,,95.09,DEMO_SYNTHETIC
PROD-000383,M005,2026-06-27,82191.8,77991.1,65312.4,24323.6,37002.3,95403.4,4200.7,2.6,,94.89,DEMO_SYNTHETIC
PROD-000384,M005,2026-06-28,82191.8,79102.0,69716.2,41696.5,51082.3,278179.3,3089.8,3.1,,96.24,DEMO_SYNTHETIC
PROD-000385,M005,2026-06-29,82191.8,81084.0,70844.7,41163.2,51402.5,159721.9,1107.8,5.3,,98.65,DEMO_SYNTHETIC
PROD-000386,M005,2026-06-30,82191.8,89538.8,76576.5,19828.2,32790.5,134603.1,0,1.1,,108.94,DEMO_SYNTHETIC
PROD-000387,M005,2026-07-01,82191.8,79602.0,72366.9,42434.8,49669.9,214953.7,2589.8,3.5,,96.85,DEMO_SYNTHETIC
PROD-000388,M005,2026-07-02,82191.8,74393.1,66267.7,31640.9,39766.3,96921.2,7798.7,0.9,,90.51,DEMO_SYNTHETIC
PROD-000389,M005,2026-07-03,82191.8,74230.3,70007.4,36078.9,40301.8,185647.0,7961.5,1.9,,90.31,DEMO_SYNTHETIC
PROD-000390,M005,2026-07-04,82191.8,76280.9,63287.6,44189.3,57182.6,259068.9,5910.9,0,,92.81,DEMO_SYNTHETIC
PROD-000391,M005,2026-07-05,82191.8,85908.1,81428.5,8965.5,13445.1,143799.4,0,2.2,,104.52,DEMO_SYNTHETIC
PROD-000392,M005,2026-07-06,82191.8,72835.5,61296.2,30201.2,41740.5,121305.8,9356.3,3.1,,88.62,DEMO_SYNTHETIC
PROD-000393,M005,2026-07-07,82191.8,82712.7,69899.3,42001.8,54815.2,312792.2,0,5.4,,100.63,DEMO_SYNTHETIC
PROD-000394,M005,2026-07-08,82191.8,88296.8,74588.0,23028.1,36736.9,277708.0,0,0.5,,107.43,DEMO_SYNTHETIC
PROD-000395,M005,2026-07-09,82191.8,63451.9,54828.0,33717.3,42341.2,225302.0,18739.9,3.3,Equipment Breakdown,77.2,DEMO_SYNTHETIC
PROD-000396,M005,2026-07-10,82191.8,83832.9,78012.6,33059.1,38879.4,198358.4,0,0,,102.0,DEMO_SYNTHETIC
PROD-000397,M005,2026-07-11,82191.8,72898.0,60805.5,39386.1,51478.6,111980.7,9293.8,0.3,,88.69,DEMO_SYNTHETIC
PROD-000398,M005,2026-07-12,82191.8,75187.9,67791.2,33660.8,41057.5,95679.2,7003.9,1.6,,91.48,DEMO_SYNTHETIC
PROD-000399,M005,2026-07-13,82191.8,90714.2,76032.3,37708.9,52390.8,283873.7,0,0,,110.37,DEMO_SYNTHETIC
PROD-000400,M005,2026-07-14,82191.8,83368.5,70746.5,30345.4,42967.4,236090.9,0,3.8,,101.43,DEMO_SYNTHETIC
PROD-000401,M005,2026-07-15,82191.8,77927.1,73150.8,16990.3,21766.6,284635.5,4264.7,2.8,,94.81,DEMO_SYNTHETIC
PROD-000402,M005,2026-07-16,82191.8,69905.8,64760.7,43231.7,48376.8,161615.5,12286.0,2.7,,85.05,DEMO_SYNTHETIC
PROD-000403,M005,2026-07-17,82191.8,72127.8,61338.7,31982.0,42771.1,242548.2,10064.0,5.1,,87.76,DEMO_SYNTHETIC
PROD-000404,M005,2026-07-18,82191.8,80987.8,70915.0,44184.2,54257.0,205416.3,1204.0,0.9,,98.54,DEMO_SYNTHETIC
PROD-000405,M005,2026-07-19,82191.8,77092.1,68728.5,25995.0,34358.6,200962.0,5099.7,4.5,,93.8,DEMO_SYNTHETIC
PROD-000406,M005,2026-07-20,82191.8,77174.3,67403.5,22490.0,32260.8,208979.9,5017.5,4.0,,93.9,DEMO_SYNTHETIC
PROD-000407,M005,2026-07-21,82191.8,84883.8,82622.5,12368.6,14629.9,106066.4,0,4.0,,103.28,DEMO_SYNTHETIC
PROD-000408,M005,2026-07-22,82191.8,75816.5,71632.7,19284.1,23467.9,114293.8,6375.3,1.0,,92.24,DEMO_SYNTHETIC
PROD-000409,M005,2026-07-23,82191.8,81567.7,70739.4,9837.0,20665.3,138707.0,624.1,0.2,,99.24,DEMO_SYNTHETIC
PROD-000410,M005,2026-07-24,82191.8,87769.3,74204.4,20528.1,34093.0,254618.0,0,1.8,,106.79,DEMO_SYNTHETIC
PROD-000411,M005,2026-07-25,82191.8,84421.7,73422.1,24909.9,35909.5,181130.4,0,2.1,,102.71,DEMO_SYNTHETIC
PROD-000412,M005,2026-07-26,82191.8,74260.0,64105.0,32571.0,42726.0,281401.0,7931.8,4.2,,90.35,DEMO_SYNTHETIC
PROD-000413,M005,2026-07-27,82191.8,75797.4,64648.7,14274.2,25422.9,239226.6,6394.4,6.2,,92.22,DEMO_SYNTHETIC
PROD-000414,M005,2026-07-28,82191.8,78916.3,75375.6,41297.1,44837.8,132019.8,3275.5,3.2,,96.01,DEMO_SYNTHETIC
PROD-000415,M005,2026-07-29,82191.8,73513.7,63274.3,29031.2,39270.6,176322.3,8678.1,2.4,,89.44,DEMO_SYNTHETIC
PROD-000416,M005,2026-07-30,82191.8,73280.5,66361.8,23952.0,30870.7,129528.7,8911.3,0.6,,89.16,DEMO_SYNTHETIC
PROD-000417,M005,2026-07-31,82191.8,78957.4,70103.8,19859.6,28713.2,245744.5,3234.4,0,,96.06,DEMO_SYNTHETIC
PROD-000418,M005,2026-08-01,82191.8,71368.3,62986.7,15690.0,24071.6,229079.9,10823.5,4.8,,86.83,DEMO_SYNTHETIC
PROD-000419,M005,2026-08-02,82191.8,83168.6,77815.3,33900.6,39253.9,267351.5,0,2.4,,101.19,DEMO_SYNTHETIC
PROD-000420,M005,2026-08-03,82191.8,70386.6,64340.6,37640.2,43686.2,91221.3,11805.2,0,,85.64,DEMO_SYNTHETIC
PROD-000421,M005,2026-08-04,82191.8,73049.1,64006.6,11943.5,20986.0,258306.4,9142.7,0.8,,88.88,DEMO_SYNTHETIC
PROD-000422,M005,2026-08-05,82191.8,87545.1,81285.6,13658.4,19917.9,132004.9,0,0.7,,106.51,DEMO_SYNTHETIC
PROD-000423,M005,2026-08-06,82191.8,78264.6,75909.0,38716.5,41072.1,239117.6,3927.2,2.6,,95.22,DEMO_SYNTHETIC
PROD-000424,M005,2026-08-07,82191.8,71434.4,62086.5,18348.4,27696.3,117504.8,10757.4,4.0,,86.91,DEMO_SYNTHETIC
PROD-000425,M005,2026-08-08,82191.8,85677.7,73926.6,22067.3,33818.4,117663.1,0,5.1,,104.24,DEMO_SYNTHETIC
PROD-000426,M005,2026-08-09,82191.8,80392.3,70208.9,19927.1,30110.5,102174.3,1799.5,2.3,,97.81,DEMO_SYNTHETIC
PROD-000427,M005,2026-08-10,82191.8,75548.4,63663.3,33049.6,44934.7,106813.9,6643.4,4.6,,91.92,DEMO_SYNTHETIC
PROD-000428,M005,2026-08-11,82191.8,83467.5,71603.2,31873.1,43737.4,251902.9,0,2.2,,101.55,DEMO_SYNTHETIC
PROD-000429,M005,2026-08-12,82191.8,76483.0,62734.4,23268.5,37017.1,141940.2,5708.8,0.2,,93.05,DEMO_SYNTHETIC
PROD-000430,M005,2026-08-13,82191.8,78408.0,64612.7,9844.7,23640.0,253358.3,3783.8,2.0,,95.4,DEMO_SYNTHETIC
PROD-000431,M005,2026-08-14,82191.8,76640.8,67210.9,33396.1,42826.0,220568.1,5551.0,0,,93.25,DEMO_SYNTHETIC
PROD-000432,M005,2026-08-15,82191.8,81677.6,69082.3,34005.1,46600.4,206358.8,514.2,2.3,,99.37,DEMO_SYNTHETIC
PROD-000433,M005,2026-08-16,82191.8,81981.8,69265.5,37541.8,50258.1,184030.8,210.0,2.6,,99.74,DEMO_SYNTHETIC
PROD-000434,M005,2026-08-17,82191.8,83020.3,71785.9,16321.4,27555.8,197972.8,0,1.5,,101.01,DEMO_SYNTHETIC
PROD-000435,M005,2026-08-18,82191.8,69349.1,65443.6,29770.7,33676.2,130607.8,12842.7,0,,84.37,DEMO_SYNTHETIC
PROD-000436,M005,2026-08-19,82191.8,77779.8,73948.6,44168.9,48000.1,240868.9,4412.0,0.7,,94.63,DEMO_SYNTHETIC
PROD-000437,M005,2026-08-20,82191.8,78620.2,70363.3,43769.6,52026.5,277225.7,3571.6,1.6,,95.65,DEMO_SYNTHETIC
PROD-000438,M005,2026-08-21,82191.8,71797.4,69821.8,17284.5,19260.1,226054.5,10394.4,0,,87.35,DEMO_SYNTHETIC
PROD-000439,M005,2026-08-22,82191.8,86972.8,74950.9,42329.2,54351.1,157901.7,0,4.8,,105.82,DEMO_SYNTHETIC
PROD-000440,M005,2026-08-23,82191.8,85765.1,75674.8,14012.2,24102.5,112487.0,0,2.4,,104.35,DEMO_SYNTHETIC
PROD-000441,M005,2026-08-24,82191.8,75939.5,73068.5,43361.4,46232.4,183662.8,6252.3,0.6,,92.39,DEMO_SYNTHETIC
PROD-000442,M005,2026-08-25,82191.8,90837.0,88138.6,26962.5,29660.9,281053.6,0,3.4,,110.52,DEMO_SYNTHETIC
PROD-000443,M005,2026-08-26,82191.8,69021.5,64789.2,27797.4,32029.7,83995.2,13170.3,0.7,,83.98,DEMO_SYNTHETIC
PROD-000444,M005,2026-08-27,82191.8,70614.2,69106.1,16048.4,17556.5,207786.2,11577.6,0,,85.91,DEMO_SYNTHETIC
PROD-000445,M005,2026-08-28,82191.8,72997.2,68409.8,35332.7,39920.1,96299.2,9194.6,0,,88.81,DEMO_SYNTHETIC
PROD-000446,M005,2026-08-29,82191.8,73632.6,60528.3,28139.9,41244.2,248987.2,8559.2,5.2,,89.59,DEMO_SYNTHETIC
PROD-000447,M005,2026-08-30,82191.8,72154.0,64677.0,27871.3,35348.3,138188.1,10037.8,3.8,,87.79,DEMO_SYNTHETIC
PROD-000448,M005,2026-08-31,82191.8,93285.4,86503.7,38083.4,44865.1,166061.1,0,5.8,,113.5,DEMO_SYNTHETIC
PROD-000449,M005,2026-09-01,82191.8,86640.3,80798.0,33025.7,38868.0,291200.2,0,0,,105.41,DEMO_SYNTHETIC
PROD-000450,M005,2026-09-02,82191.8,78992.8,69367.8,42227.7,51852.7,179369.8,3199.0,0,,96.11,DEMO_SYNTHETIC
PROD-000451,M006,2026-06-05,17808.2,18481.4,15476.9,28491.1,31495.6,66003.9,0,6.0,,103.78,DEMO_SYNTHETIC
PROD-000452,M006,2026-06-06,17808.2,15992.8,14016.0,39278.1,41254.9,42854.8,1815.4,1.3,,89.81,DEMO_SYNTHETIC
PROD-000453,M006,2026-06-07,17808.2,16156.4,15832.8,38264.7,38588.3,60177.9,1651.8,5.2,,90.72,DEMO_SYNTHETIC
PROD-000454,M006,2026-06-08,17808.2,18241.0,15664.1,25756.8,28333.7,35970.1,0,3.1,,102.43,DEMO_SYNTHETIC
PROD-000455,M006,2026-06-09,17808.2,18267.4,16707.7,41503.4,43063.1,58173.2,0,5.0,,102.58,DEMO_SYNTHETIC
PROD-000456,M006,2026-06-10,17808.2,14187.2,13471.3,26187.1,26903.0,49736.3,3621.0,3.8,Equipment Breakdown,79.67,DEMO_SYNTHETIC
PROD-000457,M006,2026-06-11,17808.2,19090.2,18511.6,25134.7,25713.3,53602.0,0,1.0,,107.2,DEMO_SYNTHETIC
PROD-000458,M006,2026-06-12,17808.2,15275.3,14419.4,33451.1,34307.0,29663.4,2532.9,1.4,,85.78,DEMO_SYNTHETIC
PROD-000459,M006,2026-06-13,17808.2,16121.2,15451.1,23282.4,23952.5,36530.5,1687.0,2.1,,90.53,DEMO_SYNTHETIC
PROD-000460,M006,2026-06-14,17808.2,15650.8,15295.2,10958.3,11313.9,49065.6,2157.4,3.4,,87.89,DEMO_SYNTHETIC
PROD-000461,M006,2026-06-15,17808.2,16086.9,13433.5,42914.3,45567.7,39156.5,1721.3,1.8,,90.33,DEMO_SYNTHETIC
PROD-000462,M006,2026-06-16,17808.2,16286.4,15610.4,44472.3,45148.3,58425.3,1521.8,0,,91.45,DEMO_SYNTHETIC
PROD-000463,M006,2026-06-17,17808.2,18690.2,16112.3,14646.1,17224.0,67166.7,0,2.6,,104.95,DEMO_SYNTHETIC
PROD-000464,M006,2026-06-18,17808.2,15019.0,12361.9,37799.0,40456.1,47136.7,2789.2,6.0,,84.34,DEMO_SYNTHETIC
PROD-000465,M006,2026-06-19,17808.2,13337.4,11790.6,12377.9,13924.7,21305.3,4470.8,0.5,Haul Road Constraint,74.89,DEMO_SYNTHETIC
PROD-000466,M006,2026-06-20,17808.2,16862.8,14158.5,11360.1,14064.4,57226.9,945.4,0.2,,94.69,DEMO_SYNTHETIC
PROD-000467,M006,2026-06-21,17808.2,18169.1,16820.8,25449.8,26798.1,37564.1,0,1.4,,102.03,DEMO_SYNTHETIC
PROD-000468,M006,2026-06-22,17808.2,14381.6,12929.0,21540.4,22993.0,53381.9,3426.6,3.2,,80.76,DEMO_SYNTHETIC
PROD-000469,M006,2026-06-23,17808.2,8054.3,7729.8,27621.8,27946.3,27189.1,9753.9,1.5,Maintenance Shutdown,45.23,DEMO_SYNTHETIC
PROD-000470,M006,2026-06-24,17808.2,14293.4,11985.1,8583.9,10892.2,19689.8,3514.8,0.6,,80.26,DEMO_SYNTHETIC
PROD-000471,M006,2026-06-25,17808.2,18202.1,16960.9,15755.7,16996.9,49964.4,0,0.8,,102.21,DEMO_SYNTHETIC
PROD-000472,M006,2026-06-26,17808.2,18319.9,17685.8,32921.8,33555.9,66329.2,0,4.0,,102.87,DEMO_SYNTHETIC
PROD-000473,M006,2026-06-27,17808.2,16900.2,14786.7,38190.4,40303.9,23507.3,908.0,2.2,,94.9,DEMO_SYNTHETIC
PROD-000474,M006,2026-06-28,17808.2,16859.8,16319.8,41344.5,41884.5,27054.1,948.4,4.3,,94.67,DEMO_SYNTHETIC
PROD-000475,M006,2026-06-29,17808.2,15049.9,14530.7,44352.0,44871.2,39599.6,2758.3,1.8,,84.51,DEMO_SYNTHETIC
PROD-000476,M006,2026-06-30,17808.2,16237.3,15409.2,27701.2,28529.3,32516.8,1570.9,1.9,,91.18,DEMO_SYNTHETIC
PROD-000477,M006,2026-07-01,17808.2,16301.9,14326.3,8269.7,10245.3,19811.0,1506.3,4.2,,91.54,DEMO_SYNTHETIC
PROD-000478,M006,2026-07-02,17808.2,17402.3,15104.0,42259.3,44557.6,60230.6,405.9,3.5,,97.72,DEMO_SYNTHETIC
PROD-000479,M006,2026-07-03,17808.2,16224.7,14685.3,31332.4,32871.8,45934.5,1583.5,0.9,,91.11,DEMO_SYNTHETIC
PROD-000480,M006,2026-07-04,17808.2,13722.1,11641.3,25322.6,27403.4,18310.3,4086.1,0.3,Manpower Constraint,77.05,DEMO_SYNTHETIC
PROD-000481,M006,2026-07-05,17808.2,16767.4,15749.0,33106.1,34124.5,56019.3,1040.8,2.8,,94.16,DEMO_SYNTHETIC
PROD-000482,M006,2026-07-06,17808.2,15054.2,14028.6,23515.1,24540.7,45035.5,2754.0,1.9,,84.54,DEMO_SYNTHETIC
PROD-000483,M006,2026-07-07,17808.2,17512.5,16840.7,10441.4,11113.2,37444.4,295.7,1.1,,98.34,DEMO_SYNTHETIC
PROD-000484,M006,2026-07-08,17808.2,18492.2,16956.1,29000.1,30536.2,68202.5,0,2.7,,103.84,DEMO_SYNTHETIC
PROD-000485,M006,2026-07-09,17808.2,16757.2,14029.9,14559.1,17286.4,58341.2,1051.0,0,,94.1,DEMO_SYNTHETIC
PROD-000486,M006,2026-07-10,17808.2,17158.4,15970.1,23369.1,24557.4,33302.9,649.8,0,,96.35,DEMO_SYNTHETIC
PROD-000487,M006,2026-07-11,17808.2,17481.6,15316.8,16924.2,19089.0,41612.7,326.6,1.7,,98.17,DEMO_SYNTHETIC
PROD-000488,M006,2026-07-12,17808.2,11703.6,10471.0,21931.1,23163.7,16837.3,6104.6,5.5,Heavy Rainfall,65.72,DEMO_SYNTHETIC
PROD-000489,M006,2026-07-13,17808.2,18412.4,16134.4,39987.4,42265.4,49834.5,0,4.2,,103.39,DEMO_SYNTHETIC
PROD-000490,M006,2026-07-14,17808.2,10339.2,8642.6,40219.5,41916.1,16029.3,7469.0,1.9,Equipment Breakdown,58.06,DEMO_SYNTHETIC
PROD-000491,M006,2026-07-15,17808.2,15929.8,14332.9,10333.0,11929.9,45508.9,1878.4,0,,89.45,DEMO_SYNTHETIC
PROD-000492,M006,2026-07-16,17808.2,18053.7,17196.9,9788.0,10644.8,29814.6,0,0,,101.38,DEMO_SYNTHETIC
PROD-000493,M006,2026-07-17,17808.2,12967.3,11991.6,33785.3,34761.0,49143.8,4840.9,3.7,Maintenance Shutdown,72.82,DEMO_SYNTHETIC
PROD-000494,M006,2026-07-18,17808.2,14492.1,12568.2,28805.2,30729.1,37983.8,3316.1,6.0,,81.38,DEMO_SYNTHETIC
PROD-000495,M006,2026-07-19,17808.2,18389.2,15877.6,25728.7,28240.3,39190.0,0,4.5,,103.26,DEMO_SYNTHETIC
PROD-000496,M006,2026-07-20,17808.2,11533.0,10790.0,18304.1,19047.1,42857.8,6275.2,0,Manpower Constraint,64.76,DEMO_SYNTHETIC
PROD-000497,M006,2026-07-21,17808.2,15490.3,14893.6,28982.4,29579.1,33454.9,2317.9,2.7,,86.98,DEMO_SYNTHETIC
PROD-000498,M006,2026-07-22,17808.2,14898.5,14343.4,36131.6,36686.7,28684.5,2909.7,2.8,,83.66,DEMO_SYNTHETIC
PROD-000499,M006,2026-07-23,17808.2,11776.8,10058.6,12083.8,13802.0,25140.4,6031.4,1.8,Manpower Constraint,66.13,DEMO_SYNTHETIC
PROD-000500,M006,2026-07-24,17808.2,16886.7,14327.5,17798.5,20357.7,22863.2,921.5,0,,94.83,DEMO_SYNTHETIC
PROD-000501,M006,2026-07-25,17808.2,19622.9,18742.0,19429.0,20309.9,50848.1,0,0.5,,110.19,DEMO_SYNTHETIC
PROD-000502,M006,2026-07-26,17808.2,16444.8,15467.2,37045.4,38023.0,20286.7,1363.4,0.9,,92.34,DEMO_SYNTHETIC
PROD-000503,M006,2026-07-27,17808.2,17374.7,15564.7,36053.6,37863.6,57305.2,433.5,3.2,,97.57,DEMO_SYNTHETIC
PROD-000504,M006,2026-07-28,17808.2,19725.6,17013.5,19023.7,21735.8,39991.9,0,3.0,,110.77,DEMO_SYNTHETIC
PROD-000505,M006,2026-07-29,17808.2,14040.4,13060.7,10055.1,11034.8,35061.4,3767.8,1.8,Maintenance Shutdown,78.84,DEMO_SYNTHETIC
PROD-000506,M006,2026-07-30,17808.2,18172.1,16547.7,28640.0,30264.4,34860.8,0,5.6,,102.04,DEMO_SYNTHETIC
PROD-000507,M006,2026-07-31,17808.2,16468.2,14990.3,24668.2,26146.1,50097.0,1340.0,5.1,,92.48,DEMO_SYNTHETIC
PROD-000508,M006,2026-08-01,17808.2,16417.3,13955.1,43261.0,45723.2,23716.8,1390.9,1.0,,92.19,DEMO_SYNTHETIC
PROD-000509,M006,2026-08-02,17808.2,14706.5,12671.8,9775.3,11810.0,54533.0,3101.7,1.8,,82.58,DEMO_SYNTHETIC
PROD-000510,M006,2026-08-03,17808.2,16638.9,14301.7,25561.2,27898.4,52418.0,1169.3,4.2,,93.43,DEMO_SYNTHETIC
PROD-000511,M006,2026-08-04,17808.2,15062.3,14223.7,30914.5,31753.1,43754.9,2745.9,1.6,,84.58,DEMO_SYNTHETIC
PROD-000512,M006,2026-08-05,17808.2,15517.5,14492.7,19701.2,20726.0,49113.4,2290.7,1.4,,87.14,DEMO_SYNTHETIC
PROD-000513,M006,2026-08-06,17808.2,15326.4,12732.5,36229.6,38823.5,48864.8,2481.8,4.6,,86.06,DEMO_SYNTHETIC
PROD-000514,M006,2026-08-07,17808.2,12242.8,10559.8,20826.5,22509.5,17251.9,5565.4,5.8,Equipment Breakdown,68.75,DEMO_SYNTHETIC
PROD-000515,M006,2026-08-08,17808.2,17542.0,16297.9,40182.1,41426.2,65865.0,266.2,2.4,,98.51,DEMO_SYNTHETIC
PROD-000516,M006,2026-08-09,17808.2,19368.9,18479.2,20962.3,21852.0,57008.6,0,2.4,,108.76,DEMO_SYNTHETIC
PROD-000517,M006,2026-08-10,17808.2,18108.8,16534.5,30753.1,32327.4,29858.5,0,1.0,,101.69,DEMO_SYNTHETIC
PROD-000518,M006,2026-08-11,17808.2,16130.2,13907.3,34752.0,36974.9,60067.4,1678.0,2.9,,90.58,DEMO_SYNTHETIC
PROD-000519,M006,2026-08-12,17808.2,18654.4,17415.2,21089.5,22328.7,41783.0,0,5.2,,104.75,DEMO_SYNTHETIC
PROD-000520,M006,2026-08-13,17808.2,16703.8,15643.7,14596.5,15656.6,53422.1,1104.4,3.2,,93.8,DEMO_SYNTHETIC
PROD-000521,M006,2026-08-14,17808.2,17957.4,15158.0,16148.6,18948.0,40041.1,0,1.4,,100.84,DEMO_SYNTHETIC
PROD-000522,M006,2026-08-15,17808.2,16933.8,13944.0,22659.2,25649.0,21819.6,874.4,2.7,,95.09,DEMO_SYNTHETIC
PROD-000523,M006,2026-08-16,17808.2,17987.7,15685.7,22922.9,25224.9,38250.0,0,4.0,,101.01,DEMO_SYNTHETIC
PROD-000524,M006,2026-08-17,17808.2,16003.0,14257.2,22105.5,23851.3,47567.9,1805.2,4.2,,89.86,DEMO_SYNTHETIC
PROD-000525,M006,2026-08-18,17808.2,17279.1,16006.0,19335.2,20608.3,40342.2,529.1,0.3,,97.03,DEMO_SYNTHETIC
PROD-000526,M006,2026-08-19,17808.2,14981.9,13850.2,40523.5,41655.2,27631.5,2826.3,0,,84.13,DEMO_SYNTHETIC
PROD-000527,M006,2026-08-20,17808.2,15336.1,13595.1,35725.1,37466.1,28556.4,2472.1,3.6,,86.12,DEMO_SYNTHETIC
PROD-000528,M006,2026-08-21,17808.2,16387.3,14394.4,29035.3,31028.2,40409.5,1420.9,3.3,,92.02,DEMO_SYNTHETIC
PROD-000529,M006,2026-08-22,17808.2,18761.0,18271.4,40649.0,41138.6,35710.4,0,0.9,,105.35,DEMO_SYNTHETIC
PROD-000530,M006,2026-08-23,17808.2,14658.5,12570.6,41049.8,43137.7,30302.9,3149.7,1.3,,82.31,DEMO_SYNTHETIC
PROD-000531,M006,2026-08-24,17808.2,16692.9,16145.6,14028.8,14576.1,52083.1,1115.3,1.6,,93.74,DEMO_SYNTHETIC
PROD-000532,M006,2026-08-25,17808.2,19048.9,16915.9,34451.7,36584.7,54852.0,0,3.4,,106.97,DEMO_SYNTHETIC
PROD-000533,M006,2026-08-26,17808.2,11730.4,9894.0,39672.0,41508.4,24171.2,6077.8,0,Maintenance Shutdown,65.87,DEMO_SYNTHETIC
PROD-000534,M006,2026-08-27,17808.2,16486.2,14403.7,36413.8,38496.3,24777.7,1322.0,2.9,,92.58,DEMO_SYNTHETIC
PROD-000535,M006,2026-08-28,17808.2,16407.7,15526.0,42060.2,42941.9,27095.4,1400.5,2.6,,92.14,DEMO_SYNTHETIC
PROD-000536,M006,2026-08-29,17808.2,18848.0,15709.0,24738.8,27877.8,45557.3,0,0.1,,105.84,DEMO_SYNTHETIC
PROD-000537,M006,2026-08-30,17808.2,15106.2,12457.8,18901.4,21549.8,50530.0,2702.0,1.2,,84.83,DEMO_SYNTHETIC
PROD-000538,M006,2026-08-31,17808.2,15256.4,14123.5,23593.7,24726.6,37627.8,2551.8,3.4,,85.67,DEMO_SYNTHETIC
PROD-000539,M006,2026-09-01,17808.2,15233.0,13392.5,14146.9,15987.4,28874.5,2575.2,1.6,,85.54,DEMO_SYNTHETIC
PROD-000540,M006,2026-09-02,17808.2,18578.6,15342.9,42326.1,45561.8,58755.0,0,0,,104.33,DEMO_SYNTHETIC
PROD-000541,M007,2026-06-05,5479.5,5966.2,5807.1,8742.1,8901.2,524.0,0,2.0,,108.88,DEMO_SYNTHETIC
PROD-000542,M007,2026-06-06,5479.5,5114.8,4606.1,43867.9,44376.6,395.3,364.7,1.3,,93.34,DEMO_SYNTHETIC
PROD-000543,M007,2026-06-07,5479.5,5345.9,4684.3,32188.6,32850.2,349.2,133.6,0,,97.56,DEMO_SYNTHETIC
PROD-000544,M007,2026-06-08,5479.5,5913.7,5357.3,33929.0,34485.4,376.2,0,0,,107.92,DEMO_SYNTHETIC
PROD-000545,M007,2026-06-09,5479.5,4579.2,3883.1,12820.3,13516.4,454.3,900.3,5.6,,83.57,DEMO_SYNTHETIC
PROD-000546,M007,2026-06-10,5479.5,5489.6,4707.3,33285.6,34067.9,679.2,0,0.2,,100.18,DEMO_SYNTHETIC
PROD-000547,M007,2026-06-11,5479.5,5321.8,4832.9,43115.5,43604.4,372.1,157.7,1.6,,97.12,DEMO_SYNTHETIC
PROD-000548,M007,2026-06-12,5479.5,6330.5,5246.7,41182.1,42265.9,454.5,0,0.7,,115.53,DEMO_SYNTHETIC
PROD-000549,M007,2026-06-13,5479.5,5811.5,5325.1,42782.0,43268.4,809.1,0,6.4,,106.06,DEMO_SYNTHETIC
PROD-000550,M007,2026-06-14,5479.5,5176.4,4669.3,10891.2,11398.3,641.2,303.1,1.0,,94.47,DEMO_SYNTHETIC
PROD-000551,M007,2026-06-15,5479.5,5540.9,4845.3,27062.9,27758.5,907.9,0,3.1,,101.12,DEMO_SYNTHETIC
PROD-000552,M007,2026-06-16,5479.5,5248.6,5142.8,22351.0,22456.8,872.5,230.9,0,,95.79,DEMO_SYNTHETIC
PROD-000553,M007,2026-06-17,5479.5,4931.9,4574.9,14252.7,14609.7,588.4,547.6,5.9,,90.01,DEMO_SYNTHETIC
PROD-000554,M007,2026-06-18,5479.5,6043.6,4990.3,42875.3,43928.6,672.2,0,0.3,,110.29,DEMO_SYNTHETIC
PROD-000555,M007,2026-06-19,5479.5,5064.6,4850.8,12516.4,12730.2,887.4,414.9,1.8,,92.43,DEMO_SYNTHETIC
PROD-000556,M007,2026-06-20,5479.5,5113.6,4351.8,17792.5,18554.3,299.1,365.9,0,,93.32,DEMO_SYNTHETIC
PROD-000557,M007,2026-06-21,5479.5,5110.2,4470.9,19519.4,20158.7,720.1,369.3,1.5,,93.26,DEMO_SYNTHETIC
PROD-000558,M007,2026-06-22,5479.5,4862.5,4738.2,20043.7,20168.0,873.2,617.0,1.7,,88.74,DEMO_SYNTHETIC
PROD-000559,M007,2026-06-23,5479.5,5725.2,4903.6,12113.3,12934.9,917.8,0,0,,104.48,DEMO_SYNTHETIC
PROD-000560,M007,2026-06-24,5479.5,5610.1,4956.7,19682.0,20335.4,701.7,0,0.5,,102.38,DEMO_SYNTHETIC
PROD-000561,M007,2026-06-25,5479.5,5386.5,4661.0,11403.7,12129.2,563.9,93.0,3.7,,98.3,DEMO_SYNTHETIC
PROD-000562,M007,2026-06-26,5479.5,4618.2,4294.3,35270.9,35594.8,675.7,861.3,0,,84.28,DEMO_SYNTHETIC
PROD-000563,M007,2026-06-27,5479.5,5709.1,5355.9,29731.6,30084.8,532.7,0,1.0,,104.19,DEMO_SYNTHETIC
PROD-000564,M007,2026-06-28,5479.5,4585.7,4214.7,41996.1,42367.1,735.3,893.8,4.1,,83.69,DEMO_SYNTHETIC
PROD-000565,M007,2026-06-29,5479.5,5141.8,4337.0,23479.9,24284.7,633.5,337.7,4.0,,93.84,DEMO_SYNTHETIC
PROD-000566,M007,2026-06-30,5479.5,5191.4,4369.8,25569.3,26390.9,932.3,288.1,3.5,,94.74,DEMO_SYNTHETIC
PROD-000567,M007,2026-07-01,5479.5,5024.7,4419.9,36623.9,37228.7,960.5,454.8,2.9,,91.7,DEMO_SYNTHETIC
PROD-000568,M007,2026-07-02,5479.5,4664.7,4387.7,16493.1,16770.1,865.5,814.8,3.3,,85.13,DEMO_SYNTHETIC
PROD-000569,M007,2026-07-03,5479.5,4645.4,4161.7,9821.4,10305.1,433.1,834.1,3.2,,84.78,DEMO_SYNTHETIC
PROD-000570,M007,2026-07-04,5479.5,5850.7,5445.9,26510.6,26915.4,1007.7,0,4.0,,106.77,DEMO_SYNTHETIC
PROD-000571,M007,2026-07-05,5479.5,5896.5,5317.7,30731.7,31310.5,407.7,0,0,,107.61,DEMO_SYNTHETIC
PROD-000572,M007,2026-07-06,5479.5,5482.4,4589.9,42355.4,43247.9,569.0,0,2.5,,100.05,DEMO_SYNTHETIC
PROD-000573,M007,2026-07-07,5479.5,4669.9,3893.4,8763.1,9539.6,660.2,809.6,4.1,,85.22,DEMO_SYNTHETIC
PROD-000574,M007,2026-07-08,5479.5,5144.7,4535.1,30298.4,30908.0,601.7,334.8,1.5,,93.89,DEMO_SYNTHETIC
PROD-000575,M007,2026-07-09,5479.5,4943.0,4435.4,12796.6,13304.2,498.4,536.5,1.9,,90.21,DEMO_SYNTHETIC
PROD-000576,M007,2026-07-10,5479.5,4594.6,3935.4,29930.6,30589.8,808.1,884.9,1.8,,83.85,DEMO_SYNTHETIC
PROD-000577,M007,2026-07-11,5479.5,5549.6,5183.1,8709.8,9076.3,417.9,0,2.7,,101.28,DEMO_SYNTHETIC
PROD-000578,M007,2026-07-12,5479.5,5053.7,4348.4,8917.1,9622.4,398.2,425.8,4.1,,92.23,DEMO_SYNTHETIC
PROD-000579,M007,2026-07-13,5479.5,6089.4,5405.3,16733.1,17417.2,728.4,0,1.4,,111.13,DEMO_SYNTHETIC
PROD-000580,M007,2026-07-14,5479.5,5702.6,5581.1,35450.2,35571.7,985.7,0,2.6,,104.07,DEMO_SYNTHETIC
PROD-000581,M007,2026-07-15,5479.5,4937.2,4611.2,38126.4,38452.4,279.8,542.3,2.3,,90.1,DEMO_SYNTHETIC
PROD-000582,M007,2026-07-16,5479.5,4951.6,4090.4,40117.9,40979.1,969.3,527.9,1.5,,90.37,DEMO_SYNTHETIC
PROD-000583,M007,2026-07-17,5479.5,5365.5,4485.2,27109.0,27989.3,1013.3,114.0,4.1,,97.92,DEMO_SYNTHETIC
PROD-000584,M007,2026-07-18,5479.5,5337.8,4733.1,20937.4,21542.1,534.4,141.7,2.3,,97.41,DEMO_SYNTHETIC
PROD-000585,M007,2026-07-19,5479.5,5611.1,5331.3,28539.9,28819.7,815.4,0,0,,102.4,DEMO_SYNTHETIC
PROD-000586,M007,2026-07-20,5479.5,5390.1,4722.0,40741.8,41409.9,745.7,89.4,0.6,,98.37,DEMO_SYNTHETIC
PROD-000587,M007,2026-07-21,5479.5,5855.8,5386.4,39534.5,40003.9,806.3,0,0,,106.87,DEMO_SYNTHETIC
PROD-000588,M007,2026-07-22,5479.5,4502.9,4066.8,38805.6,39241.7,265.5,976.6,2.5,,82.18,DEMO_SYNTHETIC
PROD-000589,M007,2026-07-23,5479.5,6030.4,5400.8,33609.2,34238.8,463.8,0,2.9,,110.05,DEMO_SYNTHETIC
PROD-000590,M007,2026-07-24,5479.5,6065.8,5123.2,33629.0,34571.6,929.7,0,6.0,,110.7,DEMO_SYNTHETIC
PROD-000591,M007,2026-07-25,5479.5,5420.1,4660.1,42643.1,43403.1,504.7,59.4,3.4,,98.92,DEMO_SYNTHETIC
PROD-000592,M007,2026-07-26,5479.5,5113.0,4908.4,10197.4,10402.0,410.4,366.5,3.0,,93.31,DEMO_SYNTHETIC
PROD-000593,M007,2026-07-27,5479.5,5501.2,5376.4,10513.6,10638.4,461.6,0,0,,100.4,DEMO_SYNTHETIC
PROD-000594,M007,2026-07-28,5479.5,5891.4,5656.0,15246.2,15481.6,1059.9,0,3.2,,107.52,DEMO_SYNTHETIC
PROD-000595,M007,2026-07-29,5479.5,5092.3,4844.0,25770.3,26018.6,576.7,387.2,3.5,,92.93,DEMO_SYNTHETIC
PROD-000596,M007,2026-07-30,5479.5,5854.1,4830.8,37247.8,38271.1,323.2,0,0.7,,106.84,DEMO_SYNTHETIC
PROD-000597,M007,2026-07-31,5479.5,5534.2,4997.4,39092.9,39629.7,348.8,0,0,,101.0,DEMO_SYNTHETIC
PROD-000598,M007,2026-08-01,5479.5,5414.3,4660.8,8985.3,9738.8,572.5,65.2,3.7,,98.81,DEMO_SYNTHETIC
PROD-000599,M007,2026-08-02,5479.5,5326.6,4582.9,8259.4,9003.1,704.2,152.9,1.9,,97.21,DEMO_SYNTHETIC
PROD-000600,M007,2026-08-03,5479.5,5223.8,4822.7,31535.7,31936.8,585.8,255.7,2.8,,95.33,DEMO_SYNTHETIC
PROD-000601,M007,2026-08-04,5479.5,5299.9,4883.3,40894.4,41311.0,960.6,179.6,2.7,,96.72,DEMO_SYNTHETIC
PROD-000602,M007,2026-08-05,5479.5,5013.6,4346.9,9500.1,10166.8,867.9,465.9,4.0,,91.5,DEMO_SYNTHETIC
PROD-000603,M007,2026-08-06,5479.5,5531.2,4863.9,9221.5,9888.8,528.6,0,1.7,,100.94,DEMO_SYNTHETIC
PROD-000604,M007,2026-08-07,5479.5,5498.7,5214.8,29451.5,29735.4,943.6,0,1.7,,100.35,DEMO_SYNTHETIC
PROD-000605,M007,2026-08-08,5479.5,5057.7,4568.2,32093.6,32583.1,394.3,421.8,0,,92.3,DEMO_SYNTHETIC
PROD-000606,M007,2026-08-09,5479.5,5249.7,4973.6,25329.1,25605.2,759.4,229.8,4.1,,95.81,DEMO_SYNTHETIC
PROD-000607,M007,2026-08-10,5479.5,6131.0,5963.1,36108.2,36276.1,627.0,0,2.1,,111.89,DEMO_SYNTHETIC
PROD-000608,M007,2026-08-11,5479.5,5240.1,4324.8,40452.0,41367.3,463.7,239.4,3.4,,95.63,DEMO_SYNTHETIC
PROD-000609,M007,2026-08-12,5479.5,5189.2,4842.1,9127.1,9474.2,585.0,290.3,0,,94.7,DEMO_SYNTHETIC
PROD-000610,M007,2026-08-13,5479.5,5269.0,4604.3,39227.8,39892.5,877.4,210.5,1.9,,96.16,DEMO_SYNTHETIC
PROD-000611,M007,2026-08-14,5479.5,5712.5,5525.5,33204.3,33391.3,329.1,0,4.0,,104.25,DEMO_SYNTHETIC
PROD-000612,M007,2026-08-15,5479.5,5521.6,5248.9,11991.8,12264.5,1070.8,0,2.1,,100.77,DEMO_SYNTHETIC
PROD-000613,M007,2026-08-16,5479.5,5569.5,4908.7,12286.2,12947.0,519.2,0,3.7,,101.64,DEMO_SYNTHETIC
PROD-000614,M007,2026-08-17,5479.5,5386.1,4925.5,33606.0,34066.6,435.8,93.4,5.5,,98.3,DEMO_SYNTHETIC
PROD-000615,M007,2026-08-18,5479.5,4848.3,4068.0,43954.9,44735.2,332.9,631.2,4.9,,88.48,DEMO_SYNTHETIC
PROD-000616,M007,2026-08-19,5479.5,5249.5,4341.2,37147.5,38055.8,899.7,230.0,0.8,,95.8,DEMO_SYNTHETIC
PROD-000617,M007,2026-08-20,5479.5,5760.8,5250.1,15689.9,16200.6,959.7,0,0,,105.13,DEMO_SYNTHETIC
PROD-000618,M007,2026-08-21,5479.5,4644.0,4021.4,15203.5,15826.1,453.5,835.5,4.2,,84.75,DEMO_SYNTHETIC
PROD-000619,M007,2026-08-22,5479.5,5117.3,4269.6,26942.3,27790.0,764.9,362.2,3.1,,93.39,DEMO_SYNTHETIC
PROD-000620,M007,2026-08-23,5479.5,4745.0,3974.2,22674.7,23445.5,601.2,734.5,1.5,,86.6,DEMO_SYNTHETIC
PROD-000621,M007,2026-08-24,5479.5,4860.1,4244.5,37828.0,38443.6,473.5,619.4,3.1,,88.7,DEMO_SYNTHETIC
PROD-000622,M007,2026-08-25,5479.5,5615.7,4878.5,25537.0,26274.2,1070.1,0,3.6,,102.49,DEMO_SYNTHETIC
PROD-000623,M007,2026-08-26,5479.5,5971.9,5810.6,25383.1,25544.4,841.1,0,3.6,,108.99,DEMO_SYNTHETIC
PROD-000624,M007,2026-08-27,5479.5,4567.6,4119.4,32359.3,32807.5,863.8,911.9,4.2,,83.36,DEMO_SYNTHETIC
PROD-000625,M007,2026-08-28,5479.5,5342.7,5011.9,14016.5,14347.3,426.2,136.8,0,,97.5,DEMO_SYNTHETIC
PROD-000626,M007,2026-08-29,5479.5,4218.3,4089.9,28852.2,28980.6,440.3,1261.2,3.8,Maintenance Shutdown,76.98,DEMO_SYNTHETIC
PROD-000627,M007,2026-08-30,5479.5,5675.3,4709.7,17851.8,18817.4,865.8,0,0.8,,103.57,DEMO_SYNTHETIC
PROD-000628,M007,2026-08-31,5479.5,5559.8,5171.1,15444.5,15833.2,1036.5,0,1.3,,101.47,DEMO_SYNTHETIC
PROD-000629,M007,2026-09-01,5479.5,5204.8,4768.0,24712.6,25149.4,673.2,274.7,1.6,,94.99,DEMO_SYNTHETIC
PROD-000630,M007,2026-09-02,5479.5,5961.3,5345.9,32859.4,33474.8,902.3,0,2.7,,108.79,DEMO_SYNTHETIC
PROD-000631,M008,2026-06-05,54794.5,48789.8,46656.9,42238.5,44371.4,112987.5,6004.7,2.1,,89.04,DEMO_SYNTHETIC
PROD-000632,M008,2026-06-06,54794.5,48884.9,42281.3,29717.1,36320.7,148482.8,5909.6,1.1,,89.21,DEMO_SYNTHETIC
PROD-000633,M008,2026-06-07,54794.5,54476.6,51317.2,18289.6,21449.0,187542.0,317.9,0,,99.42,DEMO_SYNTHETIC
PROD-000634,M008,2026-06-08,54794.5,50075.2,41561.6,19934.5,28448.1,126753.2,4719.3,0.7,,91.39,DEMO_SYNTHETIC
PROD-000635,M008,2026-06-09,54794.5,52163.7,47640.4,9497.3,14020.6,62778.3,2630.8,3.0,,95.2,DEMO_SYNTHETIC
PROD-000636,M008,2026-06-10,54794.5,49414.4,43715.5,14026.6,19725.5,60956.3,5380.1,4.4,,90.18,DEMO_SYNTHETIC
PROD-000637,M008,2026-06-11,54794.5,50724.8,43228.0,20616.6,28113.4,181785.9,4069.7,3.8,,92.57,DEMO_SYNTHETIC
PROD-000638,M008,2026-06-12,54794.5,56304.1,46308.5,34885.5,44881.1,114808.6,0,0.9,,102.76,DEMO_SYNTHETIC
PROD-000639,M008,2026-06-13,54794.5,52216.2,43007.7,24378.7,33587.2,105014.6,2578.3,3.4,,95.29,DEMO_SYNTHETIC
PROD-000640,M008,2026-06-14,54794.5,53756.8,44793.6,11259.0,20222.2,182236.9,1037.7,2.3,,98.11,DEMO_SYNTHETIC
PROD-000641,M008,2026-06-15,54794.5,54158.2,50443.1,27606.2,31321.3,128083.8,636.3,0.5,,98.84,DEMO_SYNTHETIC
PROD-000642,M008,2026-06-16,54794.5,46259.7,45068.1,27767.5,28959.1,57653.7,8534.8,0,,84.42,DEMO_SYNTHETIC
PROD-000643,M008,2026-06-17,54794.5,52161.1,48869.9,16917.9,20209.1,142471.5,2633.4,3.1,,95.19,DEMO_SYNTHETIC
PROD-000644,M008,2026-06-18,54794.5,53937.7,46154.7,40497.4,48280.4,203982.8,856.8,0.9,,98.44,DEMO_SYNTHETIC
PROD-000645,M008,2026-06-19,54794.5,53035.9,47678.5,41600.3,46957.7,145268.0,1758.6,0,,96.79,DEMO_SYNTHETIC
PROD-000646,M008,2026-06-20,54794.5,56282.1,46835.0,18240.9,27688.0,111262.5,0,4.9,,102.71,DEMO_SYNTHETIC
PROD-000647,M008,2026-06-21,54794.5,56413.9,53136.6,25786.6,29063.9,120611.7,0,0,,102.96,DEMO_SYNTHETIC
PROD-000648,M008,2026-06-22,54794.5,53181.6,50628.3,20592.1,23145.4,135223.1,1612.9,1.2,,97.06,DEMO_SYNTHETIC
PROD-000649,M008,2026-06-23,54794.5,58914.7,49072.8,34611.8,44453.7,141238.0,0,2.1,,107.52,DEMO_SYNTHETIC
PROD-000650,M008,2026-06-24,54794.5,52012.4,48877.1,15439.2,18574.5,104477.9,2782.1,0.3,,94.92,DEMO_SYNTHETIC
PROD-000651,M008,2026-06-25,54794.5,44066.0,38494.1,31684.1,37256.0,83747.0,10728.5,1.8,,80.42,DEMO_SYNTHETIC
PROD-000652,M008,2026-06-26,54794.5,51421.5,48517.1,37371.7,40276.1,72506.7,3373.0,0.6,,93.84,DEMO_SYNTHETIC
PROD-000653,M008,2026-06-27,54794.5,46672.7,40682.2,44181.2,50171.7,156943.0,8121.8,1.9,,85.18,DEMO_SYNTHETIC
PROD-000654,M008,2026-06-28,54794.5,56714.6,52260.0,27908.8,32363.4,69678.7,0,1.6,,103.5,DEMO_SYNTHETIC
PROD-000655,M008,2026-06-29,54794.5,51634.9,48603.7,33605.2,36636.4,165863.8,3159.6,3.4,,94.23,DEMO_SYNTHETIC
PROD-000656,M008,2026-06-30,54794.5,56259.7,47240.1,28929.0,37948.6,184059.3,0,7.5,,102.67,DEMO_SYNTHETIC
PROD-000657,M008,2026-07-01,54794.5,56313.8,51204.5,28960.4,34069.7,70581.1,0,2.3,,102.77,DEMO_SYNTHETIC
PROD-000658,M008,2026-07-02,54794.5,49999.1,44346.5,21275.0,26927.6,116044.8,4795.4,0,,91.25,DEMO_SYNTHETIC
PROD-000659,M008,2026-07-03,54794.5,50725.4,46259.2,42227.3,46693.5,117144.1,4069.1,0,,92.57,DEMO_SYNTHETIC
PROD-000660,M008,2026-07-04,54794.5,52991.9,46637.1,30744.1,37098.9,181873.5,1802.6,5.9,,96.71,DEMO_SYNTHETIC
PROD-000661,M008,2026-07-05,54794.5,63940.4,59308.7,40058.5,44690.2,237991.6,0,1.8,,116.69,DEMO_SYNTHETIC
PROD-000662,M008,2026-07-06,54794.5,64293.0,58809.9,30328.0,35811.1,142929.5,0,1.9,,117.33,DEMO_SYNTHETIC
PROD-000663,M008,2026-07-07,54794.5,56294.4,51138.1,38312.7,43469.0,164984.5,0,1.0,,102.74,DEMO_SYNTHETIC
PROD-000664,M008,2026-07-08,54794.5,54179.2,52840.4,38450.0,39788.8,78938.5,615.3,2.5,,98.88,DEMO_SYNTHETIC
PROD-000665,M008,2026-07-09,54794.5,58235.4,52054.3,31925.5,38106.6,125848.4,0,1.3,,106.28,DEMO_SYNTHETIC
PROD-000666,M008,2026-07-10,54794.5,61476.1,60019.5,22358.7,23815.3,145344.0,0,2.7,,112.19,DEMO_SYNTHETIC
PROD-000667,M008,2026-07-11,54794.5,50444.6,41840.9,9881.6,18485.3,135909.8,4349.9,2.2,,92.06,DEMO_SYNTHETIC
PROD-000668,M008,2026-07-12,54794.5,57296.2,47749.7,22126.5,31673.0,109775.8,0,2.5,,104.57,DEMO_SYNTHETIC
PROD-000669,M008,2026-07-13,54794.5,53773.6,51785.7,28123.2,30111.1,104296.0,1020.9,0.8,,98.14,DEMO_SYNTHETIC
PROD-000670,M008,2026-07-14,54794.5,55672.8,51426.9,19882.9,24128.8,194407.4,0,0.2,,101.6,DEMO_SYNTHETIC
PROD-000671,M008,2026-07-15,54794.5,52760.1,46708.9,36179.5,42230.7,187765.7,2034.4,2.1,,96.29,DEMO_SYNTHETIC
PROD-000672,M008,2026-07-16,54794.5,50003.8,41475.4,18107.8,26636.2,180410.9,4790.7,0,,91.26,DEMO_SYNTHETIC
PROD-000673,M008,2026-07-17,54794.5,58612.9,54557.7,16041.6,20096.8,98094.3,0,1.6,,106.97,DEMO_SYNTHETIC
PROD-000674,M008,2026-07-18,54794.5,55784.8,47053.1,43605.1,52336.8,190524.1,0,1.7,,101.81,DEMO_SYNTHETIC
PROD-000675,M008,2026-07-19,54794.5,48585.4,41765.7,33987.7,40807.4,75128.0,6209.1,3.0,,88.67,DEMO_SYNTHETIC
PROD-000676,M008,2026-07-20,54794.5,50835.6,45592.1,17742.6,22986.1,94265.9,3958.9,0.1,,92.78,DEMO_SYNTHETIC
PROD-000677,M008,2026-07-21,54794.5,51476.3,42444.3,24158.4,33190.4,67538.3,3318.2,3.3,,93.94,DEMO_SYNTHETIC
PROD-000678,M008,2026-07-22,54794.5,45623.1,44295.5,37738.2,39065.8,61219.7,9171.4,2.6,,83.26,DEMO_SYNTHETIC
PROD-000679,M008,2026-07-23,54794.5,50841.8,47698.5,9400.4,12543.7,131279.1,3952.7,2.7,,92.79,DEMO_SYNTHETIC
PROD-000680,M008,2026-07-24,54794.5,62220.1,56020.0,8912.4,15112.5,191344.2,0,0,,113.55,DEMO_SYNTHETIC
PROD-000681,M008,2026-07-25,54794.5,49382.7,44893.4,17865.5,22354.8,183471.2,5411.8,2.4,,90.12,DEMO_SYNTHETIC
PROD-000682,M008,2026-07-26,54794.5,56674.1,46727.0,25958.0,35905.1,200860.6,0,0,,103.43,DEMO_SYNTHETIC
PROD-000683,M008,2026-07-27,54794.5,53669.2,49611.3,27124.2,31182.1,90804.5,1125.3,0.1,,97.95,DEMO_SYNTHETIC
PROD-000684,M008,2026-07-28,54794.5,52124.8,43222.1,32760.0,41662.7,127323.6,2669.7,0.6,,95.13,DEMO_SYNTHETIC
PROD-000685,M008,2026-07-29,54794.5,57841.3,48596.8,10912.7,20157.2,192887.0,0,2.9,,105.56,DEMO_SYNTHETIC
PROD-000686,M008,2026-07-30,54794.5,53349.8,50790.7,24204.0,26763.1,188401.3,1444.7,0,,97.36,DEMO_SYNTHETIC
PROD-000687,M008,2026-07-31,54794.5,48425.0,44958.5,38614.4,42080.9,138686.5,6369.5,4.4,,88.38,DEMO_SYNTHETIC
PROD-000688,M008,2026-08-01,54794.5,57393.9,52127.9,10420.4,15686.4,82469.0,0,4.2,,104.74,DEMO_SYNTHETIC
PROD-000689,M008,2026-08-02,54794.5,56761.6,51964.1,42243.0,47040.5,133445.9,0,3.9,,103.59,DEMO_SYNTHETIC
PROD-000690,M008,2026-08-03,54794.5,42591.4,37096.6,11723.3,17218.1,78408.7,12203.1,1.4,Equipment Breakdown,77.73,DEMO_SYNTHETIC
PROD-000691,M008,2026-08-04,54794.5,56642.1,53960.1,18194.1,20876.1,90913.6,0,0,,103.37,DEMO_SYNTHETIC
PROD-000692,M008,2026-08-05,54794.5,61154.4,52730.6,31438.7,39862.5,82183.9,0,1.1,,111.61,DEMO_SYNTHETIC
PROD-000693,M008,2026-08-06,54794.5,45157.3,40803.8,24499.9,28853.4,67998.0,9637.2,2.2,,82.41,DEMO_SYNTHETIC
PROD-000694,M008,2026-08-07,54794.5,52628.1,45910.5,10112.8,16830.4,177185.3,2166.4,1.6,,96.05,DEMO_SYNTHETIC
PROD-000695,M008,2026-08-08,54794.5,47696.7,44898.1,32148.1,34946.7,67404.1,7097.8,2.5,,87.05,DEMO_SYNTHETIC
PROD-000696,M008,2026-08-09,54794.5,58021.7,49581.5,15053.6,23493.8,155032.0,0,3.7,,105.89,DEMO_SYNTHETIC
PROD-000697,M008,2026-08-10,54794.5,54333.4,46463.5,35404.3,43274.2,138617.7,461.1,1.8,,99.16,DEMO_SYNTHETIC
PROD-000698,M008,2026-08-11,54794.5,53663.5,51328.0,24357.7,26693.2,83501.3,1131.0,2.8,,97.94,DEMO_SYNTHETIC
PROD-000699,M008,2026-08-12,54794.5,51448.7,46114.3,32173.2,37507.6,189543.0,3345.8,2.2,,93.89,DEMO_SYNTHETIC
PROD-000700,M008,2026-08-13,54794.5,55548.3,49700.5,9901.0,15748.8,152145.9,0,0.2,,101.38,DEMO_SYNTHETIC
PROD-000701,M008,2026-08-14,54794.5,54790.0,50865.4,40580.0,44504.6,157269.2,4.5,1.7,,99.99,DEMO_SYNTHETIC
PROD-000702,M008,2026-08-15,54794.5,57234.1,53348.6,42454.0,46339.5,127193.7,0,3.1,,104.45,DEMO_SYNTHETIC
PROD-000703,M008,2026-08-16,54794.5,61541.3,58330.6,36471.3,39682.0,229020.9,0,3.3,,112.31,DEMO_SYNTHETIC
PROD-000704,M008,2026-08-17,54794.5,50243.6,47599.4,39664.2,42308.4,146700.5,4550.9,1.2,,91.69,DEMO_SYNTHETIC
PROD-000705,M008,2026-08-18,54794.5,49201.2,45915.7,39707.8,42993.3,166776.7,5593.3,1.4,,89.79,DEMO_SYNTHETIC
PROD-000706,M008,2026-08-19,54794.5,48122.1,39967.5,35221.6,43376.2,161771.0,6672.4,0.3,,87.82,DEMO_SYNTHETIC
PROD-000707,M008,2026-08-20,54794.5,50477.3,43815.2,11771.0,18433.1,133747.7,4317.2,3.5,,92.12,DEMO_SYNTHETIC
PROD-000708,M008,2026-08-21,54794.5,47959.0,44572.4,27750.4,31137.0,115570.0,6835.5,0,,87.53,DEMO_SYNTHETIC
PROD-000709,M008,2026-08-22,54794.5,57166.1,55085.2,26526.4,28607.3,121945.0,0,2.8,,104.33,DEMO_SYNTHETIC
PROD-000710,M008,2026-08-23,54794.5,45159.7,43430.2,13450.4,15179.9,126690.0,9634.8,3.6,,82.42,DEMO_SYNTHETIC
PROD-000711,M008,2026-08-24,54794.5,49849.7,48567.7,38295.7,39577.7,60850.1,4944.8,0.2,,90.98,DEMO_SYNTHETIC
PROD-000712,M008,2026-08-25,54794.5,52738.2,43579.9,13189.1,22347.4,149403.1,2056.3,1.1,,96.25,DEMO_SYNTHETIC
PROD-000713,M008,2026-08-26,54794.5,55945.3,49813.8,42537.1,48668.6,144086.0,0,0,,102.1,DEMO_SYNTHETIC
PROD-000714,M008,2026-08-27,54794.5,57337.8,47819.9,22228.8,31746.7,201608.8,0,3.3,,104.64,DEMO_SYNTHETIC
PROD-000715,M008,2026-08-28,54794.5,53972.5,45298.1,35093.7,43768.1,92433.1,822.0,0,,98.5,DEMO_SYNTHETIC
PROD-000716,M008,2026-08-29,54794.5,55696.2,52592.4,37585.9,40689.7,190503.7,0,2.8,,101.65,DEMO_SYNTHETIC
PROD-000717,M008,2026-08-30,54794.5,54887.6,50595.6,25655.9,29947.9,205272.5,0,2.8,,100.17,DEMO_SYNTHETIC
PROD-000718,M008,2026-08-31,54794.5,45525.9,39598.0,35884.1,41812.0,158393.9,9268.6,0,,83.08,DEMO_SYNTHETIC
PROD-000719,M008,2026-09-01,54794.5,53050.5,45987.0,36558.6,43622.1,197521.6,1744.0,1.6,,96.82,DEMO_SYNTHETIC
PROD-000720,M008,2026-09-02,54794.5,46086.6,40029.7,16024.3,22081.2,61312.2,8707.9,0,,84.11,DEMO_SYNTHETIC
PROD-000721,M009,2026-06-05,0,0,0,1606,1606,0,0,24,TEMPORARILY_CLOSED,0,DEMO_SYNTHETIC
PROD-000722,M009,2026-06-06,0,0,0,453,453,0,0,24,TEMPORARILY_CLOSED,0,DEMO_SYNTHETIC
PROD-000723,M009,2026-06-07,0,0,0,614,614,0,0,24,TEMPORARILY_CLOSED,0,DEMO_SYNTHETIC
PROD-000724,M009,2026-06-08,0,0,0,1909,1909,0,0,24,TEMPORARILY_CLOSED,0,DEMO_SYNTHETIC
PROD-000725,M009,2026-06-09,0,0,0,1292,1292,0,0,24,TEMPORARILY_CLOSED,0,DEMO_SYNTHETIC
PROD-000726,M009,2026-06-10,0,0,0,1855,1855,0,0,24,TEMPORARILY_CLOSED,0,DEMO_SYNTHETIC
PROD-000727,M009,2026-06-11,0,0,0,907,907,0,0,24,TEMPORARILY_CLOSED,0,DEMO_SYNTHETIC
PROD-000728,M009,2026-06-12,0,0,0,459,459,0,0,24,TEMPORARILY_CLOSED,0,DEMO_SYNTHETIC
PROD-000729,M009,2026-06-13,0,0,0,520,520,0,0,24,TEMPORARILY_CLOSED,0,DEMO_SYNTHETIC
PROD-000730,M009,2026-06-14,0,0,0,227,227,0,0,24,TEMPORARILY_CLOSED,0,DEMO_SYNTHETIC
PROD-000731,M009,2026-06-15,0,0,0,774,774,0,0,24,TEMPORARILY_CLOSED,0,DEMO_SYNTHETIC
PROD-000732,M009,2026-06-16,0,0,0,1189,1189,0,0,24,TEMPORARILY_CLOSED,0,DEMO_SYNTHETIC
PROD-000733,M009,2026-06-17,0,0,0,1768,1768,0,0,24,TEMPORARILY_CLOSED,0,DEMO_SYNTHETIC
PROD-000734,M009,2026-06-18,0,0,0,981,981,0,0,24,TEMPORARILY_CLOSED,0,DEMO_SYNTHETIC
PROD-000735,M009,2026-06-19,0,0,0,1910,1910,0,0,24,TEMPORARILY_CLOSED,0,DEMO_SYNTHETIC
PROD-000736,M009,2026-06-20,0,0,0,687,687,0,0,24,TEMPORARILY_CLOSED,0,DEMO_SYNTHETIC
PROD-000737,M009,2026-06-21,0,0,0,873,873,0,0,24,TEMPORARILY_CLOSED,0,DEMO_SYNTHETIC
PROD-000738,M009,2026-06-22,0,0,0,1341,1341,0,0,24,TEMPORARILY_CLOSED,0,DEMO_SYNTHETIC
PROD-000739,M009,2026-06-23,0,0,0,1640,1640,0,0,24,TEMPORARILY_CLOSED,0,DEMO_SYNTHETIC
PROD-000740,M009,2026-06-24,0,0,0,1638,1638,0,0,24,TEMPORARILY_CLOSED,0,DEMO_SYNTHETIC
PROD-000741,M009,2026-06-25,0,0,0,1145,1145,0,0,24,TEMPORARILY_CLOSED,0,DEMO_SYNTHETIC
PROD-000742,M009,2026-06-26,0,0,0,1727,1727,0,0,24,TEMPORARILY_CLOSED,0,DEMO_SYNTHETIC
PROD-000743,M009,2026-06-27,0,0,0,1417,1417,0,0,24,TEMPORARILY_CLOSED,0,DEMO_SYNTHETIC
PROD-000744,M009,2026-06-28,0,0,0,1359,1359,0,0,24,TEMPORARILY_CLOSED,0,DEMO_SYNTHETIC
PROD-000745,M009,2026-06-29,0,0,0,894,894,0,0,24,TEMPORARILY_CLOSED,0,DEMO_SYNTHETIC
PROD-000746,M009,2026-06-30,0,0,0,260,260,0,0,24,TEMPORARILY_CLOSED,0,DEMO_SYNTHETIC
PROD-000747,M009,2026-07-01,0,0,0,1002,1002,0,0,24,TEMPORARILY_CLOSED,0,DEMO_SYNTHETIC
PROD-000748,M009,2026-07-02,0,0,0,1117,1117,0,0,24,TEMPORARILY_CLOSED,0,DEMO_SYNTHETIC
PROD-000749,M009,2026-07-03,0,0,0,846,846,0,0,24,TEMPORARILY_CLOSED,0,DEMO_SYNTHETIC
PROD-000750,M009,2026-07-04,0,0,0,880,880,0,0,24,TEMPORARILY_CLOSED,0,DEMO_SYNTHETIC
PROD-000751,M009,2026-07-05,0,0,0,986,986,0,0,24,TEMPORARILY_CLOSED,0,DEMO_SYNTHETIC
PROD-000752,M009,2026-07-06,0,0,0,849,849,0,0,24,TEMPORARILY_CLOSED,0,DEMO_SYNTHETIC
PROD-000753,M009,2026-07-07,0,0,0,224,224,0,0,24,TEMPORARILY_CLOSED,0,DEMO_SYNTHETIC
PROD-000754,M009,2026-07-08,0,0,0,1761,1761,0,0,24,TEMPORARILY_CLOSED,0,DEMO_SYNTHETIC
PROD-000755,M009,2026-07-09,0,0,0,524,524,0,0,24,TEMPORARILY_CLOSED,0,DEMO_SYNTHETIC
PROD-000756,M009,2026-07-10,0,0,0,158,158,0,0,24,TEMPORARILY_CLOSED,0,DEMO_SYNTHETIC
PROD-000757,M009,2026-07-11,0,0,0,606,606,0,0,24,TEMPORARILY_CLOSED,0,DEMO_SYNTHETIC
PROD-000758,M009,2026-07-12,0,0,0,944,944,0,0,24,TEMPORARILY_CLOSED,0,DEMO_SYNTHETIC
PROD-000759,M009,2026-07-13,0,0,0,929,929,0,0,24,TEMPORARILY_CLOSED,0,DEMO_SYNTHETIC
PROD-000760,M009,2026-07-14,0,0,0,34,34,0,0,24,TEMPORARILY_CLOSED,0,DEMO_SYNTHETIC
PROD-000761,M009,2026-07-15,0,0,0,14,14,0,0,24,TEMPORARILY_CLOSED,0,DEMO_SYNTHETIC
PROD-000762,M009,2026-07-16,0,0,0,1515,1515,0,0,24,TEMPORARILY_CLOSED,0,DEMO_SYNTHETIC
PROD-000763,M009,2026-07-17,0,0,0,655,655,0,0,24,TEMPORARILY_CLOSED,0,DEMO_SYNTHETIC
PROD-000764,M009,2026-07-18,0,0,0,1646,1646,0,0,24,TEMPORARILY_CLOSED,0,DEMO_SYNTHETIC
PROD-000765,M009,2026-07-19,0,0,0,1167,1167,0,0,24,TEMPORARILY_CLOSED,0,DEMO_SYNTHETIC
PROD-000766,M009,2026-07-20,0,0,0,61,61,0,0,24,TEMPORARILY_CLOSED,0,DEMO_SYNTHETIC
PROD-000767,M009,2026-07-21,0,0,0,300,300,0,0,24,TEMPORARILY_CLOSED,0,DEMO_SYNTHETIC
PROD-000768,M009,2026-07-22,0,0,0,188,188,0,0,24,TEMPORARILY_CLOSED,0,DEMO_SYNTHETIC
PROD-000769,M009,2026-07-23,0,0,0,1637,1637,0,0,24,TEMPORARILY_CLOSED,0,DEMO_SYNTHETIC
PROD-000770,M009,2026-07-24,0,0,0,99,99,0,0,24,TEMPORARILY_CLOSED,0,DEMO_SYNTHETIC
PROD-000771,M009,2026-07-25,0,0,0,341,341,0,0,24,TEMPORARILY_CLOSED,0,DEMO_SYNTHETIC
PROD-000772,M009,2026-07-26,0,0,0,1489,1489,0,0,24,TEMPORARILY_CLOSED,0,DEMO_SYNTHETIC
PROD-000773,M009,2026-07-27,0,0,0,1650,1650,0,0,24,TEMPORARILY_CLOSED,0,DEMO_SYNTHETIC
PROD-000774,M009,2026-07-28,0,0,0,740,740,0,0,24,TEMPORARILY_CLOSED,0,DEMO_SYNTHETIC
PROD-000775,M009,2026-07-29,0,0,0,1551,1551,0,0,24,TEMPORARILY_CLOSED,0,DEMO_SYNTHETIC
PROD-000776,M009,2026-07-30,0,0,0,218,218,0,0,24,TEMPORARILY_CLOSED,0,DEMO_SYNTHETIC
PROD-000777,M009,2026-07-31,0,0,0,518,518,0,0,24,TEMPORARILY_CLOSED,0,DEMO_SYNTHETIC
PROD-000778,M009,2026-08-01,0,0,0,1460,1460,0,0,24,TEMPORARILY_CLOSED,0,DEMO_SYNTHETIC
PROD-000779,M009,2026-08-02,0,0,0,1103,1103,0,0,24,TEMPORARILY_CLOSED,0,DEMO_SYNTHETIC
PROD-000780,M009,2026-08-03,0,0,0,40,40,0,0,24,TEMPORARILY_CLOSED,0,DEMO_SYNTHETIC
PROD-000781,M009,2026-08-04,0,0,0,1452,1452,0,0,24,TEMPORARILY_CLOSED,0,DEMO_SYNTHETIC
PROD-000782,M009,2026-08-05,0,0,0,884,884,0,0,24,TEMPORARILY_CLOSED,0,DEMO_SYNTHETIC
PROD-000783,M009,2026-08-06,0,0,0,260,260,0,0,24,TEMPORARILY_CLOSED,0,DEMO_SYNTHETIC
PROD-000784,M009,2026-08-07,0,0,0,1339,1339,0,0,24,TEMPORARILY_CLOSED,0,DEMO_SYNTHETIC
PROD-000785,M009,2026-08-08,0,0,0,205,205,0,0,24,TEMPORARILY_CLOSED,0,DEMO_SYNTHETIC
PROD-000786,M009,2026-08-09,0,0,0,1475,1475,0,0,24,TEMPORARILY_CLOSED,0,DEMO_SYNTHETIC
PROD-000787,M009,2026-08-10,0,0,0,1804,1804,0,0,24,TEMPORARILY_CLOSED,0,DEMO_SYNTHETIC
PROD-000788,M009,2026-08-11,0,0,0,718,718,0,0,24,TEMPORARILY_CLOSED,0,DEMO_SYNTHETIC
PROD-000789,M009,2026-08-12,0,0,0,379,379,0,0,24,TEMPORARILY_CLOSED,0,DEMO_SYNTHETIC
PROD-000790,M009,2026-08-13,0,0,0,1390,1390,0,0,24,TEMPORARILY_CLOSED,0,DEMO_SYNTHETIC
PROD-000791,M009,2026-08-14,0,0,0,1172,1172,0,0,24,TEMPORARILY_CLOSED,0,DEMO_SYNTHETIC
PROD-000792,M009,2026-08-15,0,0,0,196,196,0,0,24,TEMPORARILY_CLOSED,0,DEMO_SYNTHETIC
PROD-000793,M009,2026-08-16,0,0,0,552,552,0,0,24,TEMPORARILY_CLOSED,0,DEMO_SYNTHETIC
PROD-000794,M009,2026-08-17,0,0,0,852,852,0,0,24,TEMPORARILY_CLOSED,0,DEMO_SYNTHETIC
PROD-000795,M009,2026-08-18,0,0,0,1859,1859,0,0,24,TEMPORARILY_CLOSED,0,DEMO_SYNTHETIC
PROD-000796,M009,2026-08-19,0,0,0,1991,1991,0,0,24,TEMPORARILY_CLOSED,0,DEMO_SYNTHETIC
PROD-000797,M009,2026-08-20,0,0,0,1196,1196,0,0,24,TEMPORARILY_CLOSED,0,DEMO_SYNTHETIC
PROD-000798,M009,2026-08-21,0,0,0,114,114,0,0,24,TEMPORARILY_CLOSED,0,DEMO_SYNTHETIC
PROD-000799,M009,2026-08-22,0,0,0,763,763,0,0,24,TEMPORARILY_CLOSED,0,DEMO_SYNTHETIC
PROD-000800,M009,2026-08-23,0,0,0,1537,1537,0,0,24,TEMPORARILY_CLOSED,0,DEMO_SYNTHETIC
PROD-000801,M009,2026-08-24,0,0,0,816,816,0,0,24,TEMPORARILY_CLOSED,0,DEMO_SYNTHETIC
PROD-000802,M009,2026-08-25,0,0,0,1694,1694,0,0,24,TEMPORARILY_CLOSED,0,DEMO_SYNTHETIC
PROD-000803,M009,2026-08-26,0,0,0,380,380,0,0,24,TEMPORARILY_CLOSED,0,DEMO_SYNTHETIC
PROD-000804,M009,2026-08-27,0,0,0,257,257,0,0,24,TEMPORARILY_CLOSED,0,DEMO_SYNTHETIC
PROD-000805,M009,2026-08-28,0,0,0,1148,1148,0,0,24,TEMPORARILY_CLOSED,0,DEMO_SYNTHETIC
PROD-000806,M009,2026-08-29,0,0,0,847,847,0,0,24,TEMPORARILY_CLOSED,0,DEMO_SYNTHETIC
PROD-000807,M009,2026-08-30,0,0,0,844,844,0,0,24,TEMPORARILY_CLOSED,0,DEMO_SYNTHETIC
PROD-000808,M009,2026-08-31,0,0,0,1273,1273,0,0,24,TEMPORARILY_CLOSED,0,DEMO_SYNTHETIC
PROD-000809,M009,2026-09-01,0,0,0,1277,1277,0,0,24,TEMPORARILY_CLOSED,0,DEMO_SYNTHETIC
PROD-000810,M009,2026-09-02,0,0,0,482,482,0,0,24,TEMPORARILY_CLOSED,0,DEMO_SYNTHETIC
PROD-000811,M010,2026-06-05,0,0,0,416,416,0,0,24,UNDER_DEVELOPMENT,0,DEMO_SYNTHETIC
PROD-000812,M010,2026-06-06,0,0,0,1665,1665,0,0,24,UNDER_DEVELOPMENT,0,DEMO_SYNTHETIC
PROD-000813,M010,2026-06-07,0,0,0,776,776,0,0,24,UNDER_DEVELOPMENT,0,DEMO_SYNTHETIC
PROD-000814,M010,2026-06-08,0,0,0,452,452,0,0,24,UNDER_DEVELOPMENT,0,DEMO_SYNTHETIC
PROD-000815,M010,2026-06-09,0,0,0,1757,1757,0,0,24,UNDER_DEVELOPMENT,0,DEMO_SYNTHETIC
PROD-000816,M010,2026-06-10,0,0,0,730,730,0,0,24,UNDER_DEVELOPMENT,0,DEMO_SYNTHETIC
PROD-000817,M010,2026-06-11,0,0,0,778,778,0,0,24,UNDER_DEVELOPMENT,0,DEMO_SYNTHETIC
PROD-000818,M010,2026-06-12,0,0,0,660,660,0,0,24,UNDER_DEVELOPMENT,0,DEMO_SYNTHETIC
PROD-000819,M010,2026-06-13,0,0,0,759,759,0,0,24,UNDER_DEVELOPMENT,0,DEMO_SYNTHETIC
PROD-000820,M010,2026-06-14,0,0,0,43,43,0,0,24,UNDER_DEVELOPMENT,0,DEMO_SYNTHETIC
PROD-000821,M010,2026-06-15,0,0,0,36,36,0,0,24,UNDER_DEVELOPMENT,0,DEMO_SYNTHETIC
PROD-000822,M010,2026-06-16,0,0,0,1427,1427,0,0,24,UNDER_DEVELOPMENT,0,DEMO_SYNTHETIC
PROD-000823,M010,2026-06-17,0,0,0,43,43,0,0,24,UNDER_DEVELOPMENT,0,DEMO_SYNTHETIC
PROD-000824,M010,2026-06-18,0,0,0,276,276,0,0,24,UNDER_DEVELOPMENT,0,DEMO_SYNTHETIC
PROD-000825,M010,2026-06-19,0,0,0,764,764,0,0,24,UNDER_DEVELOPMENT,0,DEMO_SYNTHETIC
PROD-000826,M010,2026-06-20,0,0,0,1884,1884,0,0,24,UNDER_DEVELOPMENT,0,DEMO_SYNTHETIC
PROD-000827,M010,2026-06-21,0,0,0,1652,1652,0,0,24,UNDER_DEVELOPMENT,0,DEMO_SYNTHETIC
PROD-000828,M010,2026-06-22,0,0,0,1974,1974,0,0,24,UNDER_DEVELOPMENT,0,DEMO_SYNTHETIC
PROD-000829,M010,2026-06-23,0,0,0,1126,1126,0,0,24,UNDER_DEVELOPMENT,0,DEMO_SYNTHETIC
PROD-000830,M010,2026-06-24,0,0,0,493,493,0,0,24,UNDER_DEVELOPMENT,0,DEMO_SYNTHETIC
PROD-000831,M010,2026-06-25,0,0,0,1090,1090,0,0,24,UNDER_DEVELOPMENT,0,DEMO_SYNTHETIC
PROD-000832,M010,2026-06-26,0,0,0,1728,1728,0,0,24,UNDER_DEVELOPMENT,0,DEMO_SYNTHETIC
PROD-000833,M010,2026-06-27,0,0,0,429,429,0,0,24,UNDER_DEVELOPMENT,0,DEMO_SYNTHETIC
PROD-000834,M010,2026-06-28,0,0,0,1312,1312,0,0,24,UNDER_DEVELOPMENT,0,DEMO_SYNTHETIC
PROD-000835,M010,2026-06-29,0,0,0,1743,1743,0,0,24,UNDER_DEVELOPMENT,0,DEMO_SYNTHETIC
PROD-000836,M010,2026-06-30,0,0,0,863,863,0,0,24,UNDER_DEVELOPMENT,0,DEMO_SYNTHETIC
PROD-000837,M010,2026-07-01,0,0,0,1752,1752,0,0,24,UNDER_DEVELOPMENT,0,DEMO_SYNTHETIC
PROD-000838,M010,2026-07-02,0,0,0,889,889,0,0,24,UNDER_DEVELOPMENT,0,DEMO_SYNTHETIC
PROD-000839,M010,2026-07-03,0,0,0,1238,1238,0,0,24,UNDER_DEVELOPMENT,0,DEMO_SYNTHETIC
PROD-000840,M010,2026-07-04,0,0,0,1568,1568,0,0,24,UNDER_DEVELOPMENT,0,DEMO_SYNTHETIC
PROD-000841,M010,2026-07-05,0,0,0,910,910,0,0,24,UNDER_DEVELOPMENT,0,DEMO_SYNTHETIC
PROD-000842,M010,2026-07-06,0,0,0,1874,1874,0,0,24,UNDER_DEVELOPMENT,0,DEMO_SYNTHETIC
PROD-000843,M010,2026-07-07,0,0,0,791,791,0,0,24,UNDER_DEVELOPMENT,0,DEMO_SYNTHETIC
PROD-000844,M010,2026-07-08,0,0,0,1495,1495,0,0,24,UNDER_DEVELOPMENT,0,DEMO_SYNTHETIC
PROD-000845,M010,2026-07-09,0,0,0,1715,1715,0,0,24,UNDER_DEVELOPMENT,0,DEMO_SYNTHETIC
PROD-000846,M010,2026-07-10,0,0,0,1859,1859,0,0,24,UNDER_DEVELOPMENT,0,DEMO_SYNTHETIC
PROD-000847,M010,2026-07-11,0,0,0,49,49,0,0,24,UNDER_DEVELOPMENT,0,DEMO_SYNTHETIC
PROD-000848,M010,2026-07-12,0,0,0,1311,1311,0,0,24,UNDER_DEVELOPMENT,0,DEMO_SYNTHETIC
PROD-000849,M010,2026-07-13,0,0,0,236,236,0,0,24,UNDER_DEVELOPMENT,0,DEMO_SYNTHETIC
PROD-000850,M010,2026-07-14,0,0,0,1787,1787,0,0,24,UNDER_DEVELOPMENT,0,DEMO_SYNTHETIC
PROD-000851,M010,2026-07-15,0,0,0,1684,1684,0,0,24,UNDER_DEVELOPMENT,0,DEMO_SYNTHETIC
PROD-000852,M010,2026-07-16,0,0,0,814,814,0,0,24,UNDER_DEVELOPMENT,0,DEMO_SYNTHETIC
PROD-000853,M010,2026-07-17,0,0,0,899,899,0,0,24,UNDER_DEVELOPMENT,0,DEMO_SYNTHETIC
PROD-000854,M010,2026-07-18,0,0,0,906,906,0,0,24,UNDER_DEVELOPMENT,0,DEMO_SYNTHETIC
PROD-000855,M010,2026-07-19,0,0,0,1858,1858,0,0,24,UNDER_DEVELOPMENT,0,DEMO_SYNTHETIC
PROD-000856,M010,2026-07-20,0,0,0,429,429,0,0,24,UNDER_DEVELOPMENT,0,DEMO_SYNTHETIC
PROD-000857,M010,2026-07-21,0,0,0,656,656,0,0,24,UNDER_DEVELOPMENT,0,DEMO_SYNTHETIC
PROD-000858,M010,2026-07-22,0,0,0,159,159,0,0,24,UNDER_DEVELOPMENT,0,DEMO_SYNTHETIC
PROD-000859,M010,2026-07-23,0,0,0,431,431,0,0,24,UNDER_DEVELOPMENT,0,DEMO_SYNTHETIC
PROD-000860,M010,2026-07-24,0,0,0,646,646,0,0,24,UNDER_DEVELOPMENT,0,DEMO_SYNTHETIC
PROD-000861,M010,2026-07-25,0,0,0,1786,1786,0,0,24,UNDER_DEVELOPMENT,0,DEMO_SYNTHETIC
PROD-000862,M010,2026-07-26,0,0,0,809,809,0,0,24,UNDER_DEVELOPMENT,0,DEMO_SYNTHETIC
PROD-000863,M010,2026-07-27,0,0,0,1175,1175,0,0,24,UNDER_DEVELOPMENT,0,DEMO_SYNTHETIC
PROD-000864,M010,2026-07-28,0,0,0,17,17,0,0,24,UNDER_DEVELOPMENT,0,DEMO_SYNTHETIC
PROD-000865,M010,2026-07-29,0,0,0,1080,1080,0,0,24,UNDER_DEVELOPMENT,0,DEMO_SYNTHETIC
PROD-000866,M010,2026-07-30,0,0,0,1814,1814,0,0,24,UNDER_DEVELOPMENT,0,DEMO_SYNTHETIC
PROD-000867,M010,2026-07-31,0,0,0,660,660,0,0,24,UNDER_DEVELOPMENT,0,DEMO_SYNTHETIC
PROD-000868,M010,2026-08-01,0,0,0,1665,1665,0,0,24,UNDER_DEVELOPMENT,0,DEMO_SYNTHETIC
PROD-000869,M010,2026-08-02,0,0,0,120,120,0,0,24,UNDER_DEVELOPMENT,0,DEMO_SYNTHETIC
PROD-000870,M010,2026-08-03,0,0,0,5,5,0,0,24,UNDER_DEVELOPMENT,0,DEMO_SYNTHETIC
PROD-000871,M010,2026-08-04,0,0,0,1572,1572,0,0,24,UNDER_DEVELOPMENT,0,DEMO_SYNTHETIC
PROD-000872,M010,2026-08-05,0,0,0,124,124,0,0,24,UNDER_DEVELOPMENT,0,DEMO_SYNTHETIC
PROD-000873,M010,2026-08-06,0,0,0,1241,1241,0,0,24,UNDER_DEVELOPMENT,0,DEMO_SYNTHETIC
PROD-000874,M010,2026-08-07,0,0,0,605,605,0,0,24,UNDER_DEVELOPMENT,0,DEMO_SYNTHETIC
PROD-000875,M010,2026-08-08,0,0,0,587,587,0,0,24,UNDER_DEVELOPMENT,0,DEMO_SYNTHETIC
PROD-000876,M010,2026-08-09,0,0,0,1446,1446,0,0,24,UNDER_DEVELOPMENT,0,DEMO_SYNTHETIC
PROD-000877,M010,2026-08-10,0,0,0,1351,1351,0,0,24,UNDER_DEVELOPMENT,0,DEMO_SYNTHETIC
PROD-000878,M010,2026-08-11,0,0,0,430,430,0,0,24,UNDER_DEVELOPMENT,0,DEMO_SYNTHETIC
PROD-000879,M010,2026-08-12,0,0,0,1125,1125,0,0,24,UNDER_DEVELOPMENT,0,DEMO_SYNTHETIC
PROD-000880,M010,2026-08-13,0,0,0,338,338,0,0,24,UNDER_DEVELOPMENT,0,DEMO_SYNTHETIC
PROD-000881,M010,2026-08-14,0,0,0,1838,1838,0,0,24,UNDER_DEVELOPMENT,0,DEMO_SYNTHETIC
PROD-000882,M010,2026-08-15,0,0,0,1482,1482,0,0,24,UNDER_DEVELOPMENT,0,DEMO_SYNTHETIC
PROD-000883,M010,2026-08-16,0,0,0,105,105,0,0,24,UNDER_DEVELOPMENT,0,DEMO_SYNTHETIC
PROD-000884,M010,2026-08-17,0,0,0,1839,1839,0,0,24,UNDER_DEVELOPMENT,0,DEMO_SYNTHETIC
PROD-000885,M010,2026-08-18,0,0,0,384,384,0,0,24,UNDER_DEVELOPMENT,0,DEMO_SYNTHETIC
PROD-000886,M010,2026-08-19,0,0,0,5,5,0,0,24,UNDER_DEVELOPMENT,0,DEMO_SYNTHETIC
PROD-000887,M010,2026-08-20,0,0,0,1894,1894,0,0,24,UNDER_DEVELOPMENT,0,DEMO_SYNTHETIC
PROD-000888,M010,2026-08-21,0,0,0,1,1,0,0,24,UNDER_DEVELOPMENT,0,DEMO_SYNTHETIC
PROD-000889,M010,2026-08-22,0,0,0,1888,1888,0,0,24,UNDER_DEVELOPMENT,0,DEMO_SYNTHETIC
PROD-000890,M010,2026-08-23,0,0,0,748,748,0,0,24,UNDER_DEVELOPMENT,0,DEMO_SYNTHETIC
PROD-000891,M010,2026-08-24,0,0,0,10,10,0,0,24,UNDER_DEVELOPMENT,0,DEMO_SYNTHETIC
PROD-000892,M010,2026-08-25,0,0,0,606,606,0,0,24,UNDER_DEVELOPMENT,0,DEMO_SYNTHETIC
PROD-000893,M010,2026-08-26,0,0,0,1494,1494,0,0,24,UNDER_DEVELOPMENT,0,DEMO_SYNTHETIC
PROD-000894,M010,2026-08-27,0,0,0,1608,1608,0,0,24,UNDER_DEVELOPMENT,0,DEMO_SYNTHETIC
PROD-000895,M010,2026-08-28,0,0,0,1829,1829,0,0,24,UNDER_DEVELOPMENT,0,DEMO_SYNTHETIC
PROD-000896,M010,2026-08-29,0,0,0,1665,1665,0,0,24,UNDER_DEVELOPMENT,0,DEMO_SYNTHETIC
PROD-000897,M010,2026-08-30,0,0,0,136,136,0,0,24,UNDER_DEVELOPMENT,0,DEMO_SYNTHETIC
PROD-000898,M010,2026-08-31,0,0,0,1310,1310,0,0,24,UNDER_DEVELOPMENT,0,DEMO_SYNTHETIC
PROD-000899,M010,2026-09-01,0,0,0,394,394,0,0,24,UNDER_DEVELOPMENT,0,DEMO_SYNTHETIC
PROD-000900,M010,2026-09-02,0,0,0,1892,1892,0,0,24,UNDER_DEVELOPMENT,0,DEMO_SYNTHETIC
PROD-000901,M011,2026-06-05,10411.0,10936.2,9819.0,27378.6,28495.8,24322.3,0,5.6,,105.04,DEMO_SYNTHETIC
PROD-000902,M011,2026-06-06,10411.0,9849.8,8849.2,38640.0,39640.6,36848.6,561.2,2.8,,94.61,DEMO_SYNTHETIC
PROD-000903,M011,2026-06-07,10411.0,9769.3,8516.5,12599.8,13852.6,34780.2,641.7,1.3,,93.84,DEMO_SYNTHETIC
PROD-000904,M011,2026-06-08,10411.0,8741.1,7594.2,17111.7,18258.6,24349.9,1669.9,3.6,,83.96,DEMO_SYNTHETIC
PROD-000905,M011,2026-06-09,10411.0,9408.5,8836.7,11345.9,11917.7,25661.6,1002.5,2.3,,90.37,DEMO_SYNTHETIC
PROD-000906,M011,2026-06-10,10411.0,10181.1,9091.4,39282.1,40371.8,29032.5,229.9,4.0,,97.79,DEMO_SYNTHETIC
PROD-000907,M011,2026-06-11,10411.0,9116.6,7607.6,17233.0,18742.0,18480.7,1294.4,3.0,,87.57,DEMO_SYNTHETIC
PROD-000908,M011,2026-06-12,10411.0,11624.3,10300.5,29792.3,31116.1,14363.7,0,3.1,,111.65,DEMO_SYNTHETIC
PROD-000909,M011,2026-06-13,10411.0,10243.6,8857.5,13796.0,15182.1,20216.2,167.4,3.5,,98.39,DEMO_SYNTHETIC
PROD-000910,M011,2026-06-14,10411.0,8277.0,7202.3,16003.8,17078.5,23073.3,2134.0,2.4,Manpower Constraint,79.5,DEMO_SYNTHETIC
PROD-000911,M011,2026-06-15,10411.0,8938.0,7635.2,8085.2,9388.0,12021.9,1473.0,2.7,,85.85,DEMO_SYNTHETIC
PROD-000912,M011,2026-06-16,10411.0,9453.1,8394.6,28537.5,29596.0,22138.7,957.9,3.5,,90.8,DEMO_SYNTHETIC
PROD-000913,M011,2026-06-17,10411.0,9116.7,8592.7,19379.1,19903.1,11644.4,1294.3,2.0,,87.57,DEMO_SYNTHETIC
PROD-000914,M011,2026-06-18,10411.0,8933.3,7484.1,39539.7,40988.9,28241.1,1477.7,3.5,,85.81,DEMO_SYNTHETIC
PROD-000915,M011,2026-06-19,10411.0,9682.2,8233.5,37423.2,38871.9,23588.4,728.8,2.6,,93.0,DEMO_SYNTHETIC
PROD-000916,M011,2026-06-20,10411.0,11123.5,9240.6,12626.9,14509.8,16853.0,0,3.9,,106.84,DEMO_SYNTHETIC
PROD-000917,M011,2026-06-21,10411.0,9998.8,9580.9,42063.7,42481.6,23658.9,412.2,0,,96.04,DEMO_SYNTHETIC
PROD-000918,M011,2026-06-22,10411.0,9834.7,9355.5,9887.4,10366.6,30441.3,576.3,1.2,,94.46,DEMO_SYNTHETIC
PROD-000919,M011,2026-06-23,10411.0,11792.2,9900.8,35107.8,36999.2,44714.5,0,1.0,,113.27,DEMO_SYNTHETIC
PROD-000920,M011,2026-06-24,10411.0,11249.7,9909.0,27030.1,28370.8,38820.2,0,1.7,,108.06,DEMO_SYNTHETIC
PROD-000921,M011,2026-06-25,10411.0,10667.0,10067.7,39826.5,40425.8,27741.3,0,2.0,,102.46,DEMO_SYNTHETIC
PROD-000922,M011,2026-06-26,10411.0,9522.2,8188.5,19372.2,20705.9,28163.4,888.8,0,,91.46,DEMO_SYNTHETIC
PROD-000923,M011,2026-06-27,10411.0,9967.0,9222.5,17537.7,18282.2,18520.8,444.0,2.2,,95.74,DEMO_SYNTHETIC
PROD-000924,M011,2026-06-28,10411.0,9731.7,8071.3,15088.3,16748.7,32316.0,679.3,1.2,,93.48,DEMO_SYNTHETIC
PROD-000925,M011,2026-06-29,10411.0,10448.3,9016.5,30095.6,31527.4,29138.9,0,3.0,,100.36,DEMO_SYNTHETIC
PROD-000926,M011,2026-06-30,10411.0,9452.9,7951.7,23195.3,24696.5,24368.6,958.1,1.4,,90.8,DEMO_SYNTHETIC
PROD-000927,M011,2026-07-01,10411.0,8793.8,7387.6,28109.7,29515.9,13325.9,1617.2,4.2,,84.47,DEMO_SYNTHETIC
PROD-000928,M011,2026-07-02,10411.0,10693.1,10028.9,34854.5,35518.7,39990.0,0,7.2,,102.71,DEMO_SYNTHETIC
PROD-000929,M011,2026-07-03,10411.0,11427.8,9383.7,28928.3,30972.4,32795.1,0,1.8,,109.77,DEMO_SYNTHETIC
PROD-000930,M011,2026-07-04,10411.0,10912.4,10351.3,20215.3,20776.4,34048.1,0,0,,104.82,DEMO_SYNTHETIC
PROD-000931,M011,2026-07-05,10411.0,10275.3,9780.8,23217.3,23711.8,36892.6,135.7,3.2,,98.7,DEMO_SYNTHETIC
PROD-000932,M011,2026-07-06,10411.0,10208.0,8810.1,31476.6,32874.5,16780.5,203.0,3.4,,98.05,DEMO_SYNTHETIC
PROD-000933,M011,2026-07-07,10411.0,9753.9,8725.4,15829.5,16858.0,25579.3,657.1,2.6,,93.69,DEMO_SYNTHETIC
PROD-000934,M011,2026-07-08,10411.0,10887.8,10569.1,38716.3,39035.0,25088.6,0,0.6,,104.58,DEMO_SYNTHETIC
PROD-000935,M011,2026-07-09,10411.0,9466.8,9113.1,16559.4,16913.1,32861.3,944.2,0.1,,90.93,DEMO_SYNTHETIC
PROD-000936,M011,2026-07-10,10411.0,9253.1,8486.1,24074.5,24841.5,11269.5,1157.9,1.6,,88.88,DEMO_SYNTHETIC
PROD-000937,M011,2026-07-11,10411.0,9169.2,8753.0,37180.0,37596.2,33248.4,1241.8,3.1,,88.07,DEMO_SYNTHETIC
PROD-000938,M011,2026-07-12,10411.0,9636.3,8852.3,12034.2,12818.2,13317.4,774.7,0.8,,92.56,DEMO_SYNTHETIC
PROD-000939,M011,2026-07-13,10411.0,11605.4,10983.0,44446.9,45069.3,22241.3,0,0,,111.47,DEMO_SYNTHETIC
PROD-000940,M011,2026-07-14,10411.0,9674.7,8317.5,37292.4,38649.6,25006.7,736.3,2.1,,92.93,DEMO_SYNTHETIC
PROD-000941,M011,2026-07-15,10411.0,11078.3,9514.7,12780.5,14344.1,15059.7,0,1.5,,106.41,DEMO_SYNTHETIC
PROD-000942,M011,2026-07-16,10411.0,11626.4,10319.3,22790.6,24097.7,40016.3,0,2.6,,111.67,DEMO_SYNTHETIC
PROD-000943,M011,2026-07-17,10411.0,9380.3,8115.1,33773.3,35038.5,26056.1,1030.7,0,,90.1,DEMO_SYNTHETIC
PROD-000944,M011,2026-07-18,10411.0,11602.9,10408.8,34540.3,35734.4,34039.3,0,2.2,,111.45,DEMO_SYNTHETIC
PROD-000945,M011,2026-07-19,10411.0,8651.6,8368.9,32827.6,33110.3,12374.4,1759.4,4.2,,83.1,DEMO_SYNTHETIC
PROD-000946,M011,2026-07-20,10411.0,10698.8,8886.1,34100.5,35913.2,13219.8,0,3.3,,102.76,DEMO_SYNTHETIC
PROD-000947,M011,2026-07-21,10411.0,10788.4,8966.6,41069.8,42891.6,34004.6,0,1.6,,103.63,DEMO_SYNTHETIC
PROD-000948,M011,2026-07-22,10411.0,11258.4,9734.6,23026.1,24549.9,34960.5,0,5.3,,108.14,DEMO_SYNTHETIC
PROD-000949,M011,2026-07-23,10411.0,11626.4,10609.9,37406.2,38422.7,26994.2,0,0.4,,111.67,DEMO_SYNTHETIC
PROD-000950,M011,2026-07-24,10411.0,8799.5,8222.4,33120.8,33697.9,14508.3,1611.5,2.3,,84.52,DEMO_SYNTHETIC
PROD-000951,M011,2026-07-25,10411.0,10284.8,9477.2,24777.2,25584.8,23030.8,126.2,0.9,,98.79,DEMO_SYNTHETIC
PROD-000952,M011,2026-07-26,10411.0,9282.4,8782.0,8427.2,8927.6,20846.9,1128.6,2.9,,89.16,DEMO_SYNTHETIC
PROD-000953,M011,2026-07-27,10411.0,10275.1,8640.7,39345.9,40980.3,37115.4,135.9,2.5,,98.69,DEMO_SYNTHETIC
PROD-000954,M011,2026-07-28,10411.0,10842.0,10510.7,35418.0,35749.3,21464.1,0,3.7,,104.14,DEMO_SYNTHETIC
PROD-000955,M011,2026-07-29,10411.0,10384.5,8721.6,38946.0,40608.9,37011.4,26.5,2.2,,99.75,DEMO_SYNTHETIC
PROD-000956,M011,2026-07-30,10411.0,9120.9,8016.5,34498.4,35602.8,16694.4,1290.1,4.8,,87.61,DEMO_SYNTHETIC
PROD-000957,M011,2026-07-31,10411.0,11049.9,9788.1,44261.7,45523.5,39691.2,0,3.1,,106.14,DEMO_SYNTHETIC
PROD-000958,M011,2026-08-01,10411.0,11256.3,9362.3,28311.6,30205.6,31296.8,0,0.3,,108.12,DEMO_SYNTHETIC
PROD-000959,M011,2026-08-02,10411.0,9370.0,8894.1,37961.4,38437.3,20167.3,1041.0,1.7,,90.0,DEMO_SYNTHETIC
PROD-000960,M011,2026-08-03,10411.0,9867.9,9654.4,24577.9,24791.4,12294.0,543.1,0.2,,94.78,DEMO_SYNTHETIC
PROD-000961,M011,2026-08-04,10411.0,8503.1,7845.3,31739.6,32397.4,22720.9,1907.9,0,,81.67,DEMO_SYNTHETIC
PROD-000962,M011,2026-08-05,10411.0,10410.6,8662.7,8166.4,9914.3,15045.0,0.4,4.7,,100.0,DEMO_SYNTHETIC
PROD-000963,M011,2026-08-06,10411.0,10935.6,10240.3,29072.3,29767.6,25206.0,0,0.6,,105.04,DEMO_SYNTHETIC
PROD-000964,M011,2026-08-07,10411.0,9578.7,8764.2,27961.0,28775.5,16866.0,832.3,3.2,,92.01,DEMO_SYNTHETIC
PROD-000965,M011,2026-08-08,10411.0,10593.8,8819.0,22729.1,24503.9,37941.0,0,0.8,,101.76,DEMO_SYNTHETIC
PROD-000966,M011,2026-08-09,10411.0,8972.9,7515.4,44531.8,45989.3,21166.2,1438.1,0.7,,86.19,DEMO_SYNTHETIC
PROD-000967,M011,2026-08-10,10411.0,7970.7,6834.0,20216.9,21353.6,29140.9,2440.3,3.6,Heavy Rainfall,76.56,DEMO_SYNTHETIC
PROD-000968,M011,2026-08-11,10411.0,9960.6,9528.8,40636.9,41068.7,15108.3,450.4,0.4,,95.67,DEMO_SYNTHETIC
PROD-000969,M011,2026-08-12,10411.0,10223.5,9289.5,23263.4,24197.4,23665.0,187.5,3.5,,98.2,DEMO_SYNTHETIC
PROD-000970,M011,2026-08-13,10411.0,9561.8,9058.0,42534.5,43038.3,17122.7,849.2,2.3,,91.84,DEMO_SYNTHETIC
PROD-000971,M011,2026-08-14,10411.0,9946.2,8794.6,14186.2,15337.8,22096.3,464.8,2.0,,95.54,DEMO_SYNTHETIC
PROD-000972,M011,2026-08-15,10411.0,9758.7,9443.3,30277.6,30593.0,16633.7,652.3,2.9,,93.73,DEMO_SYNTHETIC
PROD-000973,M011,2026-08-16,10411.0,9891.9,9692.8,8404.5,8603.6,25141.8,519.1,1.5,,95.01,DEMO_SYNTHETIC
PROD-000974,M011,2026-08-17,10411.0,10536.4,9265.5,12455.3,13726.2,30152.4,0,3.0,,101.2,DEMO_SYNTHETIC
PROD-000975,M011,2026-08-18,10411.0,8634.1,8397.8,36274.1,36510.4,31510.5,1776.9,0.9,,82.93,DEMO_SYNTHETIC
PROD-000976,M011,2026-08-19,10411.0,9909.4,8637.8,18255.6,19527.2,35179.3,501.6,0.6,,95.18,DEMO_SYNTHETIC
PROD-000977,M011,2026-08-20,10411.0,10824.3,9767.5,21681.9,22738.7,17231.8,0,3.8,,103.97,DEMO_SYNTHETIC
PROD-000978,M011,2026-08-21,10411.0,10406.2,8602.0,30758.6,32562.8,35153.2,4.8,2.6,,99.95,DEMO_SYNTHETIC
PROD-000979,M011,2026-08-22,10411.0,10993.5,9385.6,20977.1,22585.0,41552.0,0,1.3,,105.6,DEMO_SYNTHETIC
PROD-000980,M011,2026-08-23,10411.0,9770.6,9225.8,14759.9,15304.7,35052.8,640.4,2.0,,93.85,DEMO_SYNTHETIC
PROD-000981,M011,2026-08-24,10411.0,9957.4,8689.5,43788.4,45056.3,25212.1,453.6,2.4,,95.64,DEMO_SYNTHETIC
PROD-000982,M011,2026-08-25,10411.0,10302.5,9052.6,13953.9,15203.8,29816.0,108.5,0,,98.96,DEMO_SYNTHETIC
PROD-000983,M011,2026-08-26,10411.0,9980.5,9153.3,13365.3,14192.5,24609.2,430.5,0,,95.86,DEMO_SYNTHETIC
PROD-000984,M011,2026-08-27,10411.0,10793.1,10194.4,8250.8,8849.5,30649.5,0,1.8,,103.67,DEMO_SYNTHETIC
PROD-000985,M011,2026-08-28,10411.0,8697.7,7137.4,17142.4,18702.7,19249.5,1713.3,1.5,,83.54,DEMO_SYNTHETIC
PROD-000986,M011,2026-08-29,10411.0,9409.4,7751.1,8770.2,10428.5,24003.1,1001.6,3.0,,90.38,DEMO_SYNTHETIC
PROD-000987,M011,2026-08-30,10411.0,11964.0,10744.6,37039.1,38258.5,20587.4,0,1.4,,114.92,DEMO_SYNTHETIC
PROD-000988,M011,2026-08-31,10411.0,9515.5,8590.2,30133.5,31058.8,17354.7,895.5,3.5,,91.4,DEMO_SYNTHETIC
PROD-000989,M011,2026-09-01,10411.0,10965.1,9232.1,16434.9,18167.9,24872.6,0,2.4,,105.32,DEMO_SYNTHETIC
PROD-000990,M011,2026-09-02,10411.0,9590.5,8456.8,27218.6,28352.3,28343.6,820.5,1.6,,92.12,DEMO_SYNTHETIC
PROD-000991,M012,2026-06-05,0,0,0,1947,1947,0,0,24,FINAL_CLOSURE,0,DEMO_SYNTHETIC
PROD-000992,M012,2026-06-06,0,0,0,1049,1049,0,0,24,FINAL_CLOSURE,0,DEMO_SYNTHETIC
PROD-000993,M012,2026-06-07,0,0,0,215,215,0,0,24,FINAL_CLOSURE,0,DEMO_SYNTHETIC
PROD-000994,M012,2026-06-08,0,0,0,1712,1712,0,0,24,FINAL_CLOSURE,0,DEMO_SYNTHETIC
PROD-000995,M012,2026-06-09,0,0,0,1627,1627,0,0,24,FINAL_CLOSURE,0,DEMO_SYNTHETIC
PROD-000996,M012,2026-06-10,0,0,0,1124,1124,0,0,24,FINAL_CLOSURE,0,DEMO_SYNTHETIC
PROD-000997,M012,2026-06-11,0,0,0,1156,1156,0,0,24,FINAL_CLOSURE,0,DEMO_SYNTHETIC
PROD-000998,M012,2026-06-12,0,0,0,511,511,0,0,24,FINAL_CLOSURE,0,DEMO_SYNTHETIC
PROD-000999,M012,2026-06-13,0,0,0,1598,1598,0,0,24,FINAL_CLOSURE,0,DEMO_SYNTHETIC
PROD-001000,M012,2026-06-14,0,0,0,1556,1556,0,0,24,FINAL_CLOSURE,0,DEMO_SYNTHETIC
PROD-001001,M012,2026-06-15,0,0,0,1060,1060,0,0,24,FINAL_CLOSURE,0,DEMO_SYNTHETIC
PROD-001002,M012,2026-06-16,0,0,0,1086,1086,0,0,24,FINAL_CLOSURE,0,DEMO_SYNTHETIC
PROD-001003,M012,2026-06-17,0,0,0,1393,1393,0,0,24,FINAL_CLOSURE,0,DEMO_SYNTHETIC
PROD-001004,M012,2026-06-18,0,0,0,1996,1996,0,0,24,FINAL_CLOSURE,0,DEMO_SYNTHETIC
PROD-001005,M012,2026-06-19,0,0,0,729,729,0,0,24,FINAL_CLOSURE,0,DEMO_SYNTHETIC
PROD-001006,M012,2026-06-20,0,0,0,1992,1992,0,0,24,FINAL_CLOSURE,0,DEMO_SYNTHETIC
PROD-001007,M012,2026-06-21,0,0,0,1561,1561,0,0,24,FINAL_CLOSURE,0,DEMO_SYNTHETIC
PROD-001008,M012,2026-06-22,0,0,0,159,159,0,0,24,FINAL_CLOSURE,0,DEMO_SYNTHETIC
PROD-001009,M012,2026-06-23,0,0,0,1939,1939,0,0,24,FINAL_CLOSURE,0,DEMO_SYNTHETIC
PROD-001010,M012,2026-06-24,0,0,0,1382,1382,0,0,24,FINAL_CLOSURE,0,DEMO_SYNTHETIC
PROD-001011,M012,2026-06-25,0,0,0,205,205,0,0,24,FINAL_CLOSURE,0,DEMO_SYNTHETIC
PROD-001012,M012,2026-06-26,0,0,0,130,130,0,0,24,FINAL_CLOSURE,0,DEMO_SYNTHETIC
PROD-001013,M012,2026-06-27,0,0,0,454,454,0,0,24,FINAL_CLOSURE,0,DEMO_SYNTHETIC
PROD-001014,M012,2026-06-28,0,0,0,458,458,0,0,24,FINAL_CLOSURE,0,DEMO_SYNTHETIC
PROD-001015,M012,2026-06-29,0,0,0,1669,1669,0,0,24,FINAL_CLOSURE,0,DEMO_SYNTHETIC
PROD-001016,M012,2026-06-30,0,0,0,212,212,0,0,24,FINAL_CLOSURE,0,DEMO_SYNTHETIC
PROD-001017,M012,2026-07-01,0,0,0,484,484,0,0,24,FINAL_CLOSURE,0,DEMO_SYNTHETIC
PROD-001018,M012,2026-07-02,0,0,0,1895,1895,0,0,24,FINAL_CLOSURE,0,DEMO_SYNTHETIC
PROD-001019,M012,2026-07-03,0,0,0,1875,1875,0,0,24,FINAL_CLOSURE,0,DEMO_SYNTHETIC
PROD-001020,M012,2026-07-04,0,0,0,1712,1712,0,0,24,FINAL_CLOSURE,0,DEMO_SYNTHETIC
PROD-001021,M012,2026-07-05,0,0,0,1900,1900,0,0,24,FINAL_CLOSURE,0,DEMO_SYNTHETIC
PROD-001022,M012,2026-07-06,0,0,0,615,615,0,0,24,FINAL_CLOSURE,0,DEMO_SYNTHETIC
PROD-001023,M012,2026-07-07,0,0,0,1340,1340,0,0,24,FINAL_CLOSURE,0,DEMO_SYNTHETIC
PROD-001024,M012,2026-07-08,0,0,0,1776,1776,0,0,24,FINAL_CLOSURE,0,DEMO_SYNTHETIC
PROD-001025,M012,2026-07-09,0,0,0,1722,1722,0,0,24,FINAL_CLOSURE,0,DEMO_SYNTHETIC
PROD-001026,M012,2026-07-10,0,0,0,143,143,0,0,24,FINAL_CLOSURE,0,DEMO_SYNTHETIC
PROD-001027,M012,2026-07-11,0,0,0,1259,1259,0,0,24,FINAL_CLOSURE,0,DEMO_SYNTHETIC
PROD-001028,M012,2026-07-12,0,0,0,1413,1413,0,0,24,FINAL_CLOSURE,0,DEMO_SYNTHETIC
PROD-001029,M012,2026-07-13,0,0,0,1944,1944,0,0,24,FINAL_CLOSURE,0,DEMO_SYNTHETIC
PROD-001030,M012,2026-07-14,0,0,0,1359,1359,0,0,24,FINAL_CLOSURE,0,DEMO_SYNTHETIC
PROD-001031,M012,2026-07-15,0,0,0,1805,1805,0,0,24,FINAL_CLOSURE,0,DEMO_SYNTHETIC
PROD-001032,M012,2026-07-16,0,0,0,1346,1346,0,0,24,FINAL_CLOSURE,0,DEMO_SYNTHETIC
PROD-001033,M012,2026-07-17,0,0,0,253,253,0,0,24,FINAL_CLOSURE,0,DEMO_SYNTHETIC
PROD-001034,M012,2026-07-18,0,0,0,1816,1816,0,0,24,FINAL_CLOSURE,0,DEMO_SYNTHETIC
PROD-001035,M012,2026-07-19,0,0,0,222,222,0,0,24,FINAL_CLOSURE,0,DEMO_SYNTHETIC
PROD-001036,M012,2026-07-20,0,0,0,735,735,0,0,24,FINAL_CLOSURE,0,DEMO_SYNTHETIC
PROD-001037,M012,2026-07-21,0,0,0,887,887,0,0,24,FINAL_CLOSURE,0,DEMO_SYNTHETIC
PROD-001038,M012,2026-07-22,0,0,0,1944,1944,0,0,24,FINAL_CLOSURE,0,DEMO_SYNTHETIC
PROD-001039,M012,2026-07-23,0,0,0,1173,1173,0,0,24,FINAL_CLOSURE,0,DEMO_SYNTHETIC
PROD-001040,M012,2026-07-24,0,0,0,533,533,0,0,24,FINAL_CLOSURE,0,DEMO_SYNTHETIC
PROD-001041,M012,2026-07-25,0,0,0,285,285,0,0,24,FINAL_CLOSURE,0,DEMO_SYNTHETIC
PROD-001042,M012,2026-07-26,0,0,0,584,584,0,0,24,FINAL_CLOSURE,0,DEMO_SYNTHETIC
PROD-001043,M012,2026-07-27,0,0,0,1563,1563,0,0,24,FINAL_CLOSURE,0,DEMO_SYNTHETIC
PROD-001044,M012,2026-07-28,0,0,0,885,885,0,0,24,FINAL_CLOSURE,0,DEMO_SYNTHETIC
PROD-001045,M012,2026-07-29,0,0,0,1966,1966,0,0,24,FINAL_CLOSURE,0,DEMO_SYNTHETIC
PROD-001046,M012,2026-07-30,0,0,0,690,690,0,0,24,FINAL_CLOSURE,0,DEMO_SYNTHETIC
PROD-001047,M012,2026-07-31,0,0,0,1692,1692,0,0,24,FINAL_CLOSURE,0,DEMO_SYNTHETIC
PROD-001048,M012,2026-08-01,0,0,0,1132,1132,0,0,24,FINAL_CLOSURE,0,DEMO_SYNTHETIC
PROD-001049,M012,2026-08-02,0,0,0,161,161,0,0,24,FINAL_CLOSURE,0,DEMO_SYNTHETIC
PROD-001050,M012,2026-08-03,0,0,0,1998,1998,0,0,24,FINAL_CLOSURE,0,DEMO_SYNTHETIC
PROD-001051,M012,2026-08-04,0,0,0,605,605,0,0,24,FINAL_CLOSURE,0,DEMO_SYNTHETIC
PROD-001052,M012,2026-08-05,0,0,0,713,713,0,0,24,FINAL_CLOSURE,0,DEMO_SYNTHETIC
PROD-001053,M012,2026-08-06,0,0,0,532,532,0,0,24,FINAL_CLOSURE,0,DEMO_SYNTHETIC
PROD-001054,M012,2026-08-07,0,0,0,1905,1905,0,0,24,FINAL_CLOSURE,0,DEMO_SYNTHETIC
PROD-001055,M012,2026-08-08,0,0,0,637,637,0,0,24,FINAL_CLOSURE,0,DEMO_SYNTHETIC
PROD-001056,M012,2026-08-09,0,0,0,1962,1962,0,0,24,FINAL_CLOSURE,0,DEMO_SYNTHETIC
PROD-001057,M012,2026-08-10,0,0,0,1007,1007,0,0,24,FINAL_CLOSURE,0,DEMO_SYNTHETIC
PROD-001058,M012,2026-08-11,0,0,0,489,489,0,0,24,FINAL_CLOSURE,0,DEMO_SYNTHETIC
PROD-001059,M012,2026-08-12,0,0,0,1431,1431,0,0,24,FINAL_CLOSURE,0,DEMO_SYNTHETIC
PROD-001060,M012,2026-08-13,0,0,0,502,502,0,0,24,FINAL_CLOSURE,0,DEMO_SYNTHETIC
PROD-001061,M012,2026-08-14,0,0,0,1459,1459,0,0,24,FINAL_CLOSURE,0,DEMO_SYNTHETIC
PROD-001062,M012,2026-08-15,0,0,0,468,468,0,0,24,FINAL_CLOSURE,0,DEMO_SYNTHETIC
PROD-001063,M012,2026-08-16,0,0,0,1019,1019,0,0,24,FINAL_CLOSURE,0,DEMO_SYNTHETIC
PROD-001064,M012,2026-08-17,0,0,0,896,896,0,0,24,FINAL_CLOSURE,0,DEMO_SYNTHETIC
PROD-001065,M012,2026-08-18,0,0,0,246,246,0,0,24,FINAL_CLOSURE,0,DEMO_SYNTHETIC
PROD-001066,M012,2026-08-19,0,0,0,482,482,0,0,24,FINAL_CLOSURE,0,DEMO_SYNTHETIC
PROD-001067,M012,2026-08-20,0,0,0,783,783,0,0,24,FINAL_CLOSURE,0,DEMO_SYNTHETIC
PROD-001068,M012,2026-08-21,0,0,0,1898,1898,0,0,24,FINAL_CLOSURE,0,DEMO_SYNTHETIC
PROD-001069,M012,2026-08-22,0,0,0,173,173,0,0,24,FINAL_CLOSURE,0,DEMO_SYNTHETIC
PROD-001070,M012,2026-08-23,0,0,0,371,371,0,0,24,FINAL_CLOSURE,0,DEMO_SYNTHETIC
PROD-001071,M012,2026-08-24,0,0,0,1077,1077,0,0,24,FINAL_CLOSURE,0,DEMO_SYNTHETIC
PROD-001072,M012,2026-08-25,0,0,0,822,822,0,0,24,FINAL_CLOSURE,0,DEMO_SYNTHETIC
PROD-001073,M012,2026-08-26,0,0,0,677,677,0,0,24,FINAL_CLOSURE,0,DEMO_SYNTHETIC
PROD-001074,M012,2026-08-27,0,0,0,1158,1158,0,0,24,FINAL_CLOSURE,0,DEMO_SYNTHETIC
PROD-001075,M012,2026-08-28,0,0,0,1007,1007,0,0,24,FINAL_CLOSURE,0,DEMO_SYNTHETIC
PROD-001076,M012,2026-08-29,0,0,0,451,451,0,0,24,FINAL_CLOSURE,0,DEMO_SYNTHETIC
PROD-001077,M012,2026-08-30,0,0,0,1977,1977,0,0,24,FINAL_CLOSURE,0,DEMO_SYNTHETIC
PROD-001078,M012,2026-08-31,0,0,0,1793,1793,0,0,24,FINAL_CLOSURE,0,DEMO_SYNTHETIC
PROD-001079,M012,2026-09-01,0,0,0,786,786,0,0,24,FINAL_CLOSURE,0,DEMO_SYNTHETIC
PROD-001080,M012,2026-09-02,0,0,0,324,324,0,0,24,FINAL_CLOSURE,0,DEMO_SYNTHETIC
